policy_id,insured_id,snapshot_date,policy_effective_date,policy_expiration_date,coverage_type,vehicle_count,vehicle_avg_age,driver_count,driver_avg_age,years_in_business,prior_year_mileage_000,business_type,state,prior_apd_claim_count,prior_al_claim_count,prior_loss_amount,deductible,coverage_limit_000,annual_premium,payment_frequency,risk_score_external,num_heavy_vehicles,late_payment_count,first_claim_reported_date,claim_paid_amount_current_period,claim_status_current_period,days_to_first_claim_report,risk_score
POL-015001,INS-00258,2023-10-10,2023-07-23,2024-07-22,APD,10,5.0,8,36.0,29.1,271.3,construction,pa,0,0,0.0,250,300,14609.92,quarterly,98.95,4,0.0,,0.0,,0.0,0.5877875603507023
POL-016501,INS-00450,2024-01-23,2023-08-19,2024-08-18,AL,11,0.6,6,35.8,3.4,335.1,retail,co,1,3,24887.36,2500,500,15224.83,monthly,63.36,1,0.0,,0.0,,0.0,0.6939913406922441
POL-016502,INS-00468,2024-04-17,2023-11-03,2024-11-02,AL,11,4.4,1,34.3,2.7,196.9,service,fl,1,0,38832.65,500,500,20665.01,monthly,5.86,2,0.0,,0.0,,0.0,0.36684891886921756
POL-015002,INS-00015,2023-07-28,2023-02-12,2024-02-12,APD,9,7.8,8,48.0,2.9,407.3,construction,tx,0,1,12195.65,2500,500,16506.02,monthly,49.768,3,2.0,,0.0,,0.0,0.5948834688154654
POL-015003,INS-00512,2024-05-10,2024-04-09,2025-04-09,APD,5,5.0,7,42.8,4.2,137.8,trucking,ny,1,0,6682.99,250,100,4858.2,quarterly,76.84,2,2.0,,0.0,,0.0,0.4817730123314039
POL-016503,INS-00047,2024-03-22,2024-01-07,2025-01-06,AL,9,5.4,6,23.1,6.0,298.4,service,ga,0,0,0.0,5000,1000,26962.82,monthly,90.06,2,3.0,,0.0,,0.0,0.653465412437237
POL-016504,INS-00746,2023-12-11,2023-11-07,2024-11-06,AL,7,3.3,5,45.1,1.0,127.8,construction,ga,0,1,4140.67,500,300,36059.43,monthly,95.62,3,2.0,,0.0,,0.0,0.5878594044883619
POL-015004,INS-00231,2023-12-07,2023-07-18,2024-07-17,APD,12,4.2,9,27.6,1.1,245.8,construction,ga,1,0,8650.0,250,500,4071.91,annual,14.98,1,0.0,,0.0,,0.0,0.5206425598157391
POL-015005,INS-00259,2023-06-11,2023-04-04,2024-04-03,APD,9,9.5,6,48.2,2.6,419.3,service,pa,1,0,6484.67,1000,100,16776.12,monthly,40.63,2,0.0,,0.0,,0.0,0.6003128096127409
POL-016505,INS-00064,2023-12-16,2023-09-04,2024-09-03,AL,10,3.5,7,49.9,10.1,502.1,trucking,wa,2,0,30605.06,500,500,5494.87,annual,0.92,1,0.0,,0.0,,0.0,0.4263673982816411
POL-016506,INS-00738,2024-03-08,2023-12-19,2024-12-18,AL,8,3.5,5,38.1,17.7,110.3,trucking,tx,0,0,0.0,500,300,8340.87,quarterly,55.66,1,0.0,,0.0,,0.0,0.4450610782174182
POL-015006,INS-00020,2023-03-22,2023-02-26,2024-02-26,APD,5,4.1,3,0.0,9.7,58.5,construction,oh,1,0,19680.1,500,100,8246.49,monthly,88.77,0,2.0,,0.0,,0.0,0.5114654153885017
POL-015007,INS-00366,2023-10-14,2023-06-23,2024-06-22,APD,12,7.5,4,39.2,22.0,241.8,retail,il,1,0,37362.35,250,500,4726.43,annual,32.92,2,0.0,,0.0,,0.0,0.543194792327838
POL-016507,INS-00235,2024-05-18,2024-02-10,2025-02-09,AL,6,5.0,4,43.8,16.1,244.0,retail,ga,0,0,0.0,2500,300,12545.32,annual,27.25,0,3.0,9999-01-01,-999.0,INVALID,-999.0,0.3344163040948665
POL-016508,INS-00578,2023-10-09,2023-10-06,2024-10-05,AL,9,4.8,2,28.9,4.5,246.8,trucking,co,2,0,41151.78,1000,1000,12606.97,monthly,27.39,2,1.0,,0.0,,0.0,0.5006945070703394
POL-015008,INS-00128,2023-09-12,2023-08-10,2024-08-09,APD,7,11.8,4,31.2,1.0,285.9,other,oh,0,1,24972.3,250,100,13596.64,monthly,54.74,0,0.0,,0.0,,0.0,0.48541373358146184
POL-015009,INS-00021,2024-03-03,2023-11-22,2024-11-21,APD,10,5.3,3,41.8,5.8,222.4,trucking,az,0,0,0.0,5000,100,5574.78,annual,35.55,3,0.0,,0.0,,0.0,0.4437224688048021
POL-016509,INS-00324,2023-10-30,2023-10-16,2024-10-15,AL,14,5.9,6,44.7,2.9,176.8,trucking,fl,2,1,10587.2,5000,300,8458.79,annual,2.29,3,2.0,,0.0,,0.0,0.6271766586537428
POL-016510,INS-00620,2023-04-23,2022-12-04,2023-12-04,AL,5,9.9,6,38.2,4.7,201.3,other,fl,2,0,83329.65,1000,500,16077.97,missing,45.134166666666665,1,0.0,,0.0,,0.0,0.35440617856598045
POL-015010,INS-00723,2023-11-12,2023-09-20,2024-09-19,APD,6,5.1,4,45.7,1.5,66.9,trucking,pa,1,0,3580.99,250,100,5297.55,annual,8.55,1,0.0,,0.0,,0.0,0.3329530158563886
POL-015011,INS-00177,2024-05-20,2023-11-25,2024-11-24,APD,12,5.8,4,31.2,6.9,481.9,service,nc,0,0,0.0,250,300,20172.0,monthly,72.64,4,3.0,,0.0,,0.0,0.7297080302237368
POL-016511,INS-00046,2023-11-04,2023-08-28,2024-08-27,AL,7,10.1,6,38.2,4.8,90.4,trucking,ny,0,0,0.0,250,1000,8126.14,annual,46.26,2,0.0,,0.0,,0.0,0.42370286884267233
POL-016512,INS-00401,2024-04-09,2023-11-18,2024-11-17,AL,5,3.1,12,29.6,12.1,199.9,trucking,oh,1,0,34399.68,500,500,13314.68,quarterly,36.38,1,0.0,,0.0,,0.0,0.3665518836999183
POL-015012,INS-00748,2023-12-31,2023-12-20,2024-12-19,APD,7,2.4,5,40.4,16.3,118.7,other,oh,0,0,0.0,250,300,8251.38,quarterly,84.23,0,4.0,,0.0,,0.0,0.512978612170804
POL-016513,INS-00686,2023-06-15,2023-02-04,2024-02-04,AL,5,5.3,7,44.0,2.6,112.2,trucking,oh,1,0,6902.1,2500,300,4847.18,annual,60.67,1,0.0,,0.0,,0.0,0.36024040564467075
POL-015013,INS-00341,2023-09-30,2023-09-08,2024-09-07,APD,9,3.7,9,46.8,7.4,175.7,trucking,ca,0,0,0.0,5000,500,9375.37,annual,50.350069284064666,4,3.0,,0.0,,0.0,0.49830784332711225
POL-015014,INS-00193,2024-04-24,2023-10-29,2024-10-28,APD,9,10.8,8,33.9,2.4,273.9,retail,oh,0,0,0.0,250,100,2759.29,annual,35.51,1,1.0,,0.0,,0.0,0.4956466155001707
POL-016514,INS-00617,2023-07-09,2023-02-27,2024-02-27,AL,4,2.4,5,55.2,5.9,198.1,retail,fl,1,1,29940.06,1000,500,8841.82,quarterly,24.16,2,3.0,,0.0,,0.0,0.42646471840225897
POL-016515,INS-00559,2024-01-16,2023-12-10,2024-12-09,AL,7,1.1,11,43.6,2.4,201.6,trucking,oh,0,0,0.0,1000,500,9125.71,annual,76.08,1,0.0,,0.0,,0.0,0.44678007474654174
POL-015015,INS-00180,2023-09-03,2023-04-24,2024-04-23,APD,8,5.7,2,31.0,7.5,422.4,construction,il,0,2,4852.92,5000,500,12295.48,annual,49.768,1,3.0,,0.0,,0.0,0.5842748598123919
POL-015016,INS-00396,2023-11-18,2023-08-13,2024-08-12,APD,7,5.8,5,44.7,1.7,178.3,service,wa,0,1,13053.33,1000,300,6533.85,annual,99.43,0,0.0,,0.0,,0.0,0.5434224371929416
POL-016516,INS-00195,2023-02-12,2022-09-29,2023-09-29,AL,8,6.3,6,27.5,12.4,164.6,trucking,il,0,0,0.0,5000,300,14297.38,monthly,97.32,1,3.0,,0.0,,0.0,0.6098136400071847
POL-016517,INS-00084,2023-07-15,2023-04-29,2024-04-28,AL,7,5.9,3,40.7,22.4,198.6,service,pa,1,0,17712.24,1000,300,15451.6,quarterly,38.04,2,2.0,9999-01-01,-999.0,INVALID,-999.0,0.4201954462821641
POL-015017,INS-00371,2023-08-04,2023-06-14,2024-06-13,APD,10,0.0,8,38.6,6.5,0.0,service,il,0,0,0.0,2500,300,6333.92,annual,49.43019157088123,2,0.0,,0.0,,0.0,0.5092038324030094
POL-015018,INS-00388,2023-08-18,2023-04-25,2024-04-24,APD,8,10.7,9,49.2,23.4,93.2,trucking,ca,1,0,48687.09,500,100,15648.95,quarterly,62.47,2,0.0,,0.0,,0.0,0.5069454240878825
POL-016518,INS-00027,2023-08-02,2023-02-11,2024-02-11,AL,6,8.3,7,46.4,29.3,159.2,other,tx,0,0,0.0,250,500,17796.62,annual,31.13,1,1.0,,0.0,,0.0,0.2995719207518705
POL-016519,INS-00009,2023-04-04,2023-03-11,2024-03-10,AL,7,6.7,4,45.2,10.5,214.8,retail,fl,0,0,0.0,2500,1000,11345.83,quarterly,53.3,0,2.0,,0.0,,0.0,0.47966229649192277
POL-015019,INS-00530,2023-02-09,2022-12-12,2023-12-12,APD,5,3.3,7,27.4,5.2,0.0,service,co,1,0,18425.79,500,300,10638.01,monthly,66.78,1,2.0,,0.0,,0.0,0.541325768036232
POL-015020,INS-00070,2023-12-09,2023-10-15,2024-10-14,APD,10,4.0,4,34.6,37.9,528.0,trucking,fl,0,1,17230.84,500,500,5531.4,quarterly,49.15,2,1.0,,0.0,,0.0,0.5907793740291823
POL-016520,INS-00547,2023-03-05,2022-09-25,2023-09-25,AL,6,3.8,3,39.8,18.5,176.2,retail,nc,3,0,30208.37,250,500,5391.46,quarterly,48.37,2,0.0,,0.0,,0.0,0.39602932182567807
POL-016521,INS-00478,2024-05-13,2024-03-02,2025-03-02,AL,4,6.7,3,37.1,1.0,259.1,other,fl,0,0,0.0,500,500,16078.79,monthly,18.46,1,1.0,,0.0,,0.0,0.24436868877302734
POL-015021,INS-00005,2024-05-26,2024-01-25,2025-01-24,APD,7,2.8,6,52.6,14.2,354.8,trucking,fl,0,1,5718.55,5000,500,5716.8,monthly,80.47,0,2.0,9999-01-01,-999.0,INVALID,-999.0,0.5680275344040471
POL-015022,INS-00637,2024-05-05,2024-02-22,2025-02-21,APD,8,4.7,11,45.0,2.2,472.5,construction,az,0,0,0.0,2500,300,4933.65,annual,53.24,0,1.0,,0.0,,0.0,0.5484348132689079
POL-016522,INS-00742,2024-04-30,2023-12-12,2024-12-11,AL,3,4.9,4,29.8,26.7,62.0,retail,ga,0,0,0.0,250,500,9217.54,quarterly,95.86,0,0.0,,0.0,,0.0,0.3402808838556434
POL-016523,INS-00065,2023-12-03,2023-11-18,2024-11-17,AL,5,1.4,5,41.0,40.0,86.1,trucking,oh,1,4,0.0,500,300,20125.73,annual,0.85,1,0.0,,0.0,,0.0,0.4450864786621943
POL-015023,INS-00270,2023-05-23,2023-05-12,2024-05-11,APD,11,2.6,4,28.2,16.5,355.9,retail,ca,2,2,0.0,500,500,3885.72,annual,39.37,0,2.0,,0.0,,0.0,0.6411209478808352
POL-015024,INS-00243,2024-01-12,2023-11-14,2024-11-13,APD,10,3.0,4,0.0,5.0,594.8,trucking,oh,1,0,7924.32,2500,300,14751.82,annual,90.67,2,0.0,,0.0,,0.0,0.7434327522917994
POL-016524,INS-00246,2023-03-12,2022-10-13,2023-10-13,AL,4,4.8,3,45.8,9.1,108.2,retail,oh,0,0,0.0,2500,300,16136.12,monthly,72.05,0,0.0,,0.0,,0.0,0.290068166523076
POL-016525,INS-00620,2023-10-24,2023-07-23,2024-07-22,AL,6,4.3,5,40.1,4.9,136.2,retail,wa,0,0,0.0,2500,500,14424.7,quarterly,52.90282967032967,0,0.0,,0.0,,0.0,0.36287341550244573
POL-015025,INS-00191,2023-03-25,2023-02-09,2024-02-09,APD,8,8.7,3,42.9,1.0,166.3,service,wa,0,0,0.0,2500,100,9985.6,annual,36.41,3,0.0,,0.0,,0.0,0.4078990729971403
POL-015026,INS-00506,2023-07-12,2023-06-07,2024-06-06,APD,4,5.6,7,35.0,11.9,161.7,other,az,1,0,14946.21,2500,100,7320.0,annual,16.36,1,0.0,,0.0,,0.0,0.2562176025547162
POL-016526,INS-00243,2023-09-12,2023-03-24,2024-03-23,AL,6,9.4,3,44.8,12.6,170.3,retail,oh,0,1,25963.64,500,500,21248.97,annual,86.13,3,0.0,,0.0,,0.0,0.5143656437799725
POL-015027,INS-00266,2023-02-17,2022-12-26,2023-12-26,APD,11,10.9,6,42.8,20.0,256.6,retail,il,0,2,38922.6,250,100,8334.37,annual,17.59,2,2.0,,0.0,,0.0,0.5150004716638852
POL-016527,INS-00311,2023-08-28,2023-06-21,2024-06-20,AL,10,5.1,7,36.5,4.9,158.1,retail,wa,1,0,14775.04,2500,500,14512.46,monthly,70.17,2,1.0,,0.0,,0.0,0.5253294518344004
POL-016528,INS-00302,2024-01-17,2023-10-11,2024-10-10,AL,10,2.1,7,36.4,2.6,412.2,construction,fl,2,1,11735.21,5000,1000,6376.87,annual,31.43,1,1.0,,0.0,,0.0,0.6040800695081128
POL-015028,INS-00627,2023-08-02,2023-06-05,2024-06-04,APD,4,8.0,8,36.3,14.2,39.0,service,il,0,0,0.0,2500,100,3479.65,monthly,64.19,2,2.0,,0.0,,0.0,0.3572559514792107
POL-015029,INS-00572,2023-05-08,2022-11-29,2023-11-29,APD,7,1.6,5,35.1,14.6,63.3,service,il,0,1,13325.83,1000,500,9676.55,annual,78.16,0,0.0,,0.0,,0.0,0.44599340636899987
POL-016529,INS-00732,2023-06-05,2023-01-13,2024-01-13,AL,5,3.9,8,37.9,6.8,289.5,retail,pa,1,2,19101.55,2500,300,22196.93,monthly,4.65,1,0.0,,0.0,,0.0,0.34555262806295634
POL-016530,INS-00654,2023-03-26,2023-03-26,2024-03-25,AL,7,5.5,7,37.5,10.5,83.9,retail,wa,0,0,0.0,1000,300,11340.4,monthly,94.32,2,1.0,,0.0,,0.0,0.46414054473244143
POL-015030,INS-00705,2023-06-10,2023-04-28,2024-04-27,APD,6,7.1,6,40.0,17.2,96.5,trucking,wa,0,1,17154.01,500,500,10125.98,annual,24.08,3,0.0,,0.0,,0.0,0.31961515918436795
POL-015031,INS-00643,2024-03-10,2024-03-09,2025-03-09,APD,13,7.9,7,29.7,2.3,349.8,retail,az,0,1,12096.79,1000,100,5730.52,quarterly,17.39,4,0.0,,0.0,,0.0,0.5083173771902715
POL-016531,INS-00267,2023-10-20,2023-07-29,2024-07-28,AL,4,10.5,8,37.8,2.7,73.5,service,oh,3,0,0.0,1000,300,13389.76,annual,67.91,1,0.0,,0.0,,0.0,0.27622901889595686
POL-016532,INS-00351,2023-01-02,2022-11-12,2023-11-12,AL,7,7.9,4,49.1,3.4,389.2,rideshare,nc,0,0,0.0,250,100,14319.47,quarterly,47.93,1,0.0,,0.0,,0.0,0.3896167036771862
POL-015032,INS-00243,2024-05-17,2024-01-07,2025-01-06,APD,7,1.1,4,26.9,6.6,186.9,trucking,co,3,0,0.0,2500,500,18107.69,monthly,12.23,0,1.0,,0.0,,0.0,0.468277470213825
POL-016533,INS-00058,2023-04-02,2022-11-13,2023-11-13,AL,3,7.4,7,44.2,4.1,106.6,construction,ny,0,0,0.0,2500,1000,16094.37,quarterly,5.51,0,0.0,,0.0,,0.0,0.23662137195205118
POL-015033,INS-00152,2023-01-21,2022-12-15,2023-12-15,APD,10,5.1,4,35.1,7.9,0.0,other,ga,1,1,22659.74,2500,100,11691.63,monthly,83.49,1,1.0,,0.0,,0.0,0.6803959763381641
POL-015034,INS-00461,2024-02-12,2023-10-03,2024-10-02,APD,8,0.0,10,37.5,10.0,177.3,retail,co,1,0,27931.33,5000,500,9517.64,monthly,34.82,2,0.0,,0.0,,0.0,0.38389288168637375
POL-016534,INS-00534,2023-03-08,2023-02-16,2024-02-16,AL,8,6.7,3,54.8,30.5,240.9,retail,ga,1,0,6086.84,2500,1000,26021.42,annual,69.08,2,1.0,,0.0,,0.0,0.5266133896004924
POL-015035,INS-00194,2023-07-27,2023-06-23,2024-06-22,APD,6,4.4,7,42.9,1.0,192.7,trucking,il,2,1,44471.01,250,500,5343.51,missing,74.15,0,0.0,,0.0,,0.0,0.5015633524805939
POL-016535,INS-00015,2023-05-12,2022-11-30,2023-11-30,AL,3,4.1,5,34.1,1.8,96.7,trucking,wa,0,0,0.0,2500,500,26792.25,quarterly,51.72,1,0.0,,0.0,,0.0,0.33545096228270066
POL-016536,INS-00659,2023-09-25,2023-03-30,2024-03-29,AL,8,6.8,7,46.1,1.2,96.9,service,az,0,0,0.0,1000,100,5769.6,quarterly,13.0,2,3.0,,0.0,,0.0,0.37946155555026395
POL-015036,INS-00105,2024-02-06,2023-11-20,2024-11-19,APD,4,7.4,8,38.5,40.0,244.0,trucking,ga,0,1,12442.95,250,1000,18701.3,annual,12.4,1,0.0,,0.0,,0.0,0.2671494421250135
POL-015037,INS-00142,2023-01-31,2022-10-01,2023-10-01,APD,8,7.1,2,42.9,4.8,207.9,other,oh,1,1,27869.21,500,100,10205.83,annual,2.57,3,3.0,,0.0,,0.0,0.43391757047816976
POL-016537,INS-00646,2023-09-20,2023-07-03,2024-07-02,AL,7,0.0,4,37.2,8.3,201.5,construction,pa,1,1,11129.68,2500,1000,19615.15,monthly,59.32,1,0.0,,0.0,,0.0,0.5005235485695346
POL-015038,INS-00476,2023-01-28,2022-08-20,2023-08-20,APD,6,3.6,8,44.9,26.3,371.2,trucking,oh,1,0,15895.95,5000,500,15381.74,annual,50.350069284064666,1,3.0,,0.0,,0.0,0.5359784745563789
POL-016538,INS-00015,2024-03-14,2023-12-20,2024-12-19,AL,8,3.7,4,41.2,1.4,186.9,construction,nc,2,2,29465.22,500,1000,40000.0,annual,98.8,0,0.0,,0.0,,0.0,0.6312507107877724
POL-016539,INS-00695,2023-11-07,2023-07-19,2024-07-18,AL,11,2.9,8,33.8,29.3,383.4,construction,tx,1,2,30468.73,5000,300,11134.91,missing,62.11,3,1.0,,0.0,,0.0,0.7558625342537647
POL-015039,INS-00430,2024-04-02,2023-10-16,2024-10-15,APD,8,9.0,3,35.8,24.6,183.0,retail,ga,1,0,9874.76,2500,500,7838.36,quarterly,36.6,2,0.0,,0.0,,0.0,0.43877925540089263
POL-015040,INS-00261,2024-05-08,2023-12-29,2024-12-28,APD,5,7.1,10,26.4,27.1,142.4,other,ny,1,1,13769.03,500,500,16175.55,quarterly,46.31,2,2.0,,0.0,,0.0,0.3877030767428329
POL-016540,INS-00452,2023-04-06,2023-03-08,2024-03-07,AL,10,5.4,3,44.3,1.0,146.6,service,oh,0,0,0.0,1000,500,6593.2,annual,49.42157509157509,1,0.0,,0.0,,0.0,0.39571763609397004
POL-016541,INS-00515,2023-12-29,2023-10-30,2024-10-29,AL,6,7.8,4,49.7,8.8,56.6,trucking,ny,1,2,25627.1,250,1000,29185.02,monthly,6.41,1,0.0,,0.0,,0.0,0.423170500201784
POL-015041,INS-00279,2023-04-16,2023-03-18,2024-03-17,APD,6,9.2,6,40.7,13.0,168.4,service,oh,1,0,0.0,2500,100,25000.0,annual,8.25,3,0.0,,0.0,,0.0,0.3362459462490438
POL-015042,INS-00081,2024-01-18,2023-10-23,2024-10-22,APD,11,8.6,5,27.6,22.4,389.5,trucking,fl,0,1,15830.2,1000,500,25000.0,monthly,1.78,2,2.0,,0.0,,0.0,0.5451408757803616
POL-016542,INS-00693,2023-01-15,2022-12-12,2023-12-12,AL,6,6.7,2,35.7,8.1,186.7,service,ga,1,2,17335.15,5000,1000,37342.24,quarterly,95.74,2,0.0,,0.0,,0.0,0.6817204265984367
POL-015043,INS-00547,2024-01-09,2023-11-04,2024-11-03,APD,5,5.3,7,43.0,9.2,215.1,rideshare,fl,1,0,2250.82,250,300,4504.66,quarterly,15.75,0,0.0,,0.0,,0.0,0.3180824569729169
POL-016543,INS-00133,2023-10-18,2023-05-25,2024-05-24,AL,11,4.9,8,35.8,1.0,253.5,other,fl,1,2,18041.78,1000,500,7297.68,quarterly,55.54,5,0.0,,0.0,,0.0,0.7207891860921459
POL-016544,INS-00086,2024-04-26,2024-01-21,2025-01-20,AL,13,5.7,10,45.4,14.8,233.8,service,ny,1,1,6238.4,5000,300,11663.53,quarterly,26.26,2,0.0,,0.0,,0.0,0.5824524577936967
POL-015044,INS-00379,2023-06-27,2023-04-22,2024-04-21,APD,5,5.7,7,43.1,6.7,118.0,retail,il,1,2,62302.39,5000,300,8407.12,annual,14.61,0,0.0,,0.0,,0.0,0.2688465966958193
POL-015045,INS-00542,2023-06-23,2023-01-22,2024-01-22,APD,5,6.3,4,47.4,18.7,92.5,trucking,co,0,0,0.0,2500,100,21124.23,monthly,58.93,0,0.0,,0.0,,0.0,0.3607753070072916
POL-016545,INS-00567,2023-11-08,2023-07-18,2024-07-17,AL,12,7.7,9,51.2,4.1,490.4,retail,tx,1,0,8654.58,2500,500,4441.25,annual,49.74,4,1.0,,0.0,,0.0,0.6333170047115511
POL-016546,INS-00629,2024-06-16,2024-06-05,2025-06-05,AL,9,5.1,9,52.6,1.0,270.9,construction,ny,0,0,0.0,1000,1000,13356.75,monthly,70.49,2,0.0,,0.0,,0.0,0.5204589161893161
POL-015046,INS-00342,2024-04-04,2023-12-06,2024-12-05,APD,7,5.6,2,46.6,1.9,92.4,service,az,0,0,0.0,500,300,11392.76,monthly,65.07,2,0.0,,0.0,,0.0,0.42757267508073327
POL-015047,INS-00530,2023-10-21,2023-06-17,2024-06-16,APD,8,3.9,11,47.4,2.1,477.1,retail,ca,0,3,7260.96,5000,100,7568.56,annual,18.99,1,0.0,,0.0,,0.0,0.43165110538333723
POL-016547,INS-00516,2023-07-15,2023-04-24,2024-04-23,AL,11,6.3,8,37.3,15.8,223.7,trucking,az,1,0,0.0,500,1000,8562.17,quarterly,20.52,3,0.0,,0.0,,0.0,0.546236518697853
POL-016548,INS-00126,2024-01-27,2023-11-28,2024-11-27,AL,6,10.8,4,47.6,4.7,357.6,construction,il,0,0,0.0,5000,500,40000.0,monthly,17.28,2,3.0,,0.0,,0.0,0.42886131502556357
POL-015048,INS-00518,2023-03-26,2022-11-14,2023-11-14,APD,6,4.2,5,45.5,6.2,195.6,service,tx,1,0,4215.23,250,100,16361.19,missing,5.15,1,1.0,,0.0,,0.0,0.3328851260494219
POL-015049,INS-00075,2023-08-13,2023-08-07,2024-08-06,APD,6,5.1,9,0.0,9.9,54.2,retail,nc,0,0,0.0,500,100,6422.91,monthly,78.85,0,2.0,,0.0,,0.0,0.45976143075165843
POL-016549,INS-00043,2024-06-06,2024-04-30,2025-04-30,AL,6,5.4,8,38.7,9.3,108.8,retail,ny,2,0,2111.77,250,300,11478.12,quarterly,48.1,0,0.0,,0.0,,0.0,0.31568701755130996
POL-016550,INS-00331,2023-02-10,2023-01-09,2024-01-09,AL,10,3.8,7,48.7,5.6,286.4,service,ca,0,0,0.0,2500,1000,7747.76,quarterly,51.03,4,3.0,,0.0,,0.0,0.6586492121192868
POL-015050,INS-00249,2023-03-09,2023-01-22,2024-01-22,APD,10,3.5,3,40.1,18.8,110.3,retail,nc,2,2,190601.39,1000,500,6375.23,monthly,49.74,2,0.0,,0.0,,0.0,0.440159369464456
POL-015051,INS-00097,2024-06-15,2024-01-28,2025-01-27,APD,14,5.8,4,38.3,25.9,0.0,retail,wa,1,1,11928.88,2500,1000,9387.03,monthly,28.19,3,0.0,,0.0,,0.0,0.6173433897307593
POL-016551,INS-00047,2024-01-23,2023-10-26,2024-10-25,AL,11,3.1,3,34.9,5.2,252.0,trucking,ny,1,0,9325.42,250,500,40000.0,monthly,90.62,2,0.0,,0.0,,0.0,0.5977564295926553
POL-016552,INS-00004,2024-02-08,2024-01-14,2025-01-13,AL,12,6.0,14,45.6,10.6,193.0,trucking,tx,3,0,20992.9,5000,500,8667.75,quarterly,95.04,2,0.0,,0.0,,0.0,0.7111987217049064
POL-015052,INS-00121,2023-10-09,2023-09-19,2024-09-18,APD,9,0.1,8,40.0,19.0,87.5,other,ca,1,0,3093.93,1000,300,6399.93,monthly,80.89,1,1.0,,0.0,,0.0,0.539253011294348
POL-015053,INS-00747,2023-05-01,2023-03-09,2024-03-08,APD,5,4.7,13,54.2,3.0,87.9,trucking,az,1,0,32663.16,500,300,6719.11,quarterly,37.31,0,0.0,,0.0,,0.0,0.3369047187077283
POL-016553,INS-00284,2023-10-31,2023-06-11,2024-06-10,AL,13,6.8,8,50.8,2.7,358.0,construction,az,2,1,8915.5,500,1000,16313.28,annual,55.13,2,1.0,,0.0,,0.0,0.6701873367908112
POL-016554,INS-00527,2023-01-06,2022-10-13,2023-10-13,AL,7,5.3,6,28.8,13.5,118.3,construction,nc,1,1,36446.54,500,300,7204.12,annual,88.54,1,1.0,,0.0,,0.0,0.5185815822909073
POL-015054,INS-00252,2023-12-19,2023-12-10,2024-12-09,APD,11,5.9,4,42.1,4.8,240.4,trucking,nc,1,1,10367.44,2500,100,9149.75,annual,55.38,1,0.0,,0.0,,0.0,0.6066383357724848
POL-015055,INS-00405,2023-09-05,2023-06-17,2024-06-16,APD,8,4.8,4,0.0,10.1,204.3,trucking,fl,0,0,0.0,2500,300,2236.18,annual,26.24,3,1.0,,0.0,,0.0,0.3881257918004189
POL-016555,INS-00481,2023-02-04,2023-01-13,2024-01-13,AL,10,0.0,6,44.4,13.4,235.4,retail,ny,1,0,27992.5,250,1000,6745.75,annual,81.09,3,1.0,,0.0,,0.0,0.6070353273966295
POL-016556,INS-00126,2023-11-02,2023-07-16,2024-07-15,AL,6,8.2,4,26.4,6.3,119.8,trucking,pa,0,0,0.0,1000,1000,30979.69,monthly,82.14,1,0.0,,0.0,,0.0,0.4579481920734011
POL-015056,INS-00570,2023-11-20,2023-05-25,2024-05-24,APD,11,3.3,7,40.7,5.0,403.9,trucking,ga,1,0,10527.61,1000,300,13417.9,annual,22.46,2,0.0,,0.0,,0.0,0.5664390416185426
POL-015057,INS-00141,2023-10-26,2023-09-23,2024-09-22,APD,8,3.7,4,31.2,2.2,473.9,service,az,1,1,9777.51,1000,1000,12912.42,quarterly,50.82,1,1.0,,0.0,,0.0,0.5892759039319285
POL-016557,INS-00663,2024-01-29,2023-12-10,2024-12-09,AL,15,5.1,3,40.1,4.0,101.0,construction,tx,1,0,38073.43,2500,300,12651.37,monthly,56.64,3,3.0,,0.0,,0.0,0.6699988540002122
POL-016558,INS-00013,2023-01-02,2022-08-28,2023-08-28,AL,11,3.3,6,39.2,1.4,239.1,retail,ny,0,0,0.0,2500,300,19208.64,monthly,58.76,2,3.0,,0.0,,0.0,0.5589952544337697
POL-015058,INS-00032,2023-12-04,2023-11-06,2024-11-05,APD,5,3.0,5,27.8,1.0,222.7,trucking,az,1,1,118697.35,1000,300,4938.53,annual,83.96,0,0.0,9999-01-01,-999.0,INVALID,-999.0,0.42547362579230474
POL-015059,INS-00042,2023-11-01,2023-10-15,2024-10-14,APD,6,5.3,7,53.8,16.9,146.6,service,tx,0,1,0.0,500,100,10096.31,annual,35.22,1,0.0,,0.0,,0.0,0.3324378207305886
POL-016559,INS-00603,2024-05-08,2024-02-12,2025-02-11,AL,9,3.0,6,55.7,3.8,108.4,construction,co,1,0,8713.38,500,500,34422.42,monthly,28.79,0,1.0,,0.0,,0.0,0.351374864942141
POL-016560,INS-00388,2023-10-14,2023-05-06,2024-05-05,AL,6,7.8,4,23.0,2.7,60.6,trucking,nc,1,2,35256.14,250,300,5559.4,quarterly,61.34,0,0.0,9999-01-01,-999.0,INVALID,-999.0,0.5214868981665166
POL-015060,INS-00568,2023-01-13,2022-08-01,2023-08-01,APD,8,3.7,2,34.6,7.4,201.5,trucking,ca,0,0,0.0,250,300,4595.8,monthly,67.18,1,1.0,,0.0,,0.0,0.502324530654066
POL-016561,INS-00298,2024-06-12,2024-01-31,2025-01-30,AL,7,4.8,3,27.9,1.0,157.5,construction,il,3,1,41159.95,2500,300,21822.37,annual,78.79,0,0.0,,0.0,,0.0,0.4790991122479279
POL-015061,INS-00142,2024-03-07,2023-10-14,2024-10-13,APD,10,1.5,8,36.7,2.1,791.6,trucking,co,0,0,0.0,500,500,11816.71,quarterly,7.41,0,0.0,,0.0,,0.0,0.5677735218440348
POL-015062,INS-00726,2023-02-23,2022-10-02,2023-10-02,APD,10,6.5,6,30.3,3.2,388.5,construction,ca,0,0,0.0,500,500,11881.57,quarterly,36.59,2,1.0,,0.0,,0.0,0.5314520582246023
POL-016562,INS-00562,2024-05-27,2024-04-23,2025-04-23,AL,7,2.8,6,33.1,9.6,79.6,service,co,0,2,6266.89,5000,300,14858.1,quarterly,90.48,2,0.0,,0.0,,0.0,0.6372230399457426
POL-015063,INS-00646,2024-01-12,2023-09-13,2024-09-12,APD,7,7.8,5,36.0,4.9,406.8,other,fl,0,0,0.0,1000,1000,4306.14,quarterly,67.83,0,1.0,,0.0,,0.0,0.5156541474865916
POL-016563,INS-00730,2023-06-21,2023-04-03,2024-04-02,AL,14,5.6,9,52.0,6.0,555.1,service,ny,0,1,7269.26,5000,300,8945.69,annual,25.4,1,0.0,,0.0,,0.0,0.599101783468572
POL-015064,INS-00209,2023-11-10,2023-05-31,2024-05-30,APD,5,7.4,5,28.3,1.7,112.0,retail,az,0,0,0.0,2500,300,14149.79,monthly,89.69,1,0.0,,0.0,,0.0,0.41694114844183444
POL-016564,INS-00120,2024-03-06,2023-10-29,2024-10-28,AL,9,5.2,4,45.8,1.0,362.5,retail,il,1,1,12958.18,1000,500,15574.9,quarterly,96.69,3,2.0,9999-01-01,-999.0,INVALID,-999.0,0.7235365703296693
POL-015065,INS-00558,2024-02-11,2023-12-06,2024-12-05,APD,12,4.9,2,38.5,3.4,135.3,retail,fl,3,1,72773.81,1000,100,6206.01,annual,50.13297619047619,3,1.0,9999-01-01,-999.0,INVALID,-999.0,0.6368626416915705
POL-016565,INS-00567,2024-06-22,2024-01-12,2025-01-11,AL,14,4.8,11,37.5,5.9,650.0,retail,oh,1,1,16610.56,500,300,8884.5,monthly,87.06,5,0.0,,0.0,,0.0,0.7840010959490975
POL-016566,INS-00514,2023-08-02,2023-06-05,2024-06-04,AL,12,2.7,5,36.8,8.6,0.0,construction,fl,0,2,5348.91,500,1000,13631.12,quarterly,29.2,2,1.0,,0.0,,0.0,0.750115344836699
POL-015066,INS-00073,2023-01-31,2023-01-29,2024-01-29,APD,9,5.4,9,25.8,28.9,230.1,construction,wa,0,1,6740.91,2500,100,7453.28,missing,28.73,2,1.0,9999-01-01,-999.0,INVALID,-999.0,0.4112746453414048
POL-016567,INS-00249,2024-02-22,2024-01-21,2025-01-20,AL,13,7.4,7,35.9,4.8,461.6,trucking,ca,1,2,79065.78,250,500,17073.4,annual,77.25,2,0.0,,0.0,,0.0,0.7778418872933117
POL-015067,INS-00315,2023-10-07,2023-05-10,2024-05-09,APD,3,4.8,5,50.4,2.4,71.3,construction,ca,0,0,0.0,1000,300,11401.72,annual,55.8,1,2.0,,0.0,,0.0,0.29623873959542996
POL-016568,INS-00594,2023-11-23,2023-07-28,2024-07-27,AL,6,1.0,5,40.7,8.0,199.5,construction,tx,1,0,7526.8,1000,500,9533.64,quarterly,9.93,3,0.0,9999-01-01,-999.0,INVALID,-999.0,0.35279548029975166
POL-015068,INS-00572,2023-11-20,2023-06-23,2024-06-22,APD,9,3.4,6,35.4,2.1,155.7,retail,tx,0,0,0.0,1000,300,3780.35,quarterly,67.31,1,2.0,9999-01-01,-999.0,INVALID,-999.0,0.5000657743166612
POL-015069,INS-00385,2023-05-15,2023-01-16,2024-01-16,APD,12,4.6,6,38.3,11.7,248.4,construction,ga,0,1,1594.46,1000,1000,9019.05,annual,43.47,2,0.0,,0.0,,0.0,0.5383131928483438
POL-016569,INS-00698,2023-04-28,2023-02-03,2024-02-03,AL,6,7.7,8,40.0,9.4,254.6,service,pa,0,1,0.0,2500,300,16084.09,missing,43.1,0,0.0,9999-01-01,-999.0,INVALID,-999.0,0.3657776707917241
POL-016570,INS-00555,2023-09-26,2023-04-18,2024-04-17,AL,10,4.7,6,41.6,1.0,203.7,service,il,1,1,0.0,250,300,9551.34,annual,60.82,1,0.0,,0.0,,0.0,0.46336616165175915
POL-015070,INS-00438,2023-08-06,2023-06-07,2024-06-06,APD,6,4.9,6,52.5,17.2,105.2,construction,ny,3,0,41937.34,1000,100,6148.15,quarterly,1.61,0,1.0,,0.0,,0.0,0.38293692261619766
POL-015071,INS-00232,2023-11-08,2023-10-16,2024-10-15,APD,6,1.5,5,42.4,22.9,84.5,trucking,wa,0,0,0.0,1000,100,3875.53,annual,7.54,2,0.0,,0.0,,0.0,0.24504330908243618
POL-016571,INS-00062,2023-07-26,2023-07-22,2024-07-21,AL,7,4.5,3,27.3,2.2,235.4,construction,az,0,0,0.0,500,1000,10557.36,annual,32.89,2,2.0,,0.0,,0.0,0.43248401405707343
POL-016572,INS-00057,2024-06-26,2024-06-04,2025-06-04,AL,14,7.8,11,48.8,3.2,134.8,construction,co,3,1,84216.28,2500,300,27612.76,annual,94.39,1,0.0,,0.0,,0.0,0.6945460018339316
POL-015072,INS-00087,2024-04-18,2023-10-22,2024-10-21,APD,8,5.6,8,24.1,11.3,246.6,construction,co,1,1,14088.3,5000,300,10942.06,monthly,40.03,0,1.0,,0.0,,0.0,0.5029374258072192
POL-015073,INS-00207,2023-03-24,2023-02-01,2024-02-01,APD,6,0.0,11,23.6,1.0,348.2,construction,oh,2,0,0.0,2500,300,12465.77,annual,49.04,1,3.0,,0.0,,0.0,0.5466306876648809
POL-016573,INS-00383,2023-12-11,2023-11-18,2024-11-17,AL,9,0.2,6,38.3,6.1,251.4,trucking,pa,0,1,7533.21,250,300,9329.6,monthly,27.21,1,0.0,,0.0,,0.0,0.43719604269601314
POL-016574,INS-00693,2023-01-21,2023-01-13,2024-01-13,AL,7,5.3,4,28.5,1.0,159.5,construction,oh,0,0,0.0,500,500,31188.0,annual,67.12,2,2.0,,0.0,,0.0,0.4587199152692769
POL-015074,INS-00355,2023-09-13,2023-05-30,2024-05-29,APD,9,4.9,1,38.1,2.2,546.2,trucking,ga,3,1,42335.76,1000,1000,9448.46,monthly,11.27,4,2.0,,0.0,,0.0,0.6576215372477632
POL-015075,INS-00139,2023-11-08,2023-10-05,2024-10-04,APD,8,1.0,11,38.5,8.7,176.1,construction,co,0,0,0.0,250,1000,9378.02,monthly,36.91,0,1.0,,0.0,,0.0,0.40691782313283864
POL-016575,INS-00081,2024-04-19,2023-12-29,2024-12-28,AL,9,3.0,5,37.0,8.1,315.9,construction,co,0,0,0.0,5000,300,15478.33,annual,55.78,0,1.0,,0.0,,0.0,0.4726102405198165
POL-016576,INS-00142,2024-01-28,2023-11-06,2024-11-05,AL,11,0.0,2,47.3,2.6,265.7,service,nc,0,0,0.0,2500,300,4325.33,quarterly,67.77,2,1.0,,0.0,,0.0,0.5735215965380837
POL-015076,INS-00470,2023-01-10,2022-07-17,2023-07-17,APD,9,5.7,8,59.1,21.4,0.0,trucking,ga,0,1,12779.64,500,300,6752.52,monthly,83.56,1,2.0,,0.0,,0.0,0.6708509043919185
POL-016577,INS-00442,2023-01-27,2022-09-30,2023-09-30,AL,5,6.2,4,50.4,5.3,220.5,retail,ga,0,0,0.0,1000,100,9133.2,quarterly,22.45,2,2.0,,0.0,,0.0,0.3322382240565547
POL-015077,INS-00374,2024-04-16,2024-02-24,2025-02-23,APD,9,0.0,5,48.3,4.0,135.3,service,wa,0,0,0.0,5000,500,8061.0,quarterly,63.29,3,0.0,,0.0,,0.0,0.4082650058151255
POL-015078,INS-00502,2023-10-18,2023-09-30,2024-09-29,APD,9,7.3,5,0.0,12.7,222.3,service,pa,0,1,6690.92,500,100,10437.41,quarterly,43.9,1,0.0,,0.0,,0.0,0.470152078072643
POL-016578,INS-00080,2023-01-27,2023-01-21,2024-01-21,AL,4,4.6,1,35.0,5.6,142.1,construction,tx,0,0,0.0,1000,300,9071.82,annual,0.38,0,1.0,,0.0,,0.0,0.19474693838621798
POL-016579,INS-00271,2023-09-10,2023-08-24,2024-08-23,AL,2,2.0,3,33.5,16.4,72.3,retail,pa,0,0,0.0,5000,100,7994.6,monthly,67.88,1,0.0,,0.0,,0.0,0.2551041582103576
POL-015079,INS-00073,2024-05-15,2024-05-15,2025-05-15,APD,3,0.0,6,27.7,1.4,140.8,service,il,0,0,0.0,5000,1000,8684.54,quarterly,49.43019157088123,2,0.0,,0.0,,0.0,0.204703310408629
POL-015080,INS-00018,2023-07-30,2023-02-16,2024-02-16,APD,7,5.0,12,38.3,3.4,204.0,trucking,il,1,0,9938.18,250,300,16607.1,annual,60.99,2,0.0,,0.0,,0.0,0.5071845479172561
POL-016580,INS-00197,2024-06-22,2024-01-22,2025-01-21,AL,11,5.3,6,26.2,4.0,520.5,service,ga,0,0,0.0,500,300,16472.25,quarterly,57.18,2,1.0,,0.0,,0.0,0.5791406735679233
POL-016581,INS-00445,2023-06-14,2023-05-31,2024-05-30,AL,4,6.2,5,45.8,17.2,105.8,retail,ga,1,1,20584.35,5000,500,9100.77,monthly,24.91,1,1.0,,0.0,,0.0,0.3416021882900956
POL-015081,INS-00304,2023-10-11,2023-08-02,2024-08-01,APD,14,1.4,6,0.0,8.0,986.3,service,oh,1,1,31153.12,1000,100,12561.93,annual,41.61,2,0.0,,0.0,,0.0,0.802500167856969
POL-015082,INS-00129,2023-12-31,2023-08-22,2024-08-21,APD,5,3.5,7,32.2,1.4,137.7,trucking,pa,0,1,60089.62,1000,300,6709.32,monthly,76.93,2,1.0,,0.0,,0.0,0.39416082817265385
POL-016582,INS-00208,2023-08-29,2023-06-05,2024-06-04,AL,10,5.0,7,0.0,22.7,216.3,construction,oh,1,0,11947.71,2500,300,7512.36,monthly,31.38,1,1.0,,0.0,,0.0,0.42104198565921275
POL-015083,INS-00742,2023-10-11,2023-09-07,2024-09-06,APD,6,6.6,6,41.1,15.5,392.7,retail,nc,0,0,0.0,2500,500,6248.33,monthly,38.8,1,1.0,,0.0,,0.0,0.41611074958747557
POL-016583,INS-00466,2024-02-16,2023-09-02,2024-09-01,AL,3,1.0,7,45.9,2.8,98.5,trucking,fl,0,0,0.0,2500,300,6574.92,monthly,91.3,0,0.0,,0.0,,0.0,0.3328776943502458
POL-015084,INS-00434,2023-03-06,2022-11-19,2023-11-19,APD,5,7.5,4,49.1,1.2,108.9,trucking,tx,0,1,0.0,5000,100,6555.47,monthly,83.42,2,0.0,,0.0,,0.0,0.4027934298338547
POL-016584,INS-00454,2023-07-13,2023-06-10,2024-06-09,AL,11,4.6,2,35.1,10.1,143.1,trucking,tx,2,0,12403.65,500,1000,24180.96,annual,59.44,2,1.0,,0.0,,0.0,0.5825520990366775
POL-016585,INS-00536,2023-09-15,2023-07-09,2024-07-08,AL,6,8.6,2,34.7,16.6,262.8,trucking,ny,0,0,0.0,5000,300,17591.15,quarterly,90.61,0,1.0,9999-01-01,-999.0,INVALID,-999.0,0.5409505117743806
POL-015085,INS-00125,2023-08-02,2023-03-05,2024-03-04,APD,11,6.8,9,46.5,2.6,0.0,trucking,ga,1,0,5937.34,250,300,8392.55,quarterly,50.350069284064666,3,2.0,,0.0,,0.0,0.6782262475023351
POL-015086,INS-00492,2024-06-05,2023-12-17,2024-12-16,APD,8,5.3,4,45.3,1.3,256.2,construction,tx,2,0,95259.5,500,500,12110.66,quarterly,22.63,2,0.0,,0.0,,0.0,0.4355413225213914
POL-016586,INS-00200,2023-05-03,2023-03-09,2024-03-08,AL,11,3.9,4,39.1,1.3,146.0,service,wa,2,1,26862.44,2500,500,35116.29,monthly,93.58,1,1.0,,0.0,,0.0,0.6227302592700656
POL-016587,INS-00578,2024-02-01,2023-10-06,2024-10-05,AL,11,8.7,9,37.6,6.7,260.5,construction,fl,0,2,49972.61,2500,1000,8410.06,quarterly,31.38,1,0.0,,0.0,,0.0,0.6609433351232565
POL-015087,INS-00569,2024-01-26,2024-01-22,2025-01-21,APD,13,4.9,9,40.2,2.6,258.7,construction,ga,0,0,0.0,5000,300,4683.67,monthly,20.79,1,1.0,,0.0,,0.0,0.5087395510034236
POL-015088,INS-00281,2024-05-12,2024-04-25,2025-04-25,APD,7,0.5,6,29.0,2.8,97.8,retail,il,0,1,2948.54,2500,300,10004.39,monthly,12.88,2,0.0,9999-01-01,-999.0,INVALID,-999.0,0.2810314572004702
POL-016588,INS-00340,2023-01-28,2022-09-27,2023-09-27,AL,14,4.6,3,28.4,11.5,0.0,trucking,il,1,0,6940.53,250,300,7878.03,monthly,50.22245,4,0.0,,0.0,,0.0,0.6825077982444381
POL-016589,INS-00471,2023-12-20,2023-12-01,2024-11-30,AL,7,1.8,5,36.1,9.2,305.7,trucking,pa,1,2,5335.51,500,1000,14850.38,quarterly,57.72,1,0.0,,0.0,,0.0,0.6277261397247809
POL-015089,INS-00133,2024-04-10,2024-03-10,2025-03-10,APD,9,9.3,6,49.0,1.4,127.5,service,nc,0,0,0.0,500,500,6968.65,monthly,42.12,3,2.0,,0.0,,0.0,0.4950578177908735
POL-015090,INS-00599,2023-05-17,2023-03-18,2024-03-17,APD,14,3.5,8,31.9,1.0,316.2,construction,il,0,0,0.0,1000,300,5590.84,monthly,89.03,3,1.0,,0.0,,0.0,0.6944535928432318
POL-016590,INS-00469,2023-10-21,2023-06-22,2024-06-21,AL,7,7.7,10,46.2,1.0,534.1,service,fl,1,0,14021.22,2500,300,11872.26,monthly,73.33,2,2.0,,0.0,,0.0,0.5284746654896264
POL-016591,INS-00510,2024-05-19,2023-11-24,2024-11-23,AL,8,8.9,6,36.1,11.4,231.2,trucking,wa,0,0,0.0,5000,300,11587.46,quarterly,9.8,1,1.0,,0.0,,0.0,0.43236019827028355
POL-015091,INS-00254,2023-10-17,2023-08-12,2024-08-11,APD,9,2.4,8,32.3,8.9,349.4,retail,az,1,0,21280.75,5000,100,11908.34,quarterly,72.74,0,1.0,,0.0,,0.0,0.5879525033908354
POL-015092,INS-00292,2024-04-11,2024-03-11,2025-03-11,APD,9,7.6,8,30.4,6.8,215.6,service,fl,2,0,7215.91,5000,100,6868.19,annual,96.08,3,0.0,,0.0,,0.0,0.6669112167756697
POL-016592,INS-00463,2023-04-08,2023-02-27,2024-02-27,AL,5,5.5,3,37.2,4.6,117.9,construction,il,0,0,0.0,1000,500,3954.59,quarterly,49.91827464788733,0,2.0,9999-01-01,-999.0,INVALID,-999.0,0.3695837806262942
POL-016593,INS-00147,2024-06-23,2024-05-07,2025-05-07,AL,10,2.1,9,46.6,1.0,201.7,service,tx,0,0,0.0,500,500,11741.83,annual,53.11,3,2.0,,0.0,,0.0,0.4990060910018329
POL-015093,INS-00485,2024-02-22,2024-02-10,2025-02-09,APD,7,4.7,5,28.4,3.9,203.2,construction,wa,0,0,0.0,2500,1000,7064.53,monthly,38.01,2,0.0,,0.0,,0.0,0.36938221460561954
POL-016594,INS-00210,2024-03-27,2023-11-14,2024-11-13,AL,5,6.6,6,33.4,5.1,94.7,trucking,pa,0,0,0.0,2500,1000,20392.15,annual,95.65,2,0.0,,0.0,,0.0,0.5043542806814038
POL-015094,INS-00731,2023-04-23,2023-03-26,2024-03-25,APD,9,8.2,4,42.3,7.0,167.0,rideshare,ny,0,1,27966.86,250,300,6580.77,monthly,82.59,2,0.0,,0.0,,0.0,0.5552521830188042
POL-016595,INS-00351,2024-05-02,2024-02-10,2025-02-09,AL,9,7.6,7,35.8,11.7,212.5,service,tx,2,0,19144.97,2500,300,13218.44,quarterly,1.16,2,3.0,,0.0,,0.0,0.42854927181331376
POL-015095,INS-00639,2024-01-19,2023-11-17,2024-11-16,APD,10,6.1,4,23.9,2.0,0.0,trucking,fl,3,1,33720.7,5000,500,8265.52,quarterly,74.83,2,0.0,,0.0,,0.0,0.7212779862891276
POL-015096,INS-00627,2023-10-28,2023-05-09,2024-05-08,APD,7,7.5,6,36.5,21.8,381.0,retail,ga,0,0,0.0,1000,100,9749.02,monthly,3.8,1,3.0,,0.0,,0.0,0.42121351630730075
POL-016596,INS-00086,2024-06-25,2024-03-08,2025-03-08,AL,7,4.3,8,24.2,5.0,271.6,retail,wa,1,1,18421.36,5000,100,11354.72,quarterly,92.71,3,1.0,,0.0,,0.0,0.6549721301323908
POL-015097,INS-00097,2023-08-15,2023-08-01,2024-07-31,APD,8,5.1,6,38.6,2.7,650.9,service,wa,0,2,10196.44,5000,300,8906.03,monthly,8.57,2,0.0,,0.0,,0.0,0.48232649424049623
POL-016597,INS-00298,2024-04-01,2023-10-14,2024-10-13,AL,5,10.8,5,33.3,1.0,116.8,trucking,oh,1,0,6246.82,2500,300,13428.71,monthly,48.89,0,0.0,,0.0,,0.0,0.31065974664511375
POL-016598,INS-00055,2024-04-12,2023-10-29,2024-10-28,AL,12,1.2,5,26.0,9.0,157.9,rideshare,ca,1,1,11671.22,500,100,19461.54,annual,62.55,3,1.0,9999-01-01,-999.0,INVALID,-999.0,0.5884702272641591
POL-015098,INS-00265,2023-02-15,2022-08-26,2023-08-26,APD,6,5.1,7,47.9,6.7,290.6,retail,il,0,0,0.0,250,300,11072.21,annual,86.06,3,2.0,,0.0,,0.0,0.5145227814297298
POL-015099,INS-00512,2023-07-03,2023-01-19,2024-01-19,APD,8,4.5,6,39.4,20.3,73.9,construction,fl,0,0,0.0,1000,300,3820.37,annual,48.49,1,0.0,9999-01-01,-999.0,INVALID,-999.0,0.3966062664164784
POL-016599,INS-00313,2024-04-05,2023-12-15,2024-12-14,AL,5,3.0,3,38.3,1.0,181.6,service,tx,0,2,34599.1,500,500,27989.67,monthly,77.11,1,0.0,,0.0,,0.0,0.46677507963122755
POL-016600,INS-00639,2023-07-29,2023-01-31,2024-01-31,AL,10,5.1,9,31.7,3.7,357.7,retail,ny,1,1,6833.99,250,500,8893.59,annual,65.06,1,0.0,,0.0,,0.0,0.5349481367160973
POL-015100,INS-00201,2024-01-23,2023-08-22,2024-08-21,APD,8,3.9,6,32.8,11.1,82.9,retail,ny,1,2,15033.73,1000,300,11517.83,annual,36.62,2,3.0,,0.0,,0.0,0.48798466628546844
POL-015101,INS-00566,2023-09-19,2023-06-05,2024-06-04,APD,8,5.2,9,42.1,4.4,135.2,retail,ga,0,0,0.0,2500,300,6734.69,quarterly,61.86,1,0.0,,0.0,,0.0,0.41626595798199495
POL-016601,INS-00119,2023-02-22,2022-10-25,2023-10-25,AL,7,7.5,1,41.9,17.7,139.4,retail,pa,0,0,0.0,2500,300,7515.18,quarterly,24.25,1,1.0,9999-01-01,-999.0,INVALID,-999.0,0.3609915383030159
POL-016602,INS-00337,2024-06-28,2024-05-25,2025-05-25,AL,12,8.1,7,33.8,9.5,365.3,retail,oh,1,0,2635.01,1000,300,19899.83,quarterly,55.89,5,2.0,9999-01-01,-999.0,INVALID,-999.0,0.6747258927568751
POL-015102,INS-00206,2023-01-25,2022-11-26,2023-11-26,APD,11,1.8,7,29.4,1.4,0.0,service,ga,1,0,16981.42,2500,300,13473.62,monthly,41.54,2,2.0,,0.0,,0.0,0.6363693944263712
POL-016603,INS-00691,2023-03-04,2022-10-11,2023-10-11,AL,13,6.9,3,24.9,1.3,255.5,retail,pa,1,0,15485.18,1000,100,9961.39,monthly,21.59,4,2.0,,0.0,,0.0,0.5243850966840842
POL-015103,INS-00173,2024-02-25,2024-01-22,2025-01-21,APD,8,8.4,8,33.2,11.7,202.5,construction,co,0,0,0.0,1000,500,5932.77,annual,22.31,2,0.0,,0.0,,0.0,0.3837743598424475
POL-015104,INS-00488,2024-02-20,2023-09-08,2024-09-07,APD,9,4.8,4,48.8,4.9,295.9,trucking,ga,1,1,4862.21,500,500,3103.79,annual,44.76,2,4.0,,0.0,,0.0,0.6319673233461934
POL-016604,INS-00486,2024-05-15,2024-05-13,2025-05-13,AL,7,5.6,1,30.6,6.9,178.6,service,co,0,1,2215.69,1000,500,12420.27,annual,36.27,3,1.0,,0.0,,0.0,0.4363358201050108
POL-016605,INS-00660,2024-01-10,2023-11-15,2024-11-14,AL,10,5.3,1,40.6,15.0,511.4,construction,pa,2,1,27550.31,250,300,14687.51,monthly,25.52,2,1.0,,0.0,,0.0,0.5400359808508975
POL-015105,INS-00047,2024-01-29,2023-11-26,2024-11-25,APD,6,5.0,6,43.5,1.0,179.1,service,ga,2,1,9491.94,250,300,6353.62,annual,10.69,1,0.0,9999-01-01,-999.0,INVALID,-999.0,0.3873762462174412
POL-015106,INS-00678,2023-08-22,2023-03-23,2024-03-22,APD,9,1.4,7,41.0,1.3,375.6,retail,oh,2,0,3970.43,5000,100,3207.79,annual,41.33,0,0.0,,0.0,,0.0,0.556341427765251
POL-016606,INS-00718,2023-01-15,2022-11-07,2023-11-07,AL,6,6.7,8,45.7,7.6,345.7,construction,nc,0,0,0.0,500,300,10562.53,monthly,2.1,1,1.0,,0.0,,0.0,0.27180383736743957
POL-016607,INS-00525,2023-02-28,2022-10-20,2023-10-20,AL,6,7.3,4,30.3,3.2,150.1,service,pa,0,0,0.0,1000,300,18869.09,monthly,17.82,1,1.0,,0.0,,0.0,0.25597320936618717
POL-015107,INS-00570,2023-03-30,2022-10-17,2023-10-17,APD,5,7.4,6,29.4,10.0,73.6,construction,ca,0,1,24247.92,250,500,5767.82,monthly,61.09,0,1.0,,0.0,,0.0,0.392879132874959
POL-015108,INS-00294,2023-06-22,2022-12-31,2023-12-31,APD,9,4.1,5,47.9,13.0,200.0,construction,ca,0,2,4674.94,2500,300,16354.88,monthly,65.07,1,2.0,,0.0,,0.0,0.5555771373863345
POL-016608,INS-00306,2023-10-05,2023-05-21,2024-05-20,AL,7,6.1,8,44.2,5.8,0.0,trucking,pa,0,0,0.0,500,300,18304.53,annual,83.74,0,2.0,,0.0,,0.0,0.559980974230554
POL-016609,INS-00124,2023-09-18,2023-07-21,2024-07-20,AL,7,0.8,6,21.0,1.2,146.7,retail,oh,0,0,0.0,500,500,6163.38,quarterly,56.02,2,0.0,,0.0,,0.0,0.4210785163285583
POL-015109,INS-00406,2023-11-30,2023-07-31,2024-07-30,APD,11,8.7,9,43.1,10.3,306.6,construction,oh,0,1,2797.13,500,300,20783.73,quarterly,58.84,2,0.0,,0.0,,0.0,0.589146600138475
POL-015110,INS-00228,2024-06-16,2024-03-16,2025-03-16,APD,12,0.0,4,43.6,9.5,266.2,service,co,0,1,1647.12,1000,100,10228.24,annual,8.75,3,0.0,,0.0,,0.0,0.4294964911639863
POL-016610,INS-00093,2024-06-23,2024-06-09,2025-06-09,AL,10,4.7,10,52.1,17.8,137.9,construction,az,1,0,2723.67,250,300,17859.54,monthly,92.11,0,0.0,,0.0,,0.0,0.46289773767790454
POL-016611,INS-00525,2024-04-22,2024-01-05,2025-01-04,AL,6,7.9,8,46.5,3.7,319.0,trucking,ga,2,0,17966.97,500,500,12208.05,annual,78.63,1,0.0,,0.0,,0.0,0.4506036238227489
POL-015111,INS-00094,2024-03-12,2024-01-29,2025-01-28,APD,13,0.1,5,37.4,12.9,282.8,construction,wa,1,1,39685.98,1000,500,3400.32,monthly,51.09,4,0.0,,0.0,,0.0,0.5715988784931585
POL-015112,INS-00437,2024-04-30,2024-02-14,2025-02-13,APD,8,4.3,6,40.6,25.3,371.4,trucking,az,1,1,78737.16,2500,300,2948.88,monthly,66.9,0,0.0,,0.0,,0.0,0.5413166576487297
POL-016612,INS-00514,2023-04-25,2023-03-03,2024-03-02,AL,8,3.1,7,40.3,4.8,288.0,service,oh,1,2,28502.73,5000,500,7965.85,annual,34.25,3,0.0,,0.0,,0.0,0.5696347941096632
POL-016613,INS-00357,2023-04-25,2022-12-20,2023-12-20,AL,8,4.4,4,30.4,8.6,158.8,other,ga,0,0,0.0,1000,300,9014.38,annual,46.37,3,1.0,,0.0,,0.0,0.4186603508947776
POL-015113,INS-00291,2024-01-06,2023-12-23,2024-12-22,APD,12,8.2,6,49.0,1.0,252.4,trucking,pa,0,1,25047.93,2500,500,8043.05,annual,42.64,3,0.0,,0.0,,0.0,0.5536088866323241
POL-015114,INS-00217,2024-02-20,2024-01-24,2025-01-23,APD,9,3.1,7,32.3,1.0,298.7,other,oh,0,1,0.0,500,300,2663.89,missing,31.97,2,0.0,,0.0,,0.0,0.37783055305854873
POL-016614,INS-00056,2023-01-25,2022-08-02,2023-08-02,AL,8,4.4,8,41.3,5.3,0.0,retail,ga,1,0,7211.2,2500,1000,16993.93,quarterly,99.54,1,0.0,,0.0,,0.0,0.6723419839262239
POL-016615,INS-00255,2023-09-26,2023-07-27,2024-07-26,AL,3,2.2,6,32.9,1.4,175.9,trucking,fl,0,0,0.0,250,300,12513.88,monthly,31.74,0,3.0,,0.0,,0.0,0.2664551677036565
POL-015115,INS-00598,2023-01-25,2022-09-12,2023-09-12,APD,8,5.8,3,41.6,7.0,170.7,service,az,0,1,32257.36,1000,100,8607.49,monthly,77.08,3,2.0,,0.0,,0.0,0.5398393347365279
POL-015116,INS-00384,2024-01-28,2023-08-12,2024-08-11,APD,7,4.2,7,32.6,3.5,385.2,construction,co,0,0,0.0,5000,300,13050.16,quarterly,87.39,2,0.0,,0.0,,0.0,0.5139964422181698
POL-016616,INS-00152,2023-07-28,2023-04-12,2024-04-11,AL,8,7.7,4,43.2,1.0,131.1,trucking,pa,1,0,10694.48,1000,500,19948.3,quarterly,59.03,1,0.0,,0.0,,0.0,0.4789077834277939
POL-016617,INS-00558,2023-09-28,2023-07-03,2024-07-02,AL,11,9.3,7,48.6,2.9,438.0,construction,ga,0,1,9181.42,500,500,10936.55,monthly,70.41,3,0.0,,0.0,,0.0,0.6437416194031211
POL-015117,INS-00743,2023-04-11,2023-04-02,2024-04-01,APD,11,7.9,7,43.0,3.3,410.9,other,ny,2,0,34227.33,1000,500,2031.93,monthly,7.66,3,3.0,,0.0,,0.0,0.6172434425473087
POL-015118,INS-00260,2023-12-02,2023-10-08,2024-10-07,APD,7,8.7,4,28.8,8.5,132.9,trucking,az,1,1,39259.22,1000,100,2883.1,monthly,25.8,1,3.0,,0.0,,0.0,0.47658271438780797
POL-016618,INS-00424,2023-05-01,2023-01-22,2024-01-22,AL,4,5.3,6,34.5,22.2,53.3,trucking,ga,0,0,0.0,250,1000,20353.75,annual,75.8,2,3.0,,0.0,,0.0,0.47978597811984613
POL-016619,INS-00255,2023-05-15,2023-02-16,2024-02-16,AL,6,7.0,8,29.4,1.0,278.5,service,il,0,0,0.0,2500,1000,14754.32,annual,14.37,0,0.0,,0.0,,0.0,0.28327454230874993
POL-015119,INS-00252,2024-02-22,2023-09-11,2024-09-10,APD,6,9.4,8,37.0,2.4,448.0,retail,il,0,0,0.0,2500,300,11992.03,annual,83.84,0,3.0,,0.0,,0.0,0.6197192774653301
POL-015120,INS-00517,2023-03-11,2022-10-21,2023-10-21,APD,4,10.9,8,33.8,13.8,201.7,other,ny,0,0,0.0,1000,500,7093.14,quarterly,47.62869565217392,1,0.0,,0.0,,0.0,0.2933360652837942
POL-016620,INS-00281,2024-06-10,2024-03-07,2025-03-07,AL,12,4.9,6,33.9,4.4,0.0,construction,nc,0,0,0.0,5000,500,16172.97,monthly,54.99,1,2.0,,0.0,,0.0,0.6620792424216972
POL-016621,INS-00186,2023-04-17,2023-04-11,2024-04-10,AL,9,0.0,6,26.6,2.3,419.2,retail,wa,0,0,0.0,2500,1000,15951.98,annual,58.32,0,1.0,9999-01-01,-999.0,INVALID,-999.0,0.5107107926622482
POL-015121,INS-00435,2023-09-22,2023-05-05,2024-05-04,APD,9,5.1,6,46.3,8.1,159.3,retail,fl,1,1,4560.26,2500,300,23806.84,annual,63.45,1,0.0,9999-01-01,-999.0,INVALID,-999.0,0.5408108171431986
POL-015122,INS-00742,2023-02-26,2022-11-04,2023-11-04,APD,8,8.3,3,42.2,1.0,0.0,retail,ca,1,1,73359.13,1000,100,6152.06,quarterly,50.13297619047619,1,0.0,,0.0,,0.0,0.5239103500801624
POL-016622,INS-00124,2023-03-10,2023-01-02,2024-01-02,AL,8,7.5,11,31.3,1.5,653.5,trucking,tx,0,0,0.0,5000,500,14308.1,annual,35.04,0,4.0,,0.0,,0.0,0.5932453047653611
POL-016623,INS-00215,2023-04-20,2023-02-03,2024-02-03,AL,10,4.5,4,35.4,10.9,315.8,construction,pa,0,2,12404.95,1000,100,15487.52,monthly,54.52,2,1.0,,0.0,,0.0,0.6047610370453038
POL-015123,INS-00371,2024-06-12,2024-04-04,2025-04-04,APD,8,3.6,4,28.4,1.0,827.2,service,fl,0,1,16853.01,500,300,6217.98,quarterly,25.7,1,2.0,9999-01-01,-999.0,INVALID,-999.0,0.6239034421870887
POL-016624,INS-00325,2024-03-24,2023-12-26,2024-12-25,AL,9,6.2,3,36.4,10.6,131.9,retail,nc,0,1,15067.66,250,1000,10992.21,quarterly,85.8,0,2.0,,0.0,,0.0,0.6295049326427037
POL-015124,INS-00311,2023-12-30,2023-08-16,2024-08-15,APD,9,4.5,9,36.4,7.3,96.1,service,co,1,0,3915.37,250,500,8823.38,annual,81.19,4,0.0,,0.0,,0.0,0.5608246015881915
POL-015125,INS-00390,2023-06-10,2023-03-05,2024-03-04,APD,9,3.9,8,36.6,1.0,182.8,trucking,nc,0,1,23647.6,250,300,6005.64,annual,80.18,2,1.0,,0.0,,0.0,0.5618924833032635
POL-016625,INS-00250,2024-04-13,2024-03-16,2025-03-16,AL,9,5.6,7,33.0,19.4,161.5,trucking,fl,1,0,13055.6,5000,300,16220.87,monthly,57.18,2,0.0,,0.0,,0.0,0.5077044158117227
POL-016626,INS-00250,2024-06-10,2024-04-04,2025-04-04,AL,11,4.8,5,34.7,9.3,382.2,service,ca,1,0,4791.56,2500,300,12883.51,annual,49.42157509157509,1,1.0,9999-01-01,-999.0,INVALID,-999.0,0.48641376159842464
POL-015126,INS-00123,2023-11-06,2023-07-19,2024-07-18,APD,11,7.0,5,47.0,1.0,360.7,trucking,ca,1,0,12111.49,250,100,8460.82,annual,51.59,2,3.0,,0.0,,0.0,0.7045761489479225
POL-015127,INS-00112,2024-04-18,2024-04-18,2025-04-18,APD,3,2.1,4,46.4,3.5,83.5,construction,il,0,0,0.0,5000,100,11565.69,monthly,66.08,1,2.0,,0.0,,0.0,0.2907273776567195
POL-016627,INS-00383,2023-07-01,2023-05-29,2024-05-28,AL,3,3.0,6,37.5,19.7,0.0,retail,tx,0,0,0.0,2500,1000,8702.01,annual,83.95,1,2.0,,0.0,,0.0,0.4987368144300845
POL-016628,INS-00115,2023-03-08,2022-09-13,2023-09-13,AL,11,5.4,4,43.5,5.0,256.7,construction,oh,2,1,15925.7,5000,1000,16258.82,monthly,24.74,0,2.0,,0.0,,0.0,0.5769637532007343
POL-015128,INS-00442,2024-04-26,2024-03-08,2025-03-08,APD,7,3.0,11,40.1,4.2,361.2,service,nc,0,0,0.0,1000,100,7696.09,quarterly,39.99,2,1.0,,0.0,,0.0,0.4200801267102316
POL-015129,INS-00586,2023-06-07,2023-05-10,2024-05-09,APD,12,2.7,1,37.7,7.0,208.9,construction,wa,0,1,6229.98,2500,300,9075.5,missing,93.79,3,1.0,,0.0,,0.0,0.6199300460967107
POL-016629,INS-00385,2024-03-31,2023-10-11,2024-10-10,AL,11,7.5,8,36.3,19.4,204.8,other,nc,1,1,4734.32,500,1000,17472.06,annual,85.96,0,0.0,,0.0,,0.0,0.5859023424146215
POL-016630,INS-00018,2023-04-25,2022-10-28,2023-10-28,AL,6,6.1,5,32.3,13.7,149.1,service,co,0,0,0.0,2500,500,4996.68,quarterly,35.55,2,1.0,,0.0,,0.0,0.381483595766007
POL-015130,INS-00637,2023-11-07,2023-08-10,2024-08-09,APD,7,1.8,3,34.2,1.6,306.5,construction,co,1,0,0.0,1000,100,7771.99,annual,96.23,1,0.0,,0.0,,0.0,0.5754027129241339
POL-015131,INS-00242,2023-04-02,2023-01-09,2024-01-09,APD,11,5.7,5,34.2,4.8,0.0,retail,co,2,0,22556.58,2500,500,4290.34,quarterly,56.95,2,1.0,,0.0,,0.0,0.674552306371853
POL-016631,INS-00286,2023-06-05,2023-02-09,2024-02-09,AL,14,2.5,7,47.0,1.8,0.0,service,nc,1,2,129388.1,500,300,8470.29,quarterly,24.0,4,0.0,,0.0,,0.0,0.7767038101427154
POL-016632,INS-00357,2024-05-08,2024-02-08,2025-02-07,AL,7,2.7,8,34.3,7.2,135.4,retail,co,0,1,6236.86,500,500,15235.76,annual,93.42,1,0.0,,0.0,,0.0,0.49339743252831725
POL-015132,INS-00542,2023-03-08,2022-09-21,2023-09-21,APD,2,1.7,4,31.4,13.6,0.0,construction,tx,0,0,0.0,500,300,6696.51,quarterly,75.63,1,2.0,,0.0,,0.0,0.32134204881141754
POL-015133,INS-00347,2023-04-04,2022-12-15,2023-12-15,APD,9,3.8,11,22.9,1.5,171.7,service,co,0,0,0.0,2500,100,17891.87,monthly,81.12,1,0.0,,0.0,,0.0,0.5263386833794947
POL-016633,INS-00010,2023-02-19,2022-09-15,2023-09-15,AL,3,4.1,6,40.9,13.7,59.3,service,il,1,0,8981.91,250,500,7536.17,quarterly,59.66,0,1.0,9999-01-01,-999.0,INVALID,-999.0,0.2835860129811853
POL-016634,INS-00054,2023-05-12,2023-04-16,2024-04-15,AL,12,2.9,9,23.5,1.0,855.7,retail,il,0,0,0.0,2500,300,6404.08,annual,26.06,1,0.0,,0.0,,0.0,0.5601911479187588
POL-015134,INS-00583,2023-10-06,2023-06-27,2024-06-26,APD,7,6.8,10,38.4,14.1,377.4,trucking,co,1,1,14565.69,500,500,16147.66,annual,61.66,4,1.0,,0.0,,0.0,0.5761751988362176
POL-015135,INS-00459,2024-06-29,2024-05-26,2025-05-26,APD,6,9.8,3,30.7,3.3,145.2,trucking,pa,0,0,0.0,250,500,4597.98,monthly,70.03,0,2.0,,0.0,,0.0,0.5019713700192245
POL-016635,INS-00457,2023-07-20,2023-03-23,2024-03-22,AL,9,5.0,8,39.1,5.0,105.8,trucking,ny,0,1,12262.01,500,500,9869.83,annual,7.16,1,2.0,,0.0,,0.0,0.44365247838653976
POL-015136,INS-00628,2023-11-25,2023-09-11,2024-09-10,APD,10,4.5,4,27.2,4.1,404.2,retail,pa,0,2,0.0,250,500,11767.08,missing,19.14,2,2.0,,0.0,,0.0,0.48180137218529384
POL-016636,INS-00542,2024-04-01,2023-12-03,2024-12-02,AL,4,5.2,5,49.6,5.9,65.5,service,oh,1,0,6946.59,500,300,15689.7,monthly,42.55,1,0.0,,0.0,,0.0,0.23332932764244052
POL-016637,INS-00479,2024-04-09,2023-12-28,2024-12-27,AL,7,3.1,4,33.8,36.7,140.3,retail,ca,0,0,0.0,500,500,11634.38,monthly,78.63,2,2.0,,0.0,,0.0,0.46627304853675
POL-015137,INS-00117,2024-01-15,2023-08-17,2024-08-16,APD,10,4.3,6,40.4,2.7,316.4,retail,nc,0,0,0.0,1000,300,5450.75,monthly,50.13297619047619,1,0.0,,0.0,,0.0,0.5059155617505176
POL-015138,INS-00459,2023-06-23,2023-04-12,2024-04-11,APD,8,2.5,6,32.9,6.8,158.5,construction,fl,0,0,0.0,250,300,6514.09,quarterly,5.74,2,0.0,,0.0,,0.0,0.29653973276995793
POL-016638,INS-00377,2023-01-18,2022-12-08,2023-12-08,AL,10,4.2,4,49.9,12.0,224.8,trucking,oh,0,1,31813.7,5000,500,5061.79,monthly,17.18,2,0.0,,0.0,,0.0,0.5385790807630723
POL-016639,INS-00561,2023-08-03,2023-05-05,2024-05-04,AL,6,3.7,8,33.5,1.3,0.0,rideshare,fl,0,0,0.0,2500,500,12886.37,missing,81.32,1,0.0,,0.0,,0.0,0.5284291343166513
POL-015139,INS-00233,2024-04-07,2023-12-03,2024-12-02,APD,3,2.7,6,48.0,30.0,119.8,construction,nc,0,0,0.0,1000,300,8163.16,annual,70.22,0,2.0,,0.0,,0.0,0.3098688047313663
POL-015140,INS-00057,2023-12-01,2023-07-01,2024-06-30,APD,7,7.6,8,0.0,1.0,223.9,construction,tx,0,0,0.0,500,300,5847.81,monthly,89.2,0,2.0,,0.0,,0.0,0.5771515830233989
POL-016640,INS-00577,2024-06-01,2024-04-14,2025-04-14,AL,12,5.6,6,31.0,17.3,624.9,retail,oh,1,0,8177.83,500,500,6654.97,quarterly,40.02,4,0.0,,0.0,,0.0,0.6454254460165048
POL-016641,INS-00445,2023-07-10,2023-03-23,2024-03-22,AL,8,2.0,8,54.4,1.0,233.0,trucking,az,0,0,0.0,5000,1000,8667.58,monthly,40.09,1,0.0,,0.0,,0.0,0.4773193364940521
POL-015141,INS-00167,2023-11-02,2023-10-24,2024-10-23,APD,9,5.5,7,33.8,11.3,215.1,construction,fl,2,0,101086.78,2500,500,6369.74,annual,77.77,1,0.0,,0.0,,0.0,0.5833642803393965
POL-015142,INS-00192,2024-06-15,2024-02-19,2025-02-18,APD,5,8.7,7,29.7,23.8,133.7,construction,ca,0,1,22154.48,1000,500,6227.69,monthly,15.22,2,2.0,,0.0,,0.0,0.31207768065693864
POL-016642,INS-00630,2023-06-27,2023-05-08,2024-05-07,AL,9,4.5,4,35.3,22.4,746.6,retail,co,2,0,11195.2,2500,300,11084.53,monthly,14.8,0,0.0,,0.0,,0.0,0.42307809104166516
POL-016643,INS-00416,2024-02-16,2023-09-05,2024-09-04,AL,14,4.9,7,54.6,9.2,784.5,retail,oh,0,0,0.0,1000,300,13878.25,annual,9.71,1,0.0,,0.0,,0.0,0.5288476548492531
POL-015143,INS-00147,2023-09-11,2023-07-13,2024-07-12,APD,6,7.2,10,43.8,6.4,222.2,construction,il,1,0,22985.86,5000,500,5246.27,monthly,41.06,2,4.0,,0.0,,0.0,0.4978994934896453
POL-015144,INS-00552,2023-01-09,2022-10-30,2023-10-30,APD,10,6.1,6,44.8,1.8,388.2,trucking,tx,1,0,15755.78,2500,300,8681.93,monthly,38.54,1,0.0,,0.0,,0.0,0.5891397707267663
POL-016644,INS-00128,2024-04-07,2024-03-09,2025-03-09,AL,4,5.8,7,50.4,22.0,174.7,service,oh,0,0,0.0,500,300,7688.54,annual,45.26,1,2.0,,0.0,,0.0,0.27543681521992663
POL-016645,INS-00086,2023-08-04,2023-06-14,2024-06-13,AL,5,7.1,5,33.8,1.0,243.3,service,tx,1,0,38105.78,500,1000,13534.85,quarterly,93.96,1,2.0,,0.0,,0.0,0.5247712623623924
POL-015145,INS-00541,2023-06-05,2023-01-15,2024-01-15,APD,3,3.0,4,37.4,7.0,42.9,service,oh,0,0,0.0,250,500,7632.99,monthly,21.72,0,0.0,,0.0,,0.0,0.19784449652705788
POL-015146,INS-00078,2023-03-22,2023-01-16,2024-01-16,APD,7,3.4,5,37.5,7.9,112.9,trucking,fl,0,0,0.0,250,500,6429.21,annual,10.91,2,0.0,,0.0,,0.0,0.2999597976734247
POL-016646,INS-00188,2023-08-04,2023-07-25,2024-07-24,AL,9,10.2,4,30.6,7.1,168.9,trucking,ca,2,1,62614.22,500,1000,25913.1,annual,15.68,2,1.0,,0.0,,0.0,0.5301617423079622
POL-016647,INS-00295,2023-10-17,2023-10-01,2024-09-30,AL,15,4.2,7,41.1,10.6,505.6,retail,ga,1,0,8588.62,5000,500,11531.56,quarterly,88.84,5,0.0,,0.0,,0.0,0.8108453602246287
POL-015147,INS-00162,2023-08-08,2023-07-23,2024-07-22,APD,12,0.9,6,33.4,13.1,95.8,trucking,ny,1,1,10460.25,2500,500,3831.6,monthly,18.83,2,1.0,,0.0,,0.0,0.4879849474946272
POL-015148,INS-00466,2023-10-21,2023-06-21,2024-06-20,APD,4,9.4,8,22.5,3.2,115.7,trucking,az,1,0,26422.13,5000,100,10275.24,quarterly,47.52,2,1.0,,0.0,,0.0,0.352317749111641
POL-016648,INS-00345,2023-04-04,2023-02-04,2024-02-04,AL,9,2.8,6,52.2,2.1,0.0,service,az,1,0,2543.78,500,300,17569.69,monthly,87.19,3,2.0,,0.0,,0.0,0.6283369787339265
POL-016649,INS-00616,2024-05-19,2023-11-27,2024-11-26,AL,7,4.2,6,40.1,2.5,95.5,other,tx,1,0,53658.8,500,300,10021.81,annual,39.02,1,0.0,,0.0,,0.0,0.3287899198556093
POL-015149,INS-00628,2023-06-06,2022-12-20,2023-12-20,APD,6,5.0,3,40.0,7.2,93.0,trucking,tx,0,0,0.0,1000,300,3633.84,annual,40.22,3,3.0,,0.0,,0.0,0.3941593452783006
POL-015150,INS-00312,2023-06-30,2023-05-22,2024-05-21,APD,7,1.5,3,42.6,10.4,242.7,trucking,ga,0,1,8029.95,2500,100,10683.79,monthly,52.72,2,0.0,,0.0,,0.0,0.41784563895366844
POL-016650,INS-00402,2024-03-11,2023-10-19,2024-10-18,AL,8,4.5,11,33.8,12.5,340.8,service,ga,0,0,0.0,5000,300,9512.88,monthly,91.7,2,4.0,,0.0,,0.0,0.6160639223682072
POL-016651,INS-00659,2024-05-12,2023-12-14,2024-12-13,AL,3,5.8,7,38.7,4.4,182.0,retail,ca,0,0,0.0,2500,300,11304.17,annual,52.90282967032967,2,0.0,,0.0,,0.0,0.2748199554956979
POL-015151,INS-00428,2023-04-16,2023-03-14,2024-03-13,APD,13,4.7,2,40.5,1.0,366.8,retail,il,2,0,33383.02,1000,500,10809.05,annual,14.15,4,2.0,,0.0,,0.0,0.6353174802237785
POL-015152,INS-00676,2023-01-23,2023-01-10,2024-01-10,APD,11,7.7,9,25.5,4.9,404.7,trucking,ga,2,1,10958.49,5000,1000,14302.95,annual,50.05,2,4.0,,0.0,,0.0,0.759090801564405
POL-016652,INS-00100,2024-02-14,2023-11-03,2024-11-02,AL,11,8.0,7,59.4,11.6,403.6,trucking,tx,2,2,51498.98,2500,500,10021.81,missing,36.25,1,1.0,,0.0,,0.0,0.6952769551738368
POL-016653,INS-00437,2023-08-03,2023-05-15,2024-05-14,AL,9,3.8,1,47.6,31.0,232.9,retail,fl,1,0,4253.74,2500,500,10551.99,quarterly,85.43,3,1.0,,0.0,,0.0,0.6179798436152611
POL-015153,INS-00638,2024-02-02,2023-12-26,2024-12-25,APD,9,5.7,11,47.5,1.0,256.2,construction,oh,0,0,0.0,1000,500,5759.4,annual,17.73,1,0.0,,0.0,,0.0,0.4071730630826522
POL-015154,INS-00497,2023-04-05,2022-10-13,2023-10-13,APD,5,9.5,6,50.4,19.5,170.8,retail,ga,0,0,0.0,250,500,12143.1,monthly,15.92,1,1.0,,0.0,,0.0,0.2998737917297896
POL-016654,INS-00180,2023-02-28,2022-11-20,2023-11-20,AL,12,4.1,5,44.2,8.4,233.0,retail,pa,1,0,34043.25,1000,500,22607.97,annual,80.98,2,1.0,,0.0,,0.0,0.5983904760133707
POL-016655,INS-00697,2023-01-13,2022-10-05,2023-10-05,AL,9,0.0,7,51.8,8.4,280.6,construction,wa,3,0,66953.15,1000,100,9434.85,monthly,64.03,2,1.0,,0.0,,0.0,0.503601557423725
POL-015155,INS-00120,2024-01-12,2023-09-10,2024-09-09,APD,13,1.5,10,40.0,17.7,268.8,retail,wa,2,2,49210.15,2500,1000,10888.15,annual,7.85,2,1.0,,0.0,,0.0,0.536478109287675
POL-015156,INS-00380,2024-01-25,2023-08-01,2024-07-31,APD,12,1.2,4,39.9,6.7,112.0,service,tx,1,0,0.0,5000,100,12830.67,annual,5.18,2,0.0,,0.0,,0.0,0.41568377466350115
POL-016656,INS-00275,2024-06-09,2024-02-27,2025-02-26,AL,7,4.3,3,49.5,2.2,192.7,retail,tx,0,0,0.0,250,300,11554.44,annual,23.58,2,0.0,,0.0,,0.0,0.3022811577481906
POL-016657,INS-00101,2023-04-17,2022-10-20,2023-10-20,AL,7,4.8,7,35.9,10.5,294.6,construction,nc,1,0,4885.75,2500,1000,9847.13,annual,89.76,0,0.0,,0.0,,0.0,0.49523559919871196
POL-015157,INS-00462,2023-09-17,2023-09-01,2024-08-31,APD,8,6.0,7,32.9,10.2,132.3,trucking,ga,1,0,0.0,2500,300,5739.02,quarterly,26.63,3,0.0,,0.0,,0.0,0.3902873730193361
POL-015158,INS-00161,2023-07-27,2023-03-28,2024-03-27,APD,13,2.7,7,49.0,2.2,351.2,service,il,0,0,0.0,1000,500,9984.65,monthly,22.69,4,0.0,,0.0,,0.0,0.5078407046117741
POL-016658,INS-00147,2023-04-09,2022-12-25,2023-12-25,AL,6,4.0,8,38.4,1.3,0.0,trucking,wa,1,0,7652.63,1000,500,18235.46,monthly,72.36,1,1.0,,0.0,,0.0,0.5324116297809062
POL-016659,INS-00735,2023-05-17,2023-04-01,2024-03-31,AL,10,5.5,3,36.9,2.1,0.0,service,co,0,0,0.0,5000,500,12925.03,quarterly,17.54,2,3.0,,0.0,,0.0,0.6133122757290006
POL-015159,INS-00369,2023-12-16,2023-10-25,2024-10-24,APD,4,4.9,4,45.6,9.1,119.4,trucking,oh,0,0,0.0,5000,300,7301.24,quarterly,60.36,1,0.0,,0.0,,0.0,0.28903824292221425
POL-015160,INS-00074,2024-05-28,2024-01-16,2025-01-15,APD,5,5.2,5,48.5,25.0,288.3,construction,wa,0,1,32549.62,2500,500,5199.55,monthly,43.06,2,0.0,,0.0,,0.0,0.333770052198115
POL-016660,INS-00334,2024-05-03,2024-03-30,2025-03-30,AL,6,5.8,7,43.4,1.0,151.7,trucking,fl,0,0,0.0,250,300,9047.54,monthly,48.88,2,2.0,,0.0,,0.0,0.40080014749642545
POL-016661,INS-00677,2023-08-24,2023-06-20,2024-06-19,AL,5,10.4,8,47.7,40.0,0.0,service,wa,1,0,12070.56,500,500,5410.61,annual,46.31,1,1.0,,0.0,,0.0,0.3881543003670069
POL-015161,INS-00322,2023-04-06,2023-04-02,2024-04-01,APD,11,0.0,4,43.7,8.1,245.1,trucking,tx,0,0,0.0,1000,300,15955.15,quarterly,39.59,1,0.0,,0.0,,0.0,0.4669766944041838
POL-015162,INS-00313,2023-04-24,2023-01-08,2024-01-08,APD,7,5.6,4,37.5,16.0,227.9,other,az,1,0,10629.47,5000,300,9764.88,quarterly,80.54,2,0.0,,0.0,,0.0,0.48792207333211635
POL-016662,INS-00658,2024-03-05,2023-12-19,2024-12-18,AL,6,8.3,4,29.2,6.6,151.5,construction,il,0,0,0.0,500,300,7297.69,monthly,6.42,0,0.0,,0.0,,0.0,0.21914430604471047
POL-016663,INS-00680,2023-09-12,2023-07-04,2024-07-03,AL,12,5.1,6,0.0,3.6,161.1,retail,nc,0,2,0.0,5000,1000,20738.74,quarterly,81.1,2,0.0,,0.0,,0.0,0.7675099125191163
POL-015163,INS-00738,2024-02-15,2023-09-05,2024-09-04,APD,6,3.5,9,32.9,1.0,61.7,service,az,1,0,19542.18,500,100,10609.61,annual,49.43019157088123,3,0.0,,0.0,,0.0,0.3923912349114393
POL-015164,INS-00195,2023-07-13,2023-04-27,2024-04-26,APD,5,7.0,3,0.0,1.7,216.5,service,ga,0,0,0.0,250,500,8037.38,monthly,69.05,1,0.0,,0.0,,0.0,0.4057019280683772
POL-016664,INS-00342,2023-04-03,2022-11-13,2023-11-13,AL,8,4.7,4,50.7,6.7,329.0,construction,pa,1,0,3138.32,1000,500,12445.64,monthly,47.85,2,1.0,,0.0,,0.0,0.4510405834102792
POL-016665,INS-00285,2023-07-12,2023-06-27,2024-06-26,AL,9,6.0,5,32.7,26.6,139.0,retail,oh,0,0,0.0,5000,300,6040.55,quarterly,20.2,2,0.0,,0.0,,0.0,0.4255249111671691
POL-015165,INS-00141,2023-04-10,2023-02-10,2024-02-10,APD,12,5.1,3,35.1,12.2,147.0,construction,ga,1,0,4851.04,500,100,23144.79,annual,79.91,4,0.0,,0.0,,0.0,0.6453285037651907
POL-015166,INS-00144,2023-10-13,2023-06-06,2024-06-05,APD,4,0.4,4,35.3,40.0,95.7,construction,il,0,0,0.0,1000,300,15475.57,monthly,50.18,2,3.0,,0.0,,0.0,0.30984397945721487
POL-016666,INS-00168,2023-04-18,2023-01-26,2024-01-26,AL,9,4.5,6,0.0,10.7,194.1,rideshare,co,1,0,3142.92,250,500,15897.37,monthly,20.33,3,0.0,,0.0,,0.0,0.3716489906953703
POL-016667,INS-00661,2023-06-29,2023-01-24,2024-01-24,AL,8,6.5,5,44.7,5.2,216.3,construction,ca,1,2,33499.28,5000,1000,8614.09,quarterly,85.08,1,4.0,,0.0,,0.0,0.7875187209322302
POL-015167,INS-00060,2023-12-07,2023-06-28,2024-06-27,APD,9,6.5,7,41.3,1.6,268.2,construction,ga,0,1,2706.54,2500,300,6494.32,monthly,43.53,2,1.0,9999-01-01,-999.0,INVALID,-999.0,0.5062582696054511
POL-015168,INS-00036,2023-07-15,2023-05-16,2024-05-15,APD,10,6.1,8,30.7,7.2,0.0,construction,wa,1,2,39484.03,1000,500,5554.01,quarterly,97.61,2,0.0,,0.0,,0.0,0.6868155835752359
POL-016668,INS-00106,2024-01-12,2023-08-14,2024-08-13,AL,6,6.7,15,42.9,3.3,129.8,service,ga,1,0,9384.19,2500,500,8694.38,monthly,31.06,1,0.0,,0.0,,0.0,0.2847678374182748
POL-016669,INS-00719,2024-02-05,2023-09-08,2024-09-07,AL,10,7.3,7,51.9,9.8,220.1,retail,co,0,1,12510.91,500,300,13440.72,annual,43.94,2,1.0,,0.0,,0.0,0.5018770205844414
POL-015169,INS-00228,2023-10-27,2023-09-05,2024-09-04,APD,10,1.7,4,40.7,1.0,271.0,construction,il,1,1,18390.19,500,1000,4992.25,annual,67.97,0,0.0,,0.0,,0.0,0.5943296563652822
POL-015170,INS-00159,2024-06-25,2024-03-13,2025-03-13,APD,8,6.4,9,36.0,5.6,327.7,service,co,0,0,0.0,250,100,18753.7,quarterly,42.78,0,2.0,,0.0,,0.0,0.5124253026883359
POL-016670,INS-00219,2023-08-31,2023-04-13,2024-04-12,AL,5,7.9,2,38.5,5.3,162.2,service,ga,0,0,0.0,2500,300,11885.93,annual,54.27,0,0.0,,0.0,,0.0,0.2766004649413685
POL-016671,INS-00556,2024-02-29,2023-11-02,2024-11-01,AL,10,5.8,10,0.0,11.0,401.3,retail,nc,0,0,0.0,500,100,15505.09,quarterly,83.74,3,1.0,,0.0,,0.0,0.6110202586177512
POL-015171,INS-00178,2023-01-11,2022-10-28,2023-10-28,APD,9,4.0,6,30.9,4.9,327.9,trucking,wa,1,0,2397.1,5000,500,14311.67,quarterly,66.47,0,0.0,,0.0,,0.0,0.5840569660529538
POL-015172,INS-00120,2024-01-23,2023-12-24,2024-12-23,APD,7,9.0,9,30.4,8.5,57.5,service,ny,0,0,0.0,1000,500,15913.81,monthly,67.17,0,0.0,,0.0,,0.0,0.4601526844627425
POL-016672,INS-00671,2023-03-27,2022-10-18,2023-10-18,AL,7,3.9,4,0.0,3.2,0.0,service,ga,0,0,0.0,5000,1000,15724.91,monthly,87.22,0,0.0,,0.0,,0.0,0.563158263669873
POL-016673,INS-00524,2024-06-25,2024-04-26,2025-04-26,AL,6,4.7,6,41.0,26.2,114.1,retail,nc,0,1,12566.04,1000,300,10617.5,annual,64.8,2,1.0,,0.0,,0.0,0.4465044054671846
POL-015173,INS-00185,2023-01-29,2022-09-23,2023-09-23,APD,9,7.0,5,41.7,8.3,137.4,trucking,co,0,0,0.0,2500,100,6011.69,quarterly,50.350069284064666,1,0.0,,0.0,,0.0,0.4466180968828083
POL-015174,INS-00216,2023-11-24,2023-09-03,2024-09-02,APD,3,3.6,4,33.8,1.1,64.3,trucking,co,2,0,24374.04,2500,1000,5570.06,missing,1.03,1,1.0,,0.0,,0.0,0.22541478162264023
POL-016674,INS-00188,2023-08-23,2023-03-01,2024-02-29,AL,8,8.9,9,42.4,10.6,99.0,construction,fl,1,2,17305.2,1000,500,11352.91,quarterly,0.06,0,0.0,,0.0,,0.0,0.41695854699124163
POL-016675,INS-00474,2023-11-19,2023-08-23,2024-08-22,AL,15,0.4,6,44.4,7.4,253.0,service,ca,1,0,9157.26,500,300,7465.63,annual,44.89,4,4.0,,0.0,,0.0,0.6510980587517139
POL-015175,INS-00506,2023-12-02,2023-08-03,2024-08-02,APD,12,6.3,9,44.1,5.0,473.9,trucking,tx,0,0,0.0,250,300,13511.42,annual,78.8,1,0.0,9999-01-01,-999.0,INVALID,-999.0,0.7009061159298896
POL-015176,INS-00607,2024-06-23,2023-12-28,2024-12-27,APD,7,4.3,5,40.7,2.5,185.2,trucking,fl,0,1,4202.83,5000,300,10569.79,quarterly,74.1,3,0.0,,0.0,,0.0,0.44217698059658117
POL-016676,INS-00737,2023-09-04,2023-04-19,2024-04-18,AL,11,6.3,3,36.6,6.3,386.4,trucking,ca,1,0,10077.5,1000,100,9654.4,monthly,50.22245,1,0.0,,0.0,,0.0,0.49171774959595965
POL-016677,INS-00655,2023-06-12,2023-04-19,2024-04-18,AL,5,3.9,6,43.4,2.3,107.9,construction,tx,1,1,29241.84,1000,500,13642.26,annual,53.86,1,0.0,,0.0,,0.0,0.3838193393784509
POL-015177,INS-00589,2023-02-08,2022-11-06,2023-11-06,APD,7,5.4,11,49.8,23.4,473.1,construction,fl,0,1,14357.51,2500,300,13932.27,monthly,84.24,2,2.0,,0.0,,0.0,0.6184884224391656
POL-015178,INS-00180,2024-03-14,2024-02-08,2025-02-07,APD,3,3.6,5,40.6,3.4,153.2,trucking,fl,0,0,0.0,1000,300,6615.09,annual,11.78,0,1.0,,0.0,,0.0,0.21031987840458422
POL-016678,INS-00180,2023-01-19,2022-12-22,2023-12-22,AL,7,3.7,7,21.0,2.9,246.9,construction,tx,1,1,18520.33,5000,1000,8943.23,monthly,92.7,1,2.0,,0.0,,0.0,0.6533872010762886
POL-016679,INS-00628,2023-06-10,2023-03-09,2024-03-08,AL,7,3.5,5,27.4,2.3,176.3,construction,ny,0,0,0.0,1000,1000,3851.19,quarterly,69.59,3,0.0,,0.0,,0.0,0.5327198475725101
POL-015179,INS-00373,2024-05-14,2024-02-02,2025-02-01,APD,5,4.4,3,27.6,5.4,197.4,service,oh,0,0,0.0,1000,100,2000.0,quarterly,87.66,1,3.0,,0.0,,0.0,0.46916654229162724
POL-015180,INS-00555,2024-05-13,2024-02-10,2025-02-09,APD,11,0.4,7,35.7,34.4,165.4,trucking,ga,1,0,53588.81,500,300,5377.82,monthly,27.26,2,0.0,,0.0,,0.0,0.4487827162031394
POL-016680,INS-00010,2023-09-23,2023-08-17,2024-08-16,AL,8,5.6,9,41.3,1.0,177.6,trucking,tx,0,0,0.0,2500,300,7606.45,quarterly,88.35,2,0.0,,0.0,,0.0,0.5675093072334747
POL-016681,INS-00677,2024-04-08,2023-11-14,2024-11-13,AL,5,1.5,3,36.3,4.0,89.1,service,oh,0,0,0.0,1000,300,22505.15,monthly,57.03,1,0.0,,0.0,,0.0,0.28251366152912205
POL-015181,INS-00307,2023-02-05,2022-12-19,2023-12-19,APD,13,2.1,4,34.8,1.0,437.3,service,ca,0,2,0.0,2500,300,3675.67,monthly,64.93,5,0.0,,0.0,,0.0,0.614024921727082
POL-016682,INS-00404,2023-12-10,2023-11-20,2024-11-19,AL,11,6.6,3,50.7,22.9,466.3,trucking,az,1,1,2904.7,2500,1000,7987.83,annual,36.68,2,0.0,,0.0,,0.0,0.6449314259858435
POL-015182,INS-00476,2023-10-26,2023-09-02,2024-09-01,APD,8,6.4,7,38.4,2.5,164.5,rideshare,il,1,1,16087.1,250,100,5553.36,missing,64.33,2,0.0,,0.0,,0.0,0.4948311702917822
POL-015183,INS-00377,2024-02-14,2023-10-31,2024-10-30,APD,8,8.9,7,35.3,1.0,208.5,construction,nc,2,0,0.0,500,100,6261.02,monthly,36.82,3,1.0,,0.0,,0.0,0.5391387453391412
POL-016683,INS-00704,2023-01-27,2022-09-30,2023-09-30,AL,5,2.7,3,31.9,1.0,50.7,retail,tx,0,0,0.0,2500,300,11415.92,annual,75.8,1,0.0,,0.0,,0.0,0.35385959002094475
POL-016684,INS-00484,2023-04-11,2022-12-04,2023-12-04,AL,8,3.8,4,48.4,8.8,278.0,other,oh,2,1,8874.26,250,1000,23465.9,monthly,69.61,3,0.0,,0.0,,0.0,0.5690906302024332
POL-015184,INS-00749,2023-10-21,2023-07-22,2024-07-21,APD,4,3.1,4,44.5,5.3,29.7,rideshare,az,0,1,10471.17,250,1000,13201.85,quarterly,92.13,0,0.0,,0.0,,0.0,0.37945886426863146
POL-015185,INS-00483,2023-03-23,2023-02-17,2024-02-17,APD,14,5.1,3,50.1,5.1,209.7,service,ny,1,1,20775.29,250,1000,16743.11,annual,3.6,3,0.0,,0.0,,0.0,0.5240946247141686
POL-016685,INS-00198,2024-04-21,2024-04-10,2025-04-10,AL,13,4.5,3,45.5,1.0,0.0,other,oh,1,0,14298.29,250,100,7027.68,annual,32.26,2,0.0,,0.0,,0.0,0.532875784136341
POL-016686,INS-00472,2024-01-08,2023-10-17,2024-10-16,AL,8,5.2,6,48.3,15.0,282.3,construction,fl,0,0,0.0,500,300,24990.52,monthly,2.08,1,0.0,,0.0,,0.0,0.2841976548136743
POL-015186,INS-00086,2023-03-11,2022-11-13,2023-11-13,APD,10,8.5,6,49.7,10.4,357.8,other,wa,0,0,0.0,1000,500,4222.67,monthly,42.32,2,2.0,,0.0,,0.0,0.5520531890708728
POL-015187,INS-00360,2024-01-17,2023-10-16,2024-10-15,APD,6,8.1,6,42.5,20.8,168.3,construction,oh,0,0,0.0,250,100,7113.7,annual,20.83,2,0.0,9999-01-01,-999.0,INVALID,-999.0,0.3142381706879023
POL-016687,INS-00636,2023-12-13,2023-07-23,2024-07-22,AL,2,4.2,5,53.6,5.2,38.4,service,il,0,0,0.0,2500,500,10587.6,monthly,73.86,1,0.0,,0.0,,0.0,0.25815954573970723
POL-016688,INS-00674,2023-10-11,2023-09-30,2024-09-29,AL,10,7.0,3,39.7,6.1,191.8,construction,ny,1,0,5929.81,5000,300,15515.42,monthly,49.91827464788733,1,0.0,,0.0,,0.0,0.4604374959626488
POL-015188,INS-00582,2023-04-20,2023-03-01,2024-02-29,APD,6,5.2,5,40.2,12.5,190.6,construction,nc,0,1,22756.11,250,300,8816.82,quarterly,67.83,2,4.0,,0.0,,0.0,0.49730674889405735
POL-015189,INS-00634,2024-03-03,2024-01-05,2025-01-04,APD,5,1.7,8,39.2,5.4,118.0,retail,wa,1,0,7043.04,1000,500,9303.7,monthly,61.76,3,1.0,,0.0,,0.0,0.39053285134217625
POL-016689,INS-00530,2024-03-11,2023-09-23,2024-09-22,AL,7,7.5,8,37.1,4.8,385.7,construction,nc,0,1,7529.87,1000,500,18168.19,annual,47.5,2,0.0,,0.0,,0.0,0.47856200275738986
POL-016690,INS-00559,2023-10-16,2023-09-22,2024-09-21,AL,5,4.5,6,31.8,3.7,121.2,trucking,co,0,0,0.0,500,500,9025.19,quarterly,20.54,0,0.0,,0.0,,0.0,0.29216759236100076
POL-015190,INS-00054,2024-05-11,2024-02-13,2025-02-12,APD,4,2.9,6,43.7,1.1,187.2,construction,ca,0,0,0.0,5000,300,10214.53,quarterly,57.89,2,1.0,,0.0,,0.0,0.2983846850624719
POL-015191,INS-00009,2024-04-20,2024-03-02,2025-03-02,APD,10,5.2,4,51.8,7.3,248.7,trucking,il,0,1,0.0,5000,100,5516.32,monthly,14.72,2,1.0,,0.0,,0.0,0.42996916067814733
POL-016691,INS-00141,2023-04-06,2023-03-11,2024-03-10,AL,9,5.0,6,36.5,14.4,217.1,retail,oh,1,0,19136.21,500,500,23100.57,quarterly,24.52,1,0.0,,0.0,,0.0,0.39450634730154605
POL-016692,INS-00113,2023-05-31,2022-12-06,2023-12-06,AL,15,5.8,6,40.6,2.2,324.2,construction,ca,0,2,51054.04,1000,500,15848.62,annual,49.91827464788733,4,0.0,,0.0,,0.0,0.751507548014045
POL-015192,INS-00121,2024-02-13,2023-08-21,2024-08-20,APD,13,2.9,5,51.2,1.1,1221.2,trucking,az,1,0,15577.76,5000,500,7470.13,quarterly,32.07,3,1.0,,0.0,,0.0,0.8362287768585622
POL-015193,INS-00544,2023-04-18,2023-03-14,2024-03-13,APD,4,7.1,3,37.8,1.4,28.1,trucking,co,0,0,0.0,2500,1000,16105.06,missing,37.17,1,3.0,,0.0,,0.0,0.3226186701472053
POL-016693,INS-00262,2023-12-14,2023-09-21,2024-09-20,AL,13,5.4,9,35.0,12.9,475.6,construction,ga,2,1,22859.16,250,300,19947.36,quarterly,49.91827464788733,3,2.0,,0.0,,0.0,0.7236112792260178
POL-016694,INS-00234,2023-07-07,2023-05-20,2024-05-19,AL,8,4.7,5,36.3,29.1,440.7,service,oh,2,0,25255.82,1000,500,15979.37,annual,62.97,0,1.0,,0.0,,0.0,0.44537816026237387
POL-015194,INS-00413,2023-10-25,2023-05-19,2024-05-18,APD,8,2.6,9,44.6,12.3,145.7,construction,il,0,0,0.0,2500,300,5650.95,quarterly,16.93,1,1.0,9999-01-01,-999.0,INVALID,-999.0,0.3322153722869948
POL-015195,INS-00589,2024-06-08,2024-02-23,2025-02-22,APD,6,6.1,5,39.1,10.9,93.1,retail,pa,0,0,0.0,1000,100,20890.08,monthly,50.13297619047619,1,0.0,,0.0,,0.0,0.358313149069104
POL-016695,INS-00667,2023-10-27,2023-07-16,2024-07-15,AL,11,8.1,11,32.1,12.1,131.1,construction,ga,2,1,108367.55,250,500,19431.24,monthly,6.43,4,2.0,,0.0,,0.0,0.5698099045162701
POL-016696,INS-00213,2023-07-25,2023-03-25,2024-03-24,AL,6,5.9,8,34.6,1.0,218.2,service,co,0,0,0.0,250,100,8633.34,annual,77.01,0,0.0,9999-01-01,-999.0,INVALID,-999.0,0.31260682349466706
POL-015196,INS-00588,2023-11-25,2023-07-29,2024-07-28,APD,7,2.3,5,34.5,2.8,127.3,service,il,2,0,14898.81,500,100,7723.08,annual,49.43019157088123,3,0.0,,0.0,,0.0,0.4685962134662208
POL-015197,INS-00454,2023-07-02,2023-01-14,2024-01-14,APD,8,0.0,10,35.0,17.5,206.2,trucking,nc,0,0,0.0,2500,300,5362.18,annual,2.35,3,1.0,,0.0,,0.0,0.309961180711437
POL-016697,INS-00267,2024-05-03,2024-04-07,2025-04-07,AL,8,2.9,8,42.1,4.9,127.7,retail,fl,0,0,0.0,5000,300,10770.58,monthly,38.31,0,0.0,,0.0,,0.0,0.3454978532512873
POL-016698,INS-00594,2023-02-08,2022-12-19,2023-12-19,AL,5,6.1,3,0.0,1.0,135.6,retail,co,1,2,58326.38,2500,1000,10551.62,annual,39.78,1,0.0,,0.0,,0.0,0.4700222352454581
POL-015198,INS-00058,2023-11-15,2023-07-09,2024-07-08,APD,10,8.0,7,42.5,16.9,330.9,retail,oh,0,0,0.0,500,300,6766.71,quarterly,64.76,2,0.0,,0.0,,0.0,0.5423354566296285
POL-015199,INS-00007,2024-03-03,2023-09-11,2024-09-10,APD,16,7.1,7,38.2,9.2,282.6,trucking,ca,0,1,32871.38,1000,100,12468.59,quarterly,98.77,3,0.0,,0.0,,0.0,0.732905906404725
POL-016699,INS-00330,2024-01-05,2023-08-22,2024-08-21,AL,14,3.8,8,34.1,22.6,85.0,construction,tx,2,0,16439.49,500,300,10426.96,annual,19.15,0,0.0,,0.0,,0.0,0.3999337486768662
POL-016700,INS-00345,2023-01-12,2022-11-12,2023-11-12,AL,8,4.7,7,38.9,35.1,256.9,retail,fl,0,0,0.0,500,1000,14660.59,monthly,1.71,1,0.0,,0.0,,0.0,0.31150113944678365
POL-015200,INS-00158,2023-12-13,2023-12-09,2024-12-08,APD,10,4.0,8,44.5,6.3,492.1,trucking,co,0,0,0.0,500,100,6652.59,annual,10.08,0,0.0,,0.0,,0.0,0.4939748985727154
POL-015201,INS-00141,2023-12-23,2023-07-23,2024-07-22,APD,13,2.0,7,31.0,15.9,244.0,construction,fl,2,2,32086.67,500,100,3410.13,monthly,42.21,2,0.0,,0.0,,0.0,0.6113809121254324
POL-016701,INS-00136,2023-08-28,2023-04-10,2024-04-09,AL,9,0.7,7,35.6,7.2,347.7,retail,pa,2,0,22353.28,5000,1000,20650.65,annual,13.94,1,3.0,,0.0,,0.0,0.5103270515257415
POL-016702,INS-00132,2023-06-03,2023-04-06,2024-04-05,AL,13,6.6,7,36.9,13.8,474.9,retail,ga,0,1,7816.81,500,500,21915.21,monthly,11.8,1,0.0,,0.0,,0.0,0.5071794372746111
POL-015202,INS-00614,2023-07-13,2023-05-28,2024-05-27,APD,9,5.5,7,49.2,12.2,203.9,trucking,nc,0,0,0.0,1000,300,9098.12,quarterly,49.32,0,1.0,,0.0,,0.0,0.4860422486781205
POL-015203,INS-00679,2023-05-06,2023-05-05,2024-05-04,APD,7,8.8,4,37.2,10.4,64.2,trucking,nc,2,0,37076.94,250,300,9171.78,monthly,23.69,1,1.0,,0.0,,0.0,0.4738241785939585
POL-016703,INS-00650,2023-07-05,2023-06-22,2024-06-21,AL,11,9.1,4,46.4,6.4,453.6,trucking,fl,1,1,9294.32,1000,500,9813.25,quarterly,50.22245,3,3.0,,0.0,,0.0,0.7438016575726056
POL-016704,INS-00454,2023-05-25,2023-02-28,2024-02-28,AL,7,4.1,7,39.8,1.5,126.7,construction,tx,2,0,13014.39,1000,1000,17151.16,monthly,50.28,3,3.0,,0.0,,0.0,0.5122622145669994
POL-015204,INS-00330,2023-09-24,2023-05-25,2024-05-24,APD,3,4.4,8,36.2,5.2,72.2,trucking,fl,0,0,0.0,1000,100,5151.48,monthly,45.1,0,1.0,,0.0,,0.0,0.2604170278315881
POL-015205,INS-00714,2023-07-07,2023-01-09,2024-01-09,APD,7,2.0,6,39.4,16.4,209.2,retail,co,2,0,25617.55,250,300,5125.04,quarterly,98.53,0,0.0,,0.0,,0.0,0.5767450748494745
POL-016705,INS-00317,2023-07-25,2023-03-05,2024-03-04,AL,6,3.3,6,55.0,1.0,185.1,retail,ca,0,0,0.0,5000,100,11390.24,monthly,74.77,1,0.0,,0.0,,0.0,0.38855094853448113
POL-016706,INS-00137,2023-02-01,2022-10-03,2023-10-03,AL,13,5.0,10,36.5,4.3,204.2,construction,ny,1,0,3805.69,2500,300,5730.8,quarterly,78.23,2,0.0,,0.0,,0.0,0.6268190753225802
POL-015206,INS-00097,2023-11-03,2023-06-20,2024-06-19,APD,7,5.8,8,42.4,14.9,161.6,trucking,ga,0,0,0.0,1000,100,5372.78,monthly,28.59,1,0.0,,0.0,,0.0,0.3571149573187214
POL-015207,INS-00598,2023-01-03,2022-11-07,2023-11-07,APD,7,6.2,9,39.0,9.1,124.4,service,wa,0,0,0.0,2500,300,11618.76,monthly,6.67,2,0.0,,0.0,,0.0,0.29637980164033745
POL-016707,INS-00413,2023-08-27,2023-03-27,2024-03-26,AL,4,4.3,4,50.4,12.6,114.6,construction,az,1,0,7219.6,500,300,6694.31,annual,54.86,0,1.0,,0.0,,0.0,0.2769102214053677
POL-016708,INS-00480,2024-01-24,2023-08-30,2024-08-29,AL,11,7.7,7,26.8,1.0,564.1,retail,ga,0,0,0.0,500,300,15764.67,monthly,52.90282967032967,1,3.0,,0.0,,0.0,0.5671825279567864
POL-015208,INS-00064,2023-06-18,2023-02-17,2024-02-17,APD,10,3.4,3,41.3,16.3,187.8,trucking,tx,1,1,51011.12,5000,1000,12180.68,annual,79.5,3,0.0,,0.0,,0.0,0.567306768655877
POL-015209,INS-00271,2023-05-26,2023-05-08,2024-05-07,APD,10,7.4,6,35.6,16.8,310.0,trucking,ga,0,1,1552.7,500,100,8331.76,missing,58.45,1,0.0,,0.0,,0.0,0.5475523684378925
POL-016709,INS-00200,2023-12-23,2023-12-14,2024-12-13,AL,5,1.5,4,40.1,15.2,104.6,service,co,0,0,0.0,1000,300,11973.79,annual,49.42157509157509,1,1.0,9999-01-01,-999.0,INVALID,-999.0,0.29095029318057636
POL-016710,INS-00431,2023-03-05,2023-03-04,2024-03-03,AL,12,6.8,8,30.4,5.2,425.0,retail,il,1,1,0.0,250,1000,13557.89,monthly,8.4,3,0.0,,0.0,,0.0,0.5458014790978276
POL-015210,INS-00426,2023-12-31,2023-08-29,2024-08-28,APD,12,7.5,4,35.2,15.7,0.0,trucking,co,3,1,78502.72,2500,100,3932.34,quarterly,76.2,1,0.0,,0.0,,0.0,0.7496788278280219
POL-016711,INS-00032,2023-07-06,2023-06-03,2024-06-02,AL,7,4.8,6,54.5,15.1,106.0,rideshare,il,3,1,47300.69,250,300,5607.13,quarterly,25.91,2,0.0,9999-01-01,-999.0,INVALID,-999.0,0.4199343690531721
POL-015211,INS-00451,2023-02-08,2022-11-10,2023-11-10,APD,10,3.3,7,25.3,4.1,484.9,other,oh,0,0,0.0,250,300,5005.14,monthly,53.56,3,3.0,,0.0,,0.0,0.6113467363491274
POL-015212,INS-00223,2024-01-18,2023-07-28,2024-07-27,APD,11,6.4,6,40.6,6.7,1120.4,construction,fl,2,0,35447.27,1000,300,16453.22,monthly,44.09,1,0.0,9999-01-01,-999.0,INVALID,-999.0,0.8469972545475001
POL-016712,INS-00525,2023-12-21,2023-11-12,2024-11-11,AL,6,5.5,6,46.6,3.2,115.4,other,ny,1,0,8020.71,5000,1000,11983.89,annual,5.46,0,1.0,,0.0,,0.0,0.3107304348388773
POL-016713,INS-00709,2024-04-01,2023-12-21,2024-12-20,AL,8,5.7,4,27.5,4.2,0.0,retail,il,2,0,88587.03,1000,100,11296.06,quarterly,22.77,3,2.0,,0.0,,0.0,0.5674485713777055
POL-015213,INS-00333,2023-10-05,2023-07-23,2024-07-22,APD,4,6.4,4,32.3,10.3,51.5,retail,il,0,0,0.0,1000,100,16947.36,quarterly,13.88,2,0.0,,0.0,,0.0,0.2074264449799299
POL-015214,INS-00455,2023-03-24,2022-11-28,2023-11-28,APD,11,4.5,4,27.4,1.5,483.4,retail,wa,1,1,15488.17,1000,100,18286.26,quarterly,63.81,1,2.0,,0.0,,0.0,0.7059343605538375
POL-016714,INS-00142,2023-03-12,2022-12-21,2023-12-21,AL,6,8.9,1,28.4,2.8,58.5,service,fl,2,1,0.0,500,300,10234.83,monthly,66.22,1,0.0,,0.0,,0.0,0.3745193852340263
POL-016715,INS-00298,2024-02-29,2023-12-16,2024-12-15,AL,6,3.6,8,41.4,2.9,90.7,retail,fl,1,2,55722.65,2500,500,10297.87,missing,49.04,1,0.0,,0.0,,0.0,0.5038725893553518
POL-015215,INS-00148,2023-01-13,2023-01-08,2024-01-08,APD,10,3.8,8,44.6,1.3,267.7,service,nc,4,0,0.0,250,100,6846.29,monthly,18.1,2,3.0,,0.0,,0.0,0.6717534322649233
POL-015216,INS-00053,2024-04-27,2024-04-13,2025-04-13,APD,5,5.5,7,32.8,1.0,389.8,construction,ca,1,0,2751.14,500,1000,8201.17,monthly,50.99,1,0.0,,0.0,,0.0,0.4659168652964311
POL-016716,INS-00558,2024-03-22,2024-03-01,2025-03-01,AL,10,3.9,6,40.6,5.8,270.7,construction,co,1,1,12600.63,5000,1000,18058.04,monthly,60.17,0,0.0,,0.0,,0.0,0.586077082496831
POL-016717,INS-00588,2023-08-04,2023-06-28,2024-06-27,AL,10,4.1,8,39.9,3.9,184.2,retail,co,1,0,5723.02,250,1000,18763.64,monthly,29.26,0,1.0,,0.0,,0.0,0.3967968458251111
POL-015217,INS-00395,2023-06-29,2023-05-11,2024-05-10,APD,4,3.2,7,25.9,6.7,171.2,service,az,0,0,0.0,2500,500,5275.51,quarterly,45.19,1,0.0,,0.0,,0.0,0.2593705070295198
POL-015218,INS-00301,2023-09-11,2023-05-28,2024-05-27,APD,8,4.1,9,44.7,8.0,204.6,service,nc,0,0,0.0,1000,300,3948.82,monthly,75.44,3,0.0,,0.0,,0.0,0.47525269932859027
POL-016718,INS-00165,2023-12-19,2023-07-30,2024-07-29,AL,11,5.2,5,33.1,1.5,299.5,trucking,pa,0,0,0.0,500,300,14718.32,quarterly,99.13,1,0.0,,0.0,,0.0,0.6303804278070633
POL-016719,INS-00357,2023-04-25,2023-02-18,2024-02-18,AL,4,2.2,9,35.7,1.0,111.2,construction,wa,0,0,0.0,500,300,13091.31,monthly,70.15,0,1.0,9999-01-01,-999.0,INVALID,-999.0,0.2962960154387161
POL-015219,INS-00497,2023-01-24,2022-09-28,2023-09-28,APD,8,1.3,12,27.9,7.6,249.2,retail,wa,4,0,30877.41,1000,100,7391.03,quarterly,50.24,2,0.0,,0.0,,0.0,0.5794135412684268
POL-015220,INS-00403,2023-01-15,2022-08-27,2023-08-27,APD,8,3.3,8,44.2,9.5,285.0,service,oh,0,1,33004.94,5000,300,5807.81,annual,16.77,1,0.0,,0.0,,0.0,0.3588639625387505
POL-016720,INS-00580,2024-04-24,2024-04-22,2025-04-22,AL,6,6.2,4,65.6,8.6,148.6,construction,il,1,1,53389.12,2500,300,12257.29,quarterly,93.9,1,0.0,,0.0,,0.0,0.5615465733764012
POL-016721,INS-00486,2023-06-20,2023-03-23,2024-03-22,AL,10,2.7,8,28.0,1.0,192.0,service,ca,1,0,0.0,500,300,6436.04,annual,78.69,2,3.0,,0.0,,0.0,0.5380038222681621
POL-015221,INS-00049,2024-04-03,2023-10-27,2024-10-26,APD,5,4.1,3,41.6,9.6,91.7,construction,wa,1,0,6135.71,500,100,5570.55,annual,87.37,1,3.0,,0.0,,0.0,0.5296839493965554
POL-015222,INS-00261,2023-06-20,2023-02-27,2024-02-27,APD,6,6.9,5,46.0,11.7,105.3,construction,co,1,0,18844.15,250,1000,8719.19,annual,90.03,3,0.0,,0.0,,0.0,0.5069806267632483
POL-016722,INS-00560,2024-05-28,2023-12-01,2024-11-30,AL,7,6.2,10,30.2,8.7,132.4,retail,tx,0,0,0.0,5000,500,16184.34,monthly,50.99,1,2.0,,0.0,,0.0,0.4290017481970214
POL-016723,INS-00558,2023-04-11,2023-01-07,2024-01-07,AL,6,5.4,9,36.4,4.8,135.5,other,wa,0,0,0.0,5000,500,6999.09,monthly,68.56,0,1.0,,0.0,,0.0,0.39541707283519795
POL-015223,INS-00516,2024-05-14,2024-04-23,2025-04-23,APD,7,6.1,7,40.0,5.1,121.3,trucking,pa,0,0,0.0,2500,300,13736.54,quarterly,50.350069284064666,2,1.0,,0.0,,0.0,0.4072525983576903
POL-015224,INS-00732,2024-03-15,2024-02-10,2025-02-09,APD,12,3.9,8,52.0,2.8,258.0,retail,wa,3,0,105130.78,250,300,11691.61,quarterly,82.53,1,2.0,9999-01-01,-999.0,INVALID,-999.0,0.7299203588084451
POL-016724,INS-00745,2023-01-06,2022-10-02,2023-10-02,AL,8,2.0,8,41.7,3.5,182.0,construction,tx,1,0,16427.24,1000,300,13991.76,annual,27.4,1,1.0,9999-01-01,-999.0,INVALID,-999.0,0.3546643601661969
POL-016725,INS-00673,2023-01-21,2022-12-18,2023-12-18,AL,8,6.3,5,25.7,16.9,341.3,service,wa,0,1,23906.93,250,300,4347.5,monthly,57.3,0,3.0,,0.0,,0.0,0.4909302277756558
POL-015225,INS-00355,2023-11-05,2023-06-04,2024-06-03,APD,12,4.7,9,23.9,7.2,243.2,trucking,tx,2,0,24210.42,1000,100,8006.42,quarterly,74.0,4,3.0,,0.0,,0.0,0.7295016964245552
POL-015226,INS-00173,2023-07-22,2023-05-10,2024-05-09,APD,5,4.4,5,29.8,9.1,91.6,trucking,co,0,0,0.0,5000,300,14384.33,quarterly,85.19,1,0.0,,0.0,,0.0,0.37793125058499083
POL-016726,INS-00589,2024-06-14,2024-03-25,2025-03-25,AL,7,6.3,3,46.2,10.7,129.2,service,fl,0,0,0.0,5000,500,13465.06,monthly,68.64,1,3.0,,0.0,,0.0,0.47778900903813093
POL-016727,INS-00389,2024-05-29,2024-04-16,2025-04-16,AL,8,5.2,6,43.4,22.0,371.6,service,tx,1,0,5381.25,1000,100,11599.26,annual,69.07,1,0.0,,0.0,,0.0,0.4053065076344228
POL-015227,INS-00061,2023-11-27,2023-07-16,2024-07-15,APD,7,3.0,3,49.5,11.8,105.7,construction,il,0,0,0.0,250,100,12081.62,monthly,80.15,4,0.0,,0.0,,0.0,0.4335457940346821
POL-015228,INS-00693,2023-09-22,2023-04-05,2024-04-04,APD,9,3.7,7,53.9,2.5,239.6,trucking,wa,0,0,0.0,5000,300,7428.82,quarterly,94.3,3,3.0,,0.0,,0.0,0.6082434961512638
POL-016728,INS-00499,2024-02-18,2024-02-05,2025-02-04,AL,7,10.6,5,34.2,7.6,282.4,service,ny,0,0,0.0,2500,300,9320.4,monthly,49.41,3,0.0,,0.0,,0.0,0.39254574432410877
POL-016729,INS-00052,2024-05-23,2023-12-24,2024-12-23,AL,13,4.0,9,34.5,5.2,0.0,service,wa,2,0,5600.92,250,500,9732.27,annual,15.01,2,0.0,,0.0,,0.0,0.5012714777757129
POL-015229,INS-00528,2023-01-31,2022-11-16,2023-11-16,APD,5,4.3,5,38.3,4.3,111.5,retail,pa,1,0,10114.89,500,1000,5000.91,monthly,52.86,1,2.0,,0.0,,0.0,0.41655553037868936
POL-015230,INS-00505,2023-08-08,2023-04-07,2024-04-06,APD,5,5.3,7,42.6,1.8,94.6,retail,ca,0,0,0.0,500,300,5927.8,annual,86.05,1,0.0,,0.0,,0.0,0.3932858779755783
POL-016730,INS-00718,2023-08-02,2023-05-31,2024-05-30,AL,8,2.0,4,41.2,7.9,296.0,trucking,tx,0,0,0.0,5000,1000,4986.69,missing,0.13,1,4.0,,0.0,,0.0,0.5278845006899369
POL-016731,INS-00624,2023-09-29,2023-06-29,2024-06-28,AL,4,5.4,7,45.9,4.3,22.5,construction,oh,0,0,0.0,5000,300,18935.83,quarterly,91.25,1,0.0,9999-01-01,-999.0,INVALID,-999.0,0.4527558182801347
POL-015231,INS-00563,2024-05-31,2024-01-14,2025-01-13,APD,8,7.0,4,40.0,21.4,201.2,retail,oh,0,1,5615.56,5000,500,10788.35,monthly,65.35,1,2.0,,0.0,,0.0,0.5184198763827015
POL-015232,INS-00555,2023-07-13,2023-05-04,2024-05-03,APD,9,2.4,3,31.1,16.3,383.0,other,fl,0,2,34390.02,5000,100,5426.84,quarterly,55.58,2,2.0,9999-01-01,-999.0,INVALID,-999.0,0.4989031885188057
POL-016732,INS-00166,2023-06-18,2023-02-07,2024-02-07,AL,8,2.9,2,46.7,1.8,60.4,construction,ny,1,1,0.0,5000,300,12836.38,monthly,85.7,2,1.0,,0.0,,0.0,0.5942797858612958
POL-016733,INS-00431,2023-07-22,2023-07-14,2024-07-13,AL,6,7.9,4,51.5,7.2,180.4,trucking,ca,0,0,0.0,1000,300,15023.55,annual,77.96,1,3.0,,0.0,,0.0,0.47850742824016257
POL-015233,INS-00387,2023-11-17,2023-09-28,2024-09-27,APD,16,10.9,6,46.7,3.6,526.0,service,fl,2,0,0.0,5000,1000,5091.57,monthly,10.48,3,0.0,9999-01-01,-999.0,INVALID,-999.0,0.7102352925453224
POL-015234,INS-00609,2024-04-15,2024-03-19,2025-03-19,APD,6,3.7,10,34.1,2.0,208.4,trucking,il,0,1,0.0,2500,500,14568.62,annual,77.9,1,0.0,,0.0,,0.0,0.44344981834087727
POL-016734,INS-00338,2024-06-25,2024-03-21,2025-03-21,AL,5,1.4,5,46.6,1.0,189.1,construction,ny,0,2,13982.57,2500,300,39535.29,annual,1.45,0,1.0,,0.0,,0.0,0.33714425056153674
POL-016735,INS-00434,2023-05-03,2022-12-30,2023-12-30,AL,5,2.1,8,45.4,16.3,189.9,trucking,il,0,0,0.0,1000,300,9743.88,quarterly,50.22245,1,0.0,,0.0,,0.0,0.3700970415114876
POL-015235,INS-00414,2023-06-20,2023-02-20,2024-02-20,APD,7,3.7,3,37.5,20.6,138.1,trucking,co,0,1,6908.18,1000,300,5215.65,annual,84.55,1,2.0,,0.0,,0.0,0.5292894195827473
POL-015236,INS-00377,2023-02-08,2023-01-07,2024-01-07,APD,8,2.8,5,35.9,9.3,0.0,rideshare,nc,0,0,0.0,2500,500,6971.06,annual,85.74,1,1.0,,0.0,,0.0,0.5890529319596292
POL-016736,INS-00193,2024-03-24,2024-01-29,2025-01-28,AL,9,5.4,9,34.5,1.3,399.4,construction,tx,0,0,0.0,2500,500,5369.58,annual,95.06,1,0.0,,0.0,,0.0,0.5603859500479099
POL-016737,INS-00504,2023-03-18,2023-01-01,2024-01-01,AL,7,3.6,2,37.8,1.0,417.8,retail,wa,1,1,47553.09,250,1000,25579.18,quarterly,61.05,2,3.0,,0.0,,0.0,0.6661056173847942
POL-015237,INS-00192,2023-03-27,2023-03-03,2024-03-02,APD,9,3.1,9,35.1,17.6,149.2,service,oh,1,0,4015.38,2500,300,10370.53,quarterly,31.11,1,0.0,,0.0,,0.0,0.4315300442310431
POL-015238,INS-00544,2023-01-30,2022-11-22,2023-11-22,APD,9,3.7,4,38.3,18.5,338.0,trucking,il,2,0,22638.31,1000,1000,10932.65,monthly,18.21,1,0.0,,0.0,,0.0,0.5282391906614237
POL-016738,INS-00306,2023-03-30,2022-12-13,2023-12-13,AL,6,4.0,5,52.8,5.2,224.8,retail,ny,0,0,0.0,500,300,19678.22,monthly,95.97,3,0.0,,0.0,,0.0,0.45165757856092753
POL-016739,INS-00418,2023-04-07,2023-04-07,2024-04-06,AL,7,3.7,3,44.7,5.2,131.0,retail,co,1,0,17794.43,5000,500,10208.73,monthly,24.04,0,2.0,,0.0,,0.0,0.3621081679977291
POL-015239,INS-00373,2023-02-18,2022-11-06,2023-11-06,APD,10,2.8,4,50.0,33.5,325.3,retail,wa,4,1,15847.73,5000,300,11411.65,annual,59.57,2,1.0,,0.0,,0.0,0.7011107202613478
POL-015240,INS-00220,2024-06-04,2024-01-30,2025-01-29,APD,6,8.3,3,52.1,3.6,227.1,service,nc,0,1,0.0,250,500,9512.3,annual,84.77,1,0.0,,0.0,,0.0,0.49030256137757067
POL-016740,INS-00482,2024-06-16,2024-05-28,2025-05-28,AL,8,2.7,3,34.3,2.0,185.9,construction,az,0,0,0.0,5000,300,27508.15,annual,49.0,0,3.0,9999-01-01,-999.0,INVALID,-999.0,0.459810118916563
POL-016741,INS-00560,2024-01-16,2023-12-08,2024-12-07,AL,7,3.9,5,45.2,2.5,345.7,trucking,ga,2,0,26184.49,5000,500,3651.53,missing,83.29,1,1.0,,0.0,,0.0,0.5998206002629418
POL-015241,INS-00078,2024-04-09,2024-01-22,2025-01-21,APD,9,5.9,6,0.0,1.0,0.0,service,co,0,2,3275.81,2500,300,4354.24,annual,40.72,2,0.0,,0.0,,0.0,0.5171091451994811
POL-015242,INS-00034,2023-07-24,2023-02-26,2024-02-26,APD,6,1.5,6,45.7,1.0,130.8,trucking,nc,0,0,0.0,250,500,7810.37,monthly,95.02,1,0.0,9999-01-01,-999.0,INVALID,-999.0,0.45682073515447275
POL-016742,INS-00600,2023-06-18,2023-05-28,2024-05-27,AL,8,3.3,5,40.3,1.6,156.4,retail,ca,1,0,9356.57,500,300,33599.17,quarterly,66.54,2,0.0,,0.0,,0.0,0.45952187672832373
POL-016743,INS-00201,2023-02-23,2022-11-12,2023-11-12,AL,6,8.4,4,37.6,12.4,258.8,retail,oh,1,0,4926.05,2500,300,19157.23,annual,54.4,2,4.0,,0.0,,0.0,0.4653470052449181
POL-015243,INS-00213,2023-11-20,2023-09-11,2024-09-10,APD,8,9.4,5,36.7,3.8,266.1,service,nc,0,1,22110.08,1000,500,16791.71,quarterly,75.68,0,1.0,,0.0,,0.0,0.573181351535091
POL-016744,INS-00284,2023-02-22,2022-10-05,2023-10-05,AL,11,7.7,8,42.0,19.1,225.2,trucking,ga,2,0,0.0,1000,500,16550.42,annual,9.2,5,0.0,,0.0,,0.0,0.4934346878520378
POL-015244,INS-00500,2024-01-28,2023-12-23,2024-12-22,APD,9,5.7,4,30.9,7.0,192.4,retail,ny,0,2,43449.69,250,1000,6766.87,annual,36.22,0,0.0,,0.0,,0.0,0.42695228521993095
POL-015245,INS-00193,2023-09-22,2023-07-17,2024-07-16,APD,7,4.6,6,35.9,5.0,154.1,retail,tx,0,1,69836.98,1000,100,11266.38,monthly,8.33,0,0.0,,0.0,,0.0,0.28801890257197804
POL-016745,INS-00499,2023-01-18,2022-10-05,2023-10-05,AL,6,0.7,7,43.8,30.2,79.5,rideshare,ga,0,0,0.0,5000,300,9236.01,quarterly,66.39,1,0.0,,0.0,,0.0,0.42801168688543917
POL-016746,INS-00720,2023-06-22,2023-06-09,2024-06-08,AL,15,3.8,4,43.9,1.8,403.8,trucking,ca,2,3,49186.06,2500,300,16616.93,monthly,57.33,4,3.0,,0.0,,0.0,0.8686585295536137
POL-015246,INS-00295,2024-05-20,2024-04-26,2025-04-26,APD,7,6.3,6,24.2,11.8,139.2,service,az,2,0,0.0,2500,500,5194.09,annual,74.75,2,3.0,,0.0,,0.0,0.6044775170743768
POL-015247,INS-00665,2024-06-10,2024-05-29,2025-05-29,APD,16,4.4,6,37.5,13.2,714.6,other,fl,2,1,24752.96,250,500,2000.0,quarterly,29.05,3,4.0,9999-01-01,-999.0,INVALID,-999.0,0.8115718892156232
POL-016747,INS-00682,2023-09-20,2023-09-03,2024-09-02,AL,6,9.4,7,35.5,12.2,100.7,trucking,az,1,0,33234.75,250,300,7015.28,quarterly,60.55,1,1.0,,0.0,,0.0,0.4404933770332213
POL-016748,INS-00244,2024-03-16,2024-01-25,2025-01-24,AL,6,3.4,8,43.8,18.0,152.3,retail,co,1,0,17963.61,2500,300,16510.17,annual,63.01,1,0.0,,0.0,,0.0,0.35931516387326506
POL-015248,INS-00448,2024-03-04,2023-09-18,2024-09-17,APD,6,5.8,4,30.8,1.0,269.5,trucking,tx,1,0,20556.33,1000,300,15029.32,annual,82.74,2,1.0,,0.0,,0.0,0.5667818138409246
POL-015249,INS-00228,2024-06-26,2024-05-01,2025-05-01,APD,7,5.1,5,40.9,1.0,184.2,trucking,tx,1,0,9214.93,500,100,12791.76,quarterly,40.86,1,0.0,9999-01-01,-999.0,INVALID,-999.0,0.44351999765492095
POL-016749,INS-00301,2023-06-09,2023-04-18,2024-04-17,AL,9,6.1,8,36.1,1.3,149.1,service,tx,0,0,0.0,5000,1000,8814.77,quarterly,45.02,1,0.0,,0.0,,0.0,0.48949362281358894
POL-016750,INS-00704,2024-03-25,2023-11-12,2024-11-11,AL,9,0.0,5,21.0,4.8,132.9,retail,ga,3,1,104489.18,250,500,25528.56,quarterly,15.37,1,1.0,,0.0,,0.0,0.48962081541693137
POL-015250,INS-00336,2024-03-31,2024-03-22,2025-03-22,APD,5,8.9,5,49.5,2.1,332.0,trucking,tx,1,1,41107.04,1000,100,14015.19,monthly,47.22,1,0.0,,0.0,,0.0,0.4541293775948277
POL-015251,INS-00523,2023-05-09,2023-01-14,2024-01-14,APD,5,7.3,2,31.0,1.2,74.7,trucking,nc,0,1,5110.35,1000,100,9331.9,quarterly,74.99,0,0.0,,0.0,,0.0,0.40719641613948976
POL-016751,INS-00519,2023-04-09,2023-03-02,2024-03-01,AL,2,6.4,2,40.8,5.2,34.8,retail,oh,0,0,0.0,5000,300,38442.89,quarterly,53.75,0,0.0,,0.0,,0.0,0.2690051925185435
POL-016752,INS-00517,2023-12-14,2023-12-04,2024-12-03,AL,10,0.0,8,30.9,2.1,238.0,trucking,il,2,1,33509.17,250,300,12128.57,quarterly,33.32,3,1.0,,0.0,,0.0,0.6047353367785007
POL-015252,INS-00167,2024-01-09,2023-12-21,2024-12-20,APD,7,2.6,11,47.5,1.1,311.0,construction,nc,2,0,22005.93,5000,100,9023.93,quarterly,77.13,1,0.0,9999-01-01,-999.0,INVALID,-999.0,0.5602193935278412
POL-015253,INS-00639,2023-03-18,2023-03-07,2024-03-06,APD,7,0.0,9,41.4,6.6,182.8,service,pa,2,0,39983.71,250,100,6017.58,quarterly,81.86,1,0.0,,0.0,,0.0,0.5220265348814729
POL-016753,INS-00257,2023-03-31,2023-02-14,2024-02-14,AL,4,5.2,4,54.2,6.6,0.0,service,nc,0,0,0.0,1000,500,10093.68,quarterly,13.52,1,1.0,,0.0,,0.0,0.3386816883351108
POL-015254,INS-00170,2023-08-08,2023-03-17,2024-03-16,APD,9,4.1,6,37.4,2.5,0.0,construction,ga,3,0,7747.14,5000,100,3077.96,quarterly,95.96,3,2.0,9999-01-01,-999.0,INVALID,-999.0,0.7602304284802173
POL-016754,INS-00198,2024-03-13,2023-12-04,2024-12-03,AL,11,8.8,9,34.6,6.1,264.5,retail,wa,0,0,0.0,1000,500,15010.25,monthly,81.7,1,0.0,9999-01-01,-999.0,INVALID,-999.0,0.5122517462214591
POL-016755,INS-00551,2023-08-26,2023-03-05,2024-03-04,AL,5,4.2,5,0.0,16.3,78.6,trucking,oh,0,0,0.0,250,1000,9018.96,annual,43.83,0,3.0,,0.0,,0.0,0.39004983595927667
POL-015255,INS-00250,2023-12-29,2023-09-06,2024-09-05,APD,10,4.1,11,31.2,3.2,230.4,service,il,1,1,18087.73,250,300,9511.34,monthly,86.08,2,1.0,,0.0,,0.0,0.6527903111044232
POL-015256,INS-00749,2024-01-08,2023-12-20,2024-12-19,APD,8,3.5,9,44.4,18.5,393.7,trucking,il,0,2,18521.18,5000,300,9797.62,quarterly,51.52,4,3.0,9999-01-01,-999.0,INVALID,-999.0,0.526838718011018
POL-016756,INS-00382,2024-06-29,2024-04-26,2025-04-26,AL,7,4.0,8,28.7,4.8,230.2,construction,nc,1,0,25498.34,250,1000,5763.17,annual,7.46,1,3.0,9999-01-01,-999.0,INVALID,-999.0,0.38536430462773147
POL-015257,INS-00497,2023-12-30,2023-10-30,2024-10-29,APD,7,2.7,1,39.7,1.8,633.2,other,oh,0,0,0.0,500,500,5793.96,monthly,47.62869565217392,5,0.0,9999-01-01,-999.0,INVALID,-999.0,0.4850843794525421
POL-016757,INS-00563,2024-01-18,2023-08-10,2024-08-09,AL,10,1.9,5,42.9,1.0,263.9,retail,ca,1,0,39100.85,500,500,12505.46,annual,48.39,2,1.0,9999-01-01,-999.0,INVALID,-999.0,0.4891386586280059
POL-016758,INS-00677,2023-09-07,2023-03-19,2024-03-18,AL,9,5.2,9,55.8,2.8,204.0,trucking,nc,2,0,4704.18,1000,500,11342.62,quarterly,82.05,1,0.0,,0.0,,0.0,0.5567513988681126
POL-015258,INS-00374,2023-12-29,2023-07-24,2024-07-23,APD,15,6.4,11,40.6,15.1,807.7,other,ga,3,1,69841.84,5000,300,9287.45,annual,23.6,3,0.0,,0.0,,0.0,0.7772098138449642
POL-016759,INS-00482,2024-01-26,2023-10-08,2024-10-07,AL,14,6.5,3,37.5,1.9,421.8,trucking,wa,1,0,6751.96,250,500,5626.97,annual,54.69,3,0.0,,0.0,,0.0,0.6385561465438521
POL-015259,INS-00553,2023-01-16,2022-09-20,2023-09-20,APD,9,7.2,4,28.4,2.1,287.2,rideshare,tx,2,0,39979.01,2500,300,11410.37,monthly,97.7,1,0.0,9999-01-01,-999.0,INVALID,-999.0,0.696695785514275
POL-015260,INS-00543,2023-03-10,2022-10-24,2023-10-24,APD,11,2.7,6,43.1,2.9,464.0,retail,az,1,0,11281.93,1000,300,5165.33,monthly,9.66,1,1.0,,0.0,,0.0,0.5550959755893662
POL-016760,INS-00618,2023-07-11,2023-06-27,2024-06-26,AL,13,1.7,10,44.5,2.1,237.2,other,az,1,1,14501.21,2500,300,26611.14,monthly,89.88,2,4.0,,0.0,,0.0,0.7391421783749434
POL-015261,INS-00086,2023-08-09,2023-04-02,2024-04-01,APD,12,8.1,7,0.0,6.6,402.9,retail,tx,0,1,5652.45,500,100,3958.74,annual,3.68,3,1.0,,0.0,,0.0,0.5189128007215915
POL-016761,INS-00167,2023-08-28,2023-05-28,2024-05-27,AL,13,4.2,6,28.1,7.7,264.9,other,co,0,0,0.0,5000,300,7491.88,annual,84.3,2,3.0,,0.0,,0.0,0.6844899926351821
POL-016762,INS-00122,2024-05-21,2024-02-24,2025-02-23,AL,4,4.9,5,41.9,6.0,103.1,service,az,1,0,0.0,500,500,16011.52,annual,19.09,0,1.0,,0.0,,0.0,0.2057737459916206
POL-015262,INS-00749,2024-03-05,2023-10-13,2024-10-12,APD,8,5.5,10,29.8,1.0,413.3,trucking,ny,2,0,12299.8,5000,500,2833.21,quarterly,55.11,3,0.0,,0.0,,0.0,0.5831987642076953
POL-015263,INS-00409,2023-04-23,2023-03-01,2024-02-29,APD,11,6.9,5,29.8,8.8,283.2,retail,co,1,1,13646.73,5000,300,5326.08,quarterly,89.83,4,2.0,,0.0,,0.0,0.6774033430120836
POL-016763,INS-00711,2024-02-05,2023-10-17,2024-10-16,AL,7,5.5,14,43.2,12.0,187.6,retail,nc,2,0,0.0,5000,500,39225.58,missing,52.90282967032967,4,1.0,,0.0,,0.0,0.5181709053913947
POL-016764,INS-00291,2024-04-03,2024-03-30,2025-03-30,AL,10,4.7,5,49.4,5.5,183.2,trucking,oh,1,0,14512.31,500,500,13967.96,quarterly,15.52,1,1.0,,0.0,,0.0,0.4555334996559106
POL-015264,INS-00417,2023-04-02,2022-12-18,2023-12-18,APD,13,3.7,7,29.1,3.4,589.2,retail,tx,0,0,0.0,5000,500,3980.65,monthly,63.12,5,0.0,,0.0,,0.0,0.6467572798734974
POL-016765,INS-00120,2024-04-26,2023-12-06,2024-12-05,AL,8,5.8,9,38.9,10.0,116.7,retail,ca,2,1,133783.17,500,500,19681.6,monthly,8.68,2,2.0,,0.0,,0.0,0.46250824821546327
POL-015265,INS-00572,2023-02-27,2023-02-14,2024-02-14,APD,11,0.4,9,0.0,6.2,295.2,retail,oh,1,0,21215.98,1000,300,8755.61,monthly,76.03,3,0.0,,0.0,,0.0,0.6040654939504844
POL-015266,INS-00003,2024-04-15,2024-04-02,2025-04-02,APD,6,3.7,9,42.7,21.3,272.7,retail,ca,0,0,0.0,250,100,9030.47,annual,4.7,1,0.0,,0.0,,0.0,0.2783077625452602
POL-016766,INS-00690,2023-12-05,2023-08-26,2024-08-25,AL,11,3.8,7,44.6,3.8,305.7,construction,ca,0,1,14450.09,5000,300,5484.32,monthly,79.35,2,1.0,,0.0,,0.0,0.6724876667882609
POL-016767,INS-00561,2023-11-16,2023-09-09,2024-09-08,AL,7,0.6,6,38.1,5.5,405.9,trucking,oh,1,0,8887.51,500,100,36322.56,annual,33.23,1,0.0,,0.0,,0.0,0.36859791151897625
POL-015267,INS-00099,2024-06-13,2024-02-24,2025-02-23,APD,7,0.9,3,0.0,31.0,77.2,service,pa,0,1,22278.72,500,100,14763.66,annual,32.26,0,1.0,,0.0,,0.0,0.3548804927692928
POL-015268,INS-00398,2024-01-30,2024-01-29,2025-01-28,APD,7,3.5,9,26.7,17.6,0.0,construction,az,1,1,28989.14,2500,500,5722.44,annual,47.7,1,3.0,,0.0,,0.0,0.5670210336225351
POL-016768,INS-00563,2023-12-30,2023-10-12,2024-10-11,AL,10,4.1,6,47.1,15.5,258.3,trucking,ga,1,0,2664.25,1000,500,11864.12,monthly,61.87,3,2.0,,0.0,,0.0,0.5903528058036625
POL-016769,INS-00441,2023-09-06,2023-03-25,2024-03-24,AL,6,3.5,3,40.1,14.0,233.2,service,co,0,0,0.0,500,300,3100.08,monthly,75.24,1,0.0,,0.0,,0.0,0.3481331470249993
POL-015269,INS-00711,2024-05-04,2024-04-01,2025-04-01,APD,6,5.5,7,29.9,1.0,135.3,service,ca,0,0,0.0,250,100,17624.64,quarterly,97.56,3,2.0,,0.0,,0.0,0.506388329843366
POL-015270,INS-00573,2023-06-18,2023-04-13,2024-04-12,APD,11,4.6,7,36.3,8.7,383.9,service,ga,0,0,0.0,5000,300,8320.21,annual,21.62,3,1.0,,0.0,,0.0,0.494196568025442
POL-016770,INS-00548,2024-03-19,2024-01-24,2025-01-23,AL,11,5.0,6,0.0,16.2,289.6,construction,nc,1,0,17432.35,250,300,11766.68,annual,16.79,2,0.0,9999-01-01,-999.0,INVALID,-999.0,0.40634741892924586
POL-015271,INS-00686,2023-11-12,2023-08-15,2024-08-14,APD,3,3.5,4,54.2,16.0,137.7,service,co,0,0,0.0,250,300,13403.74,monthly,60.82,0,3.0,9999-01-01,-999.0,INVALID,-999.0,0.3310197619242369
POL-016771,INS-00510,2023-10-23,2023-10-07,2024-10-06,AL,9,5.1,4,37.4,3.3,58.4,retail,pa,0,2,4703.18,5000,1000,19936.9,monthly,94.6,1,0.0,,0.0,,0.0,0.6824361667828468
POL-016772,INS-00600,2023-08-01,2023-05-06,2024-05-05,AL,9,5.8,4,29.6,35.0,0.0,retail,nc,2,1,0.0,250,1000,18341.04,annual,77.97,2,0.0,,0.0,,0.0,0.6599541641959302
POL-015272,INS-00231,2023-12-11,2023-08-14,2024-08-13,APD,15,4.4,5,32.3,3.3,351.5,trucking,tx,1,0,16118.34,5000,300,7442.59,monthly,43.1,1,2.0,,0.0,,0.0,0.707494321990583
POL-015273,INS-00478,2023-12-25,2023-11-11,2024-11-10,APD,11,0.6,6,41.7,4.1,425.1,retail,fl,1,0,22553.04,5000,500,7600.48,quarterly,29.82,3,0.0,,0.0,,0.0,0.5067027760514747
POL-016773,INS-00447,2024-05-15,2024-04-18,2025-04-18,AL,8,11.5,6,43.3,3.6,217.6,trucking,nc,0,0,0.0,2500,100,5288.41,annual,23.8,3,1.0,,0.0,,0.0,0.41946403304709146
POL-016774,INS-00029,2023-06-26,2023-05-13,2024-05-12,AL,7,5.8,11,32.5,7.4,124.8,service,il,0,0,0.0,1000,500,23949.16,annual,49.42157509157509,2,0.0,,0.0,,0.0,0.34835532294223376
POL-015274,INS-00104,2024-01-28,2023-11-13,2024-11-12,APD,7,4.6,7,33.8,3.9,158.2,construction,ca,1,0,47666.24,2500,300,13742.39,annual,39.35,0,0.0,,0.0,,0.0,0.4161984807108737
POL-015275,INS-00507,2024-01-15,2023-11-02,2024-11-01,APD,11,3.9,7,34.1,8.7,262.3,trucking,tx,0,0,0.0,5000,300,8125.47,annual,80.22,2,0.0,,0.0,,0.0,0.5810279090802358
POL-016775,INS-00492,2023-06-01,2022-12-28,2023-12-28,AL,11,6.0,7,47.4,20.5,248.5,service,fl,2,0,15285.29,5000,100,7777.23,monthly,38.22,3,0.0,,0.0,,0.0,0.4753586644701242
POL-016776,INS-00240,2024-02-10,2023-11-30,2024-11-29,AL,7,3.9,7,40.8,1.0,216.6,trucking,ny,0,1,8189.38,2500,300,14523.97,annual,5.78,1,0.0,,0.0,,0.0,0.36772146585556326
POL-015276,INS-00286,2024-04-04,2023-12-25,2024-12-24,APD,7,8.0,10,50.1,1.3,322.4,service,co,1,2,15420.24,5000,100,16962.59,monthly,21.36,2,4.0,,0.0,,0.0,0.5344668432025098
POL-015277,INS-00256,2024-05-10,2023-11-29,2024-11-28,APD,8,6.2,6,36.5,4.2,582.4,other,az,3,0,24414.8,250,500,5225.79,annual,41.05,0,1.0,,0.0,,0.0,0.6891423670036857
POL-016777,INS-00746,2023-08-11,2023-07-22,2024-07-21,AL,16,7.1,10,28.9,1.3,436.4,service,oh,2,2,52973.93,1000,500,25561.77,monthly,88.49,2,0.0,,0.0,,0.0,0.783443424763602
POL-016778,INS-00177,2023-01-27,2022-11-26,2023-11-26,AL,6,3.4,6,26.4,1.1,261.8,service,wa,0,1,16967.57,5000,500,7916.06,quarterly,73.61,3,2.0,,0.0,,0.0,0.6253177949113252
POL-015278,INS-00566,2023-01-21,2022-12-02,2023-12-02,APD,6,5.4,3,33.8,5.9,92.9,trucking,pa,0,1,11989.0,2500,100,9944.66,monthly,72.76,2,1.0,,0.0,,0.0,0.4468185546368264
POL-015279,INS-00638,2023-10-03,2023-07-22,2024-07-21,APD,6,6.6,7,48.3,19.8,177.2,service,az,0,0,0.0,5000,500,3288.52,monthly,15.57,0,0.0,9999-01-01,-999.0,INVALID,-999.0,0.288672284069461
POL-016779,INS-00390,2024-05-05,2024-02-11,2025-02-10,AL,6,4.5,1,28.1,1.0,101.1,construction,oh,0,0,0.0,5000,300,6033.52,monthly,92.58,2,1.0,,0.0,,0.0,0.4957950225752271
POL-016780,INS-00457,2023-10-12,2023-08-30,2024-08-29,AL,6,4.3,7,44.4,2.7,169.2,service,ny,0,0,0.0,2500,500,10716.65,quarterly,84.31,4,1.0,,0.0,,0.0,0.5375408431806386
POL-015280,INS-00202,2023-11-09,2023-07-15,2024-07-14,APD,5,6.1,8,35.3,1.0,117.2,retail,fl,1,0,5778.78,1000,500,5463.52,missing,89.55,2,1.0,,0.0,,0.0,0.4564510725527412
POL-015281,INS-00318,2023-05-07,2023-02-14,2024-02-14,APD,11,5.0,8,24.4,9.1,504.6,construction,ca,0,0,0.0,500,300,12262.81,monthly,6.82,1,1.0,,0.0,,0.0,0.5335649767154498
POL-016781,INS-00385,2023-10-19,2023-05-25,2024-05-24,AL,8,3.3,9,41.9,3.4,175.8,retail,fl,0,0,0.0,1000,300,19148.35,monthly,71.65,3,0.0,,0.0,,0.0,0.44598337005611
POL-016782,INS-00494,2024-04-27,2024-01-18,2025-01-17,AL,7,4.8,8,38.3,1.0,188.5,trucking,co,0,0,0.0,2500,300,3460.24,monthly,77.11,2,4.0,,0.0,,0.0,0.5648517704542014
POL-015282,INS-00167,2024-03-11,2024-02-02,2025-02-01,APD,8,4.9,9,51.9,2.1,209.0,other,az,1,1,30005.45,2500,300,9342.44,quarterly,47.62869565217392,2,0.0,9999-01-01,-999.0,INVALID,-999.0,0.4353057802714075
POL-015283,INS-00425,2024-02-24,2023-10-26,2024-10-25,APD,9,9.4,5,31.3,4.5,183.0,other,ny,1,0,8473.42,2500,300,13994.96,annual,22.28,3,2.0,,0.0,,0.0,0.495373956759904
POL-016783,INS-00126,2023-07-12,2023-03-27,2024-03-26,AL,10,5.7,7,42.5,24.3,507.6,service,ga,0,1,25267.57,250,100,5519.65,monthly,49.42157509157509,1,2.0,9999-01-01,-999.0,INVALID,-999.0,0.543312464282723
POL-016784,INS-00064,2023-11-07,2023-08-23,2024-08-22,AL,5,3.5,11,48.7,1.9,210.4,construction,tx,0,0,0.0,250,500,15050.74,quarterly,20.42,0,1.0,,0.0,,0.0,0.2910142292447435
POL-015284,INS-00136,2024-04-12,2023-12-24,2024-12-23,APD,8,1.4,5,52.1,2.4,263.1,service,az,0,0,0.0,500,500,17467.98,annual,8.44,3,3.0,,0.0,,0.0,0.40450726252542873
POL-016785,INS-00750,2023-05-22,2023-04-19,2024-04-18,AL,5,6.2,8,0.0,7.9,103.8,trucking,ny,0,0,0.0,500,300,11939.36,monthly,81.04,1,0.0,,0.0,,0.0,0.3717560533479989
POL-015285,INS-00447,2024-05-27,2023-12-28,2024-12-27,APD,5,9.3,7,35.6,7.4,168.3,construction,co,1,0,3569.91,5000,100,10355.64,monthly,46.37,1,1.0,,0.0,,0.0,0.42012209207724743
POL-015286,INS-00386,2023-08-19,2023-03-12,2024-03-11,APD,6,4.0,6,29.1,3.4,140.8,trucking,tx,0,1,22604.05,500,500,16471.73,quarterly,44.97,2,0.0,,0.0,,0.0,0.35092318164802877
POL-016786,INS-00695,2023-08-17,2023-05-30,2024-05-29,AL,6,3.5,3,47.4,17.1,158.3,trucking,pa,0,0,0.0,2500,300,23668.23,monthly,53.85,1,3.0,,0.0,,0.0,0.4388597274170265
POL-016787,INS-00142,2023-06-11,2023-01-08,2024-01-08,AL,11,11.1,8,23.5,6.7,258.3,trucking,oh,0,1,5397.63,1000,300,9231.67,monthly,9.97,2,1.0,,0.0,,0.0,0.49525767397357395
POL-015287,INS-00498,2023-03-10,2022-11-20,2023-11-20,APD,6,2.5,3,37.5,6.5,103.4,service,az,0,0,0.0,2500,300,3818.68,annual,50.48,0,0.0,,0.0,,0.0,0.34014101534720814
POL-015288,INS-00442,2023-11-22,2023-08-09,2024-08-08,APD,6,5.0,3,31.2,4.1,153.2,trucking,pa,0,1,8063.99,250,1000,6970.75,monthly,50.350069284064666,1,1.0,,0.0,,0.0,0.4157512929031983
POL-016788,INS-00455,2024-05-28,2024-05-07,2025-05-07,AL,5,6.9,5,48.6,6.4,125.9,retail,il,0,1,16314.8,500,500,11654.36,quarterly,44.97,2,1.0,,0.0,,0.0,0.4328660819811667
POL-016789,INS-00653,2024-03-02,2024-01-18,2025-01-17,AL,16,6.4,4,39.2,20.5,604.3,trucking,ny,1,0,35658.07,2500,1000,7300.61,quarterly,97.17,5,1.0,,0.0,,0.0,0.8864500177556148
POL-015289,INS-00108,2023-04-05,2022-12-08,2023-12-08,APD,11,7.0,3,26.1,8.4,1276.8,retail,ca,1,0,21886.9,250,500,3499.45,monthly,82.53,1,0.0,,0.0,,0.0,0.8896495994930188
POL-016790,INS-00437,2024-06-08,2024-05-04,2025-05-04,AL,7,2.7,5,36.9,26.7,243.3,service,nc,0,0,0.0,500,300,19168.5,monthly,95.37,0,0.0,,0.0,,0.0,0.3914950626156565
POL-015290,INS-00750,2023-12-20,2023-11-21,2024-11-20,APD,4,1.5,3,51.7,3.1,81.3,service,tx,1,0,16498.21,2500,500,10897.62,quarterly,0.29,0,0.0,,0.0,,0.0,0.21533442844376488
POL-016791,INS-00338,2023-01-10,2022-07-22,2023-07-22,AL,6,6.1,6,38.0,1.0,191.2,other,il,1,1,25022.54,2500,300,8871.31,monthly,2.2,5,3.0,,0.0,,0.0,0.4585521253681022
POL-015291,INS-00613,2023-09-16,2023-04-09,2024-04-08,APD,6,4.9,1,30.4,8.7,164.9,construction,ca,0,0,0.0,2500,100,8945.43,annual,18.67,2,1.0,,0.0,,0.0,0.31316802768984386
POL-016792,INS-00339,2023-02-16,2022-09-13,2023-09-13,AL,5,6.3,4,37.7,5.9,146.8,trucking,ga,0,0,0.0,250,1000,9069.74,quarterly,3.17,1,2.0,,0.0,,0.0,0.3531748727395428
POL-015292,INS-00702,2023-05-03,2023-04-25,2024-04-24,APD,12,5.7,2,33.4,10.6,200.3,construction,il,2,0,65818.46,500,300,3141.78,annual,88.76,2,0.0,,0.0,,0.0,0.6888300283748483
POL-015293,INS-00307,2023-11-18,2023-09-15,2024-09-14,APD,7,2.7,5,44.3,11.5,252.7,construction,tx,1,0,7409.48,500,100,3190.62,annual,78.93,2,4.0,,0.0,,0.0,0.6181697386865835
POL-016793,INS-00291,2023-07-25,2023-02-21,2024-02-21,AL,5,3.7,4,42.5,9.0,142.2,construction,fl,0,0,0.0,250,300,11501.44,monthly,79.88,0,0.0,,0.0,,0.0,0.32128475273032137
POL-016794,INS-00280,2024-06-15,2024-04-06,2025-04-06,AL,6,6.6,9,47.2,14.5,180.5,other,nc,2,1,24484.61,250,500,7288.18,monthly,6.75,1,2.0,,0.0,,0.0,0.3371508154230038
POL-015294,INS-00594,2024-03-31,2023-11-18,2024-11-17,APD,7,5.7,9,41.7,6.9,79.8,construction,oh,0,0,0.0,500,300,7765.95,missing,49.768,3,0.0,,0.0,,0.0,0.3514670041810431
POL-015295,INS-00511,2023-04-27,2023-04-21,2024-04-20,APD,7,4.2,9,38.0,14.1,238.0,retail,fl,0,1,12639.3,250,300,16081.62,monthly,37.97,2,1.0,,0.0,,0.0,0.4088146111588647
POL-016795,INS-00749,2024-01-19,2023-11-23,2024-11-22,AL,8,3.2,6,41.6,5.4,137.0,trucking,oh,1,0,5999.29,500,1000,11836.23,monthly,58.76,1,0.0,,0.0,,0.0,0.4575502004964399
POL-016796,INS-00515,2023-02-02,2022-09-25,2023-09-25,AL,9,3.2,8,0.0,1.0,231.7,trucking,tx,0,0,0.0,5000,300,6127.39,missing,71.67,0,0.0,,0.0,,0.0,0.5232031187199603
POL-015296,INS-00031,2024-04-25,2024-04-15,2025-04-15,APD,6,0.8,5,40.0,12.9,166.7,trucking,il,0,0,0.0,1000,500,14048.38,annual,18.01,1,1.0,,0.0,,0.0,0.30750466889208516
POL-015297,INS-00140,2023-01-05,2022-12-13,2023-12-13,APD,7,0.7,6,40.6,27.6,83.1,service,ga,1,0,8509.14,500,1000,9057.45,monthly,18.25,0,0.0,,0.0,,0.0,0.3467627706513579
POL-016797,INS-00417,2023-07-05,2023-02-13,2024-02-13,AL,10,7.3,3,52.3,2.8,246.7,trucking,ga,0,1,0.0,500,300,12407.87,monthly,2.13,4,1.0,9999-01-01,-999.0,INVALID,-999.0,0.4983445748391984
POL-015298,INS-00429,2023-12-27,2023-09-02,2024-09-01,APD,10,4.8,7,51.0,2.4,0.0,rideshare,tx,1,0,0.0,1000,500,4970.42,quarterly,39.86,2,0.0,,0.0,,0.0,0.552384734067495
POL-016798,INS-00078,2023-04-12,2023-01-11,2024-01-11,AL,7,9.6,8,35.3,9.3,359.9,trucking,il,0,0,0.0,2500,300,13226.31,quarterly,34.09,1,0.0,,0.0,,0.0,0.4325322916636868
POL-015299,INS-00263,2023-01-26,2022-12-25,2023-12-25,APD,6,5.0,5,35.7,11.4,217.1,retail,az,0,0,0.0,5000,100,13498.18,annual,66.07,3,0.0,,0.0,,0.0,0.38198709436718215
POL-016799,INS-00278,2023-12-11,2023-06-29,2024-06-28,AL,9,5.3,5,38.7,11.5,306.8,service,tx,0,3,28147.59,1000,100,7438.25,annual,92.14,0,0.0,,0.0,,0.0,0.6319214037823739
POL-016800,INS-00545,2024-04-26,2024-03-25,2025-03-25,AL,6,4.2,7,35.7,10.0,156.0,service,tx,0,0,0.0,500,500,22067.2,monthly,14.94,0,0.0,,0.0,,0.0,0.2229107538714337
POL-015300,INS-00629,2023-06-22,2023-04-19,2024-04-18,APD,10,6.4,3,33.1,1.0,200.0,service,tx,0,0,0.0,5000,300,6709.95,quarterly,88.81,2,4.0,,0.0,,0.0,0.6458626300619718
POL-016801,INS-00160,2024-05-20,2024-02-11,2025-02-10,AL,8,2.7,5,34.8,5.9,183.3,retail,az,0,0,0.0,250,300,4712.69,quarterly,25.91,3,1.0,,0.0,,0.0,0.41485094721357185
POL-015301,INS-00011,2023-06-05,2023-02-07,2024-02-07,APD,10,9.1,3,33.4,5.4,278.1,service,ny,1,0,7063.14,2500,100,4991.85,monthly,76.01,2,1.0,,0.0,,0.0,0.6651055691934545
POL-015302,INS-00061,2024-04-09,2023-12-12,2024-12-11,APD,8,0.8,5,37.8,28.3,128.5,trucking,pa,0,0,0.0,250,300,8619.41,annual,38.08,1,0.0,,0.0,,0.0,0.37030294389337376
POL-016802,INS-00427,2024-03-15,2024-01-27,2025-01-26,AL,6,6.7,4,49.7,4.4,115.2,service,oh,1,1,14191.31,500,1000,6602.94,monthly,70.97,2,1.0,,0.0,,0.0,0.48657811089153674
POL-016803,INS-00647,2023-04-04,2023-02-09,2024-02-09,AL,8,6.9,3,45.0,8.6,338.6,other,fl,0,1,28436.2,2500,1000,13225.75,annual,29.86,2,1.0,,0.0,,0.0,0.5325612047956925
POL-015303,INS-00547,2023-01-20,2023-01-18,2024-01-18,APD,9,6.5,4,43.6,1.0,159.1,retail,pa,1,1,26501.78,1000,500,11275.98,annual,3.75,2,3.0,,0.0,,0.0,0.4655284318253111
POL-016804,INS-00744,2024-05-17,2023-12-11,2024-12-10,AL,12,6.4,9,41.0,12.2,275.5,construction,az,0,0,0.0,500,500,10739.76,annual,10.0,3,2.0,,0.0,,0.0,0.4865537525464246
POL-015304,INS-00012,2024-02-08,2023-10-02,2024-10-01,APD,7,8.4,5,31.0,23.3,138.1,service,ny,1,1,7170.98,1000,1000,9073.01,annual,89.01,2,0.0,,0.0,,0.0,0.555172815543541
POL-015305,INS-00080,2023-01-31,2022-10-02,2023-10-02,APD,8,7.6,5,36.7,6.2,303.9,service,ga,0,0,0.0,250,100,10219.25,monthly,4.34,2,0.0,9999-01-01,-999.0,INVALID,-999.0,0.37619656987308436
POL-016805,INS-00030,2023-04-17,2022-10-21,2023-10-21,AL,8,3.2,12,43.3,1.1,0.0,service,wa,3,1,62027.89,250,1000,4037.67,monthly,17.11,0,3.0,,0.0,,0.0,0.5407022720174202
POL-016806,INS-00383,2023-12-03,2023-10-06,2024-10-05,AL,7,8.5,8,40.0,3.0,258.0,construction,ny,1,0,9428.07,5000,1000,10974.37,monthly,22.17,0,0.0,,0.0,,0.0,0.36901851443762756
POL-015306,INS-00238,2024-06-23,2024-03-11,2025-03-11,APD,12,4.8,5,23.5,4.2,450.4,retail,fl,1,1,13241.91,250,300,17558.57,monthly,42.53,3,0.0,9999-01-01,-999.0,INVALID,-999.0,0.6372099145189577
POL-015307,INS-00307,2023-01-03,2022-12-13,2023-12-13,APD,8,5.1,4,45.0,6.0,282.5,other,ga,0,1,44940.53,250,500,7467.06,quarterly,65.51,0,0.0,,0.0,,0.0,0.462959123739172
POL-016807,INS-00695,2023-05-05,2022-12-31,2023-12-31,AL,8,7.2,6,43.7,11.0,628.5,construction,fl,1,0,24624.35,2500,300,8175.72,annual,7.91,4,1.0,,0.0,,0.0,0.49841141811510625
POL-016808,INS-00096,2024-01-18,2023-08-31,2024-08-30,AL,8,1.2,6,58.6,2.2,201.8,retail,ca,0,0,0.0,1000,500,19723.38,annual,75.25,2,1.0,,0.0,,0.0,0.4767323485997707
POL-015308,INS-00558,2023-04-13,2022-12-12,2023-12-12,APD,6,6.7,5,22.1,9.4,182.1,service,co,0,0,0.0,1000,1000,4058.79,quarterly,86.72,0,1.0,,0.0,,0.0,0.47415413488901725
POL-015309,INS-00125,2023-03-17,2022-11-18,2023-11-18,APD,4,0.6,4,45.4,3.2,90.9,retail,pa,0,1,36721.02,5000,300,9086.78,annual,41.07,1,4.0,,0.0,,0.0,0.3055295193760853
POL-016809,INS-00552,2023-09-14,2023-05-22,2024-05-21,AL,10,3.8,5,35.2,5.3,259.5,service,ga,0,0,0.0,2500,300,8968.79,quarterly,61.13,2,1.0,,0.0,,0.0,0.5341219628529925
POL-016810,INS-00001,2023-04-09,2023-02-17,2024-02-17,AL,6,5.7,4,33.2,9.1,171.0,other,wa,0,0,0.0,500,500,9743.95,monthly,40.86,4,0.0,,0.0,,0.0,0.36579168239959364
POL-015310,INS-00114,2023-04-25,2023-02-15,2024-02-15,APD,4,5.4,2,40.0,2.0,85.9,trucking,pa,1,0,24997.36,5000,1000,7346.4,annual,36.17,2,0.0,,0.0,,0.0,0.29739583389684265
POL-015311,INS-00070,2023-06-05,2023-04-02,2024-04-01,APD,5,9.2,7,44.9,1.9,188.7,trucking,tx,0,0,0.0,250,300,2000.0,monthly,38.05,2,0.0,,0.0,,0.0,0.33705690371670843
POL-016811,INS-00344,2024-05-24,2024-05-22,2025-05-22,AL,6,5.4,3,34.0,4.5,122.0,trucking,ny,1,1,15651.11,2500,500,16751.8,annual,0.6,2,0.0,,0.0,,0.0,0.3636983748137296
POL-016812,INS-00620,2023-10-14,2023-05-21,2024-05-20,AL,4,4.1,10,54.1,10.8,120.4,construction,fl,0,0,0.0,2500,500,7182.34,monthly,49.91827464788733,2,0.0,,0.0,,0.0,0.3120408024701836
POL-015312,INS-00701,2023-03-11,2023-01-28,2024-01-28,APD,9,4.5,8,53.4,14.3,202.6,trucking,ga,0,0,0.0,250,500,7305.45,annual,42.48,1,1.0,,0.0,,0.0,0.4738691095334147
POL-015313,INS-00367,2024-05-22,2024-02-18,2025-02-17,APD,7,2.9,6,50.1,8.4,0.0,trucking,ny,0,1,0.0,500,500,7966.49,annual,92.81,0,0.0,,0.0,,0.0,0.576332998259856
POL-016813,INS-00694,2023-04-17,2023-01-10,2024-01-10,AL,7,3.5,8,44.6,33.6,156.5,other,oh,0,0,0.0,250,500,10250.68,annual,38.77,3,0.0,,0.0,,0.0,0.36113691713684026
POL-015314,INS-00694,2023-07-29,2023-04-17,2024-04-16,APD,8,7.8,10,46.6,7.2,228.2,other,az,0,0,0.0,1000,500,6135.64,annual,20.26,2,1.0,,0.0,,0.0,0.38440413357125425
POL-016814,INS-00122,2024-02-04,2023-12-14,2024-12-13,AL,5,7.1,3,40.3,4.3,172.9,retail,ny,1,1,36931.52,250,500,6987.48,quarterly,92.72,0,0.0,,0.0,,0.0,0.47691435632778734
POL-016815,INS-00029,2023-01-08,2022-10-26,2023-10-26,AL,13,1.6,6,0.0,8.2,192.8,construction,tx,0,0,0.0,1000,500,15581.33,monthly,53.56,2,1.0,,0.0,,0.0,0.5445914005136087
POL-015315,INS-00685,2023-08-02,2023-05-02,2024-05-01,APD,3,0.6,5,23.0,1.1,52.3,construction,wa,1,0,47805.25,500,500,7332.9,annual,20.04,0,1.0,,0.0,,0.0,0.22831486683570365
POL-015316,INS-00676,2023-03-06,2022-11-15,2023-11-15,APD,5,6.1,5,0.0,2.6,93.0,construction,tx,2,0,43878.27,1000,500,12756.65,annual,88.72,0,1.0,,0.0,,0.0,0.5385161648225363
POL-016816,INS-00157,2024-04-10,2024-01-30,2025-01-29,AL,10,6.8,7,44.0,5.7,0.0,retail,co,3,0,20416.84,250,500,4238.06,missing,82.01,2,4.0,,0.0,,0.0,0.7147927495187939
POL-015317,INS-00140,2024-03-07,2024-02-25,2025-02-24,APD,10,3.5,8,34.5,4.5,108.0,service,co,1,2,62158.7,250,500,11911.14,quarterly,42.21,0,0.0,,0.0,,0.0,0.47039803110818945
POL-016817,INS-00095,2024-04-02,2024-03-25,2025-03-25,AL,5,5.3,1,51.6,9.9,119.4,trucking,wa,0,0,0.0,1000,300,15072.39,annual,39.0,0,0.0,,0.0,,0.0,0.2812879353862676
POL-016818,INS-00695,2024-04-11,2023-11-13,2024-11-12,AL,6,6.8,5,35.2,4.9,124.9,trucking,nc,0,0,0.0,5000,300,7155.63,quarterly,17.19,2,1.0,,0.0,,0.0,0.41092944301710543
POL-015318,INS-00750,2024-04-15,2024-01-02,2025-01-01,APD,13,4.6,5,51.7,6.0,216.8,retail,ga,0,0,0.0,2500,100,4653.15,monthly,31.63,3,0.0,,0.0,,0.0,0.48207396321151536
POL-015319,INS-00499,2023-08-20,2023-07-25,2024-07-24,APD,3,3.3,8,35.7,5.6,175.6,trucking,ga,0,0,0.0,2500,100,5211.32,monthly,73.72,0,3.0,,0.0,,0.0,0.3626081834757442
POL-016819,INS-00528,2023-11-16,2023-09-12,2024-09-11,AL,5,6.7,9,42.3,7.1,162.9,other,pa,0,0,0.0,250,500,11618.98,quarterly,81.45,1,1.0,9999-01-01,-999.0,INVALID,-999.0,0.41737012181649974
POL-016820,INS-00604,2023-05-07,2023-02-14,2024-02-14,AL,6,1.2,5,30.4,6.5,154.7,retail,fl,0,0,0.0,5000,1000,19301.55,annual,53.84,0,0.0,,0.0,,0.0,0.3851100051459933
POL-015320,INS-00204,2023-11-06,2023-08-27,2024-08-26,APD,11,0.0,7,32.1,4.9,318.7,construction,ca,0,1,12983.57,2500,300,7305.89,annual,49.768,2,1.0,,0.0,,0.0,0.5406889188709478
POL-015321,INS-00432,2023-10-02,2023-05-31,2024-05-30,APD,5,2.2,7,38.1,7.5,47.0,retail,ga,1,0,2325.43,5000,100,3999.64,annual,75.64,1,0.0,,0.0,,0.0,0.38956562449262894
POL-016821,INS-00257,2023-02-18,2022-09-01,2023-09-01,AL,11,5.7,3,0.0,11.4,0.0,retail,az,1,0,5413.35,500,300,31833.55,quarterly,68.26,2,1.0,,0.0,,0.0,0.6485756619261117
POL-016822,INS-00283,2023-02-22,2023-01-23,2024-01-23,AL,3,4.2,9,44.8,3.0,67.1,service,ga,0,0,0.0,1000,1000,9365.6,annual,22.23,1,2.0,,0.0,,0.0,0.2500210912010541
POL-015322,INS-00715,2023-07-20,2023-04-29,2024-04-28,APD,8,5.1,4,45.8,2.4,220.7,retail,tx,3,2,81387.46,1000,500,5837.08,missing,78.48,3,0.0,,0.0,,0.0,0.571214242014933
POL-015323,INS-00234,2023-09-06,2023-07-15,2024-07-14,APD,7,6.1,3,39.3,3.1,94.8,construction,oh,2,0,126365.19,1000,1000,14393.73,quarterly,54.01,0,0.0,9999-01-01,-999.0,INVALID,-999.0,0.4406640318710279
POL-016823,INS-00137,2023-03-22,2022-10-07,2023-10-07,AL,9,8.4,8,38.6,1.0,325.0,construction,ca,0,0,0.0,250,100,16973.44,annual,3.0,3,0.0,9999-01-01,-999.0,INVALID,-999.0,0.342263711826955
POL-016824,INS-00613,2023-01-09,2022-08-12,2023-08-12,AL,2,7.0,8,32.1,9.2,59.1,trucking,il,0,0,0.0,500,300,10065.02,quarterly,85.27,0,2.0,,0.0,,0.0,0.35146177310545496
POL-015324,INS-00424,2023-07-24,2023-04-09,2024-04-08,APD,6,7.8,8,33.0,30.6,168.3,retail,tx,0,0,0.0,2500,100,24451.1,quarterly,81.86,2,0.0,,0.0,,0.0,0.41897938249887356
POL-015325,INS-00367,2024-03-14,2024-02-20,2025-02-19,APD,11,5.5,4,62.0,11.3,767.4,trucking,az,1,0,12921.56,5000,300,4684.4,quarterly,17.3,1,2.0,,0.0,,0.0,0.6954205709006669
POL-016825,INS-00510,2024-02-06,2023-09-12,2024-09-11,AL,8,0.6,6,44.2,7.6,153.3,service,pa,0,0,0.0,500,500,8057.64,quarterly,15.74,1,3.0,,0.0,,0.0,0.3896903511596695
POL-016826,INS-00616,2023-10-10,2023-06-02,2024-06-01,AL,7,3.7,5,42.9,9.9,100.5,trucking,ny,3,0,41416.31,5000,500,14893.91,annual,21.13,2,0.0,,0.0,,0.0,0.4119524403961963
POL-015326,INS-00327,2023-11-23,2023-08-14,2024-08-13,APD,9,8.8,4,38.0,2.5,193.8,retail,il,1,0,0.0,5000,100,11349.27,quarterly,58.27,1,0.0,,0.0,,0.0,0.5133172138939968
POL-015327,INS-00352,2023-12-23,2023-07-21,2024-07-20,APD,11,5.3,3,41.2,7.9,179.2,construction,co,1,0,17826.87,5000,300,17879.26,annual,12.77,3,2.0,,0.0,,0.0,0.5067453924323237
POL-016827,INS-00230,2023-05-09,2023-04-26,2024-04-25,AL,11,3.3,8,48.6,4.6,310.9,other,oh,1,0,8336.51,1000,300,7412.81,annual,66.0,0,0.0,,0.0,,0.0,0.45925849882254405
POL-016828,INS-00498,2024-04-19,2024-02-21,2025-02-20,AL,6,3.1,4,42.5,26.5,475.3,construction,oh,3,0,29831.85,5000,1000,9080.66,annual,16.97,0,3.0,,0.0,,0.0,0.4638898440301881
POL-015328,INS-00458,2024-02-17,2023-10-11,2024-10-10,APD,14,8.4,6,21.1,3.5,541.2,trucking,co,2,0,41655.36,1000,1000,3630.38,annual,34.03,4,1.0,,0.0,,0.0,0.7469828804031006
POL-016829,INS-00604,2023-01-29,2022-08-24,2023-08-24,AL,7,5.4,13,35.2,6.1,293.6,construction,il,0,0,0.0,2500,500,18114.28,quarterly,57.36,2,1.0,,0.0,,0.0,0.5013580777549808
POL-015329,INS-00294,2024-02-28,2023-09-14,2024-09-13,APD,5,1.8,8,31.0,11.4,107.6,construction,wa,0,0,0.0,2500,100,4507.28,annual,74.24,1,0.0,,0.0,,0.0,0.3465061319770129
POL-015330,INS-00338,2023-01-24,2022-12-24,2023-12-24,APD,5,2.2,6,41.1,3.4,114.1,retail,tx,0,2,52960.68,5000,100,8895.64,annual,21.79,0,0.0,,0.0,,0.0,0.23548214208616572
POL-016830,INS-00613,2024-05-16,2024-03-29,2025-03-29,AL,10,7.5,5,36.7,6.8,129.5,construction,ca,0,2,124976.71,5000,1000,7092.97,monthly,12.09,2,0.0,,0.0,,0.0,0.6252713418938939
POL-016831,INS-00078,2024-05-31,2024-05-06,2025-05-06,AL,7,0.3,5,38.2,9.3,49.8,trucking,tx,0,0,0.0,2500,100,16196.24,monthly,99.72,1,1.0,,0.0,,0.0,0.5047051669974628
POL-015331,INS-00575,2023-07-23,2023-06-01,2024-05-31,APD,9,7.9,8,41.3,1.6,117.3,trucking,fl,4,1,55108.01,5000,1000,4684.24,monthly,94.82,0,0.0,,0.0,,0.0,0.7265316905637104
POL-015332,INS-00080,2024-02-20,2024-01-17,2025-01-16,APD,6,3.3,8,41.7,15.9,269.8,trucking,nc,0,0,0.0,2500,500,11013.09,quarterly,63.31,2,0.0,,0.0,,0.0,0.3941277984424134
POL-016832,INS-00220,2023-07-24,2023-03-19,2024-03-18,AL,10,1.4,7,35.2,14.0,269.2,other,nc,1,2,72965.2,500,300,9642.92,monthly,45.98,1,1.0,,0.0,,0.0,0.5801187772533601
POL-016833,INS-00657,2023-04-15,2022-11-19,2023-11-19,AL,9,2.7,2,34.0,4.8,95.5,construction,tx,2,0,17837.58,1000,300,12808.23,quarterly,79.83,2,3.0,,0.0,,0.0,0.6019632378084757
POL-015333,INS-00605,2024-02-13,2023-10-18,2024-10-17,APD,4,7.4,7,37.6,9.9,118.0,construction,nc,0,0,0.0,2500,100,6096.42,monthly,7.59,3,0.0,,0.0,,0.0,0.20982396262466868
POL-015334,INS-00532,2023-02-10,2022-08-24,2023-08-24,APD,7,7.2,5,42.5,1.5,130.5,service,co,0,0,0.0,250,300,8494.27,monthly,88.07,3,2.0,,0.0,,0.0,0.5369771829853308
POL-016834,INS-00435,2023-04-22,2022-12-12,2023-12-12,AL,9,5.1,7,39.4,8.0,288.6,retail,fl,0,0,0.0,2500,1000,15477.06,quarterly,5.28,3,0.0,,0.0,,0.0,0.4618886191495473
POL-016835,INS-00288,2023-12-04,2023-08-14,2024-08-13,AL,10,9.3,7,31.2,2.9,251.5,trucking,ga,0,0,0.0,250,500,9637.41,quarterly,34.28,2,0.0,,0.0,,0.0,0.4949495052501895
POL-015335,INS-00387,2023-11-15,2023-07-03,2024-07-02,APD,8,6.8,5,25.4,24.6,392.2,retail,ca,0,0,0.0,500,300,16726.85,annual,84.06,2,1.0,,0.0,,0.0,0.5916785727445908
POL-016836,INS-00678,2023-05-23,2023-05-23,2024-05-22,AL,4,2.0,5,37.6,3.0,104.0,construction,tx,0,0,0.0,1000,500,10399.85,annual,49.91827464788733,1,2.0,,0.0,,0.0,0.32185799982087754
POL-015336,INS-00095,2023-03-09,2022-10-26,2023-10-26,APD,8,1.8,12,39.7,10.3,251.9,service,az,0,1,4334.49,5000,300,3560.04,annual,22.51,4,1.0,,0.0,,0.0,0.3680511979872864
POL-015337,INS-00494,2023-11-17,2023-07-16,2024-07-15,APD,5,6.4,8,40.0,1.0,144.1,trucking,il,0,0,0.0,1000,300,13228.38,quarterly,10.45,1,0.0,,0.0,,0.0,0.25811965014286015
POL-016837,INS-00089,2024-06-17,2024-01-11,2025-01-10,AL,9,6.3,7,43.8,1.0,336.9,construction,nc,1,0,22784.46,2500,100,7697.5,quarterly,47.98,4,1.0,,0.0,,0.0,0.5719271267711254
POL-016838,INS-00507,2023-11-07,2023-09-28,2024-09-27,AL,7,0.0,6,45.7,17.9,119.3,trucking,tx,0,1,17859.48,250,300,15725.24,annual,43.03,3,2.0,,0.0,,0.0,0.5123091960081396
POL-015338,INS-00040,2023-09-24,2023-08-14,2024-08-13,APD,13,3.8,2,39.1,39.5,1083.4,trucking,co,3,0,18260.61,500,300,9225.51,missing,29.07,3,1.0,,0.0,,0.0,0.8501299749607694
POL-015339,INS-00340,2023-11-16,2023-09-21,2024-09-20,APD,6,5.8,4,36.5,14.6,182.1,construction,tx,0,0,0.0,2500,100,3625.73,monthly,59.79,0,0.0,,0.0,,0.0,0.3908215403731079
POL-016839,INS-00626,2024-04-11,2024-02-03,2025-02-02,AL,3,4.6,9,33.5,1.0,50.4,retail,ca,1,0,14151.31,5000,300,6650.22,annual,59.84,0,0.0,,0.0,,0.0,0.27502789264419925
POL-016840,INS-00245,2024-02-11,2023-11-12,2024-11-11,AL,9,4.8,7,44.6,3.9,271.2,service,il,0,3,6536.57,500,300,12624.25,monthly,17.85,1,0.0,,0.0,,0.0,0.48358018615471327
POL-015340,INS-00525,2023-01-07,2022-08-16,2023-08-16,APD,8,7.9,10,37.1,15.4,291.4,retail,pa,0,0,0.0,250,1000,6102.33,annual,53.06,1,0.0,,0.0,,0.0,0.47160093722877394
POL-015341,INS-00393,2023-04-11,2022-12-13,2023-12-13,APD,9,6.4,12,43.1,3.6,404.5,trucking,ga,1,0,0.0,500,100,13540.27,monthly,47.47,2,0.0,,0.0,,0.0,0.5839319216645937
POL-016841,INS-00029,2023-03-28,2023-03-08,2024-03-07,AL,9,1.5,7,34.7,1.6,307.6,other,co,1,0,3672.93,500,1000,9638.2,monthly,59.63,2,3.0,,0.0,,0.0,0.5612645277355149
POL-016842,INS-00153,2023-04-07,2022-12-21,2023-12-21,AL,5,3.4,6,45.8,13.8,80.5,construction,ca,0,0,0.0,500,500,18523.42,quarterly,74.04,0,0.0,,0.0,,0.0,0.36879454752424873
POL-015342,INS-00070,2023-06-26,2023-01-12,2024-01-12,APD,10,5.3,10,45.3,8.1,166.7,rideshare,pa,0,1,8150.16,2500,300,7995.19,quarterly,52.36,2,1.0,9999-01-01,-999.0,INVALID,-999.0,0.4979312126204681
POL-015343,INS-00539,2023-10-10,2023-09-14,2024-09-13,APD,7,4.0,6,34.0,4.3,174.2,construction,il,0,0,0.0,250,300,6644.97,monthly,21.51,0,0.0,,0.0,,0.0,0.3401120234923266
POL-016843,INS-00686,2023-03-29,2023-03-06,2024-03-05,AL,7,1.4,6,47.7,7.5,152.9,rideshare,co,0,1,7729.49,1000,1000,8211.45,quarterly,65.87,1,0.0,,0.0,,0.0,0.5261800442934911
POL-016844,INS-00530,2023-04-04,2022-10-10,2023-10-10,AL,6,7.7,4,42.1,2.1,201.9,rideshare,ga,0,1,46257.2,250,1000,28545.38,monthly,79.42,0,2.0,,0.0,,0.0,0.517790619045854
POL-015344,INS-00187,2023-12-28,2023-07-13,2024-07-12,APD,10,5.3,9,52.3,5.9,146.9,retail,fl,1,0,14178.81,2500,100,4270.51,annual,17.78,3,0.0,,0.0,,0.0,0.4274207019892097
POL-015345,INS-00641,2024-03-17,2023-12-26,2024-12-25,APD,7,7.0,10,55.2,5.5,79.7,trucking,oh,0,0,0.0,500,300,9644.92,monthly,41.48,0,0.0,,0.0,,0.0,0.3953014577484512
POL-016845,INS-00440,2023-03-13,2022-12-27,2023-12-27,AL,8,2.0,5,42.2,13.6,91.6,other,ca,1,1,142127.07,500,300,15377.44,quarterly,76.35,3,1.0,9999-01-01,-999.0,INVALID,-999.0,0.6501446475744201
POL-016846,INS-00643,2023-08-23,2023-05-03,2024-05-02,AL,8,3.4,8,43.9,11.7,96.3,trucking,ga,1,0,0.0,250,300,14271.86,quarterly,97.84,3,2.0,,0.0,,0.0,0.6269031952362838
POL-015346,INS-00377,2023-09-19,2023-06-02,2024-06-01,APD,14,1.9,3,41.4,2.2,193.5,service,fl,1,0,21508.02,500,500,24126.76,quarterly,89.03,4,2.0,,0.0,,0.0,0.7174158554021403
POL-015347,INS-00338,2024-04-19,2023-12-13,2024-12-12,APD,7,7.1,4,35.6,1.8,81.1,trucking,co,1,0,7882.68,2500,500,9103.69,annual,75.91,3,1.0,,0.0,,0.0,0.5392736653352919
POL-016847,INS-00534,2024-04-09,2023-10-30,2024-10-29,AL,7,6.0,4,42.9,1.0,118.8,retail,fl,1,0,13134.0,250,100,9994.35,quarterly,99.82,3,0.0,,0.0,,0.0,0.5132959452136945
POL-016848,INS-00154,2023-10-12,2023-09-08,2024-09-07,AL,8,6.2,6,39.4,1.0,316.8,retail,ga,1,0,3020.15,5000,1000,11890.65,quarterly,29.79,2,0.0,9999-01-01,-999.0,INVALID,-999.0,0.5042375280438239
POL-015348,INS-00512,2023-08-10,2023-05-11,2024-05-10,APD,9,8.4,5,55.7,13.1,174.6,other,oh,0,1,2678.36,250,300,12675.38,quarterly,98.68,2,0.0,,0.0,,0.0,0.5681826128770415
POL-015349,INS-00497,2024-04-02,2024-01-13,2025-01-12,APD,14,4.4,9,43.6,15.4,458.3,service,oh,0,1,10537.05,250,1000,11071.77,missing,88.47,2,0.0,9999-01-01,-999.0,INVALID,-999.0,0.7093696111578609
POL-016849,INS-00103,2023-03-15,2022-10-14,2023-10-14,AL,9,3.2,5,41.4,10.4,491.2,trucking,oh,1,0,5717.24,1000,500,34155.54,monthly,37.0,2,1.0,,0.0,,0.0,0.5186590316362202
POL-016850,INS-00530,2023-03-16,2023-03-07,2024-03-06,AL,8,8.0,8,35.2,4.4,90.3,trucking,oh,1,0,12282.37,500,300,12516.64,quarterly,37.18,6,0.0,,0.0,,0.0,0.5321721986136599
POL-015350,INS-00113,2024-05-05,2024-01-06,2025-01-05,APD,6,4.0,8,34.0,19.0,146.5,construction,il,1,0,5804.93,250,100,11812.43,monthly,38.2,1,2.0,,0.0,,0.0,0.4363183438274349
POL-016851,INS-00158,2023-08-05,2023-03-27,2024-03-26,AL,8,5.1,5,30.1,1.0,0.0,construction,az,1,0,7676.67,5000,300,19015.89,monthly,68.4,0,0.0,,0.0,,0.0,0.5279256445144239
POL-015351,INS-00486,2023-11-08,2023-05-29,2024-05-28,APD,11,1.8,4,0.0,1.0,469.8,trucking,wa,0,0,0.0,1000,100,13981.18,monthly,93.45,3,2.0,,0.0,,0.0,0.7174689822556667
POL-015352,INS-00299,2023-10-04,2023-08-03,2024-08-02,APD,9,3.4,9,0.0,1.0,437.1,trucking,fl,1,0,33214.22,5000,100,3865.96,annual,94.39,1,0.0,,0.0,,0.0,0.6660588563724357
POL-016852,INS-00721,2023-09-21,2023-05-12,2024-05-11,AL,8,6.0,5,44.0,8.6,239.2,retail,oh,0,1,7495.06,500,100,10613.21,annual,40.59,3,3.0,9999-01-01,-999.0,INVALID,-999.0,0.5084387521616973
POL-015353,INS-00725,2024-01-06,2023-10-17,2024-10-16,APD,3,11.4,7,45.0,7.1,48.8,retail,tx,1,0,0.0,1000,300,3622.89,quarterly,36.15,1,1.0,,0.0,,0.0,0.2792855259060666
POL-016853,INS-00121,2023-04-09,2023-03-06,2024-03-05,AL,8,5.9,3,28.8,1.0,212.1,trucking,az,0,0,0.0,1000,300,13692.22,quarterly,33.07,4,2.0,,0.0,,0.0,0.5338880084701393
POL-016854,INS-00592,2023-05-06,2023-01-18,2024-01-18,AL,9,6.9,4,59.3,16.3,188.9,trucking,il,0,1,6899.63,500,500,16072.3,annual,13.44,2,0.0,,0.0,,0.0,0.4409444052223187
POL-015354,INS-00498,2024-06-19,2024-01-19,2025-01-18,APD,7,3.2,8,43.6,5.0,155.4,trucking,ga,2,0,37749.79,1000,300,4177.69,monthly,16.93,3,0.0,,0.0,,0.0,0.3941650803001274
POL-015355,INS-00097,2023-01-06,2022-12-10,2023-12-10,APD,6,5.4,7,30.4,3.3,73.2,retail,oh,0,1,13143.54,5000,100,6241.73,annual,17.02,0,0.0,,0.0,,0.0,0.28145840026994884
POL-016855,INS-00066,2023-03-28,2023-01-14,2024-01-14,AL,10,7.3,10,38.5,1.5,133.1,construction,wa,1,0,13958.99,1000,300,15076.8,annual,95.45,4,1.0,,0.0,,0.0,0.608116933538142
POL-016856,INS-00736,2023-11-07,2023-08-28,2024-08-27,AL,8,4.4,6,63.2,3.1,174.6,service,ca,2,1,19042.94,250,300,4668.7,annual,59.23,2,0.0,,0.0,,0.0,0.4457065836898305
POL-015356,INS-00588,2024-04-09,2024-01-17,2025-01-16,APD,3,6.0,9,27.3,15.2,35.9,construction,tx,0,0,0.0,2500,300,10978.36,monthly,11.4,0,0.0,,0.0,,0.0,0.18895169466670203
POL-015357,INS-00625,2024-06-28,2024-01-09,2025-01-08,APD,12,4.2,6,0.0,2.4,269.4,service,tx,1,0,11983.31,1000,1000,4547.65,annual,35.25,4,2.0,,0.0,,0.0,0.6013606751868991
POL-016857,INS-00598,2024-03-23,2023-10-09,2024-10-08,AL,9,6.5,3,34.8,1.1,271.8,service,oh,1,1,23009.38,500,100,13623.99,annual,66.76,2,0.0,,0.0,,0.0,0.49197818454288955
POL-016858,INS-00119,2023-12-28,2023-10-21,2024-10-20,AL,6,2.6,6,45.3,11.7,170.3,trucking,wa,0,1,42521.2,500,300,8845.0,annual,67.47,2,0.0,,0.0,,0.0,0.48688340873520264
POL-015358,INS-00394,2023-04-11,2022-11-24,2023-11-24,APD,7,3.3,6,27.5,1.7,104.7,retail,ny,0,0,0.0,2500,300,2574.68,annual,21.23,3,0.0,,0.0,,0.0,0.28736229084666265
POL-015359,INS-00155,2023-01-19,2022-11-28,2023-11-28,APD,7,6.6,5,51.7,1.7,230.7,retail,fl,0,1,0.0,500,1000,14580.36,monthly,49.96,1,0.0,,0.0,,0.0,0.42290929510634245
POL-016859,INS-00518,2023-09-26,2023-04-05,2024-04-04,AL,7,7.1,7,37.6,3.6,221.1,service,fl,1,0,10848.92,2500,300,23813.67,monthly,76.47,0,0.0,,0.0,,0.0,0.3742697268798937
POL-016860,INS-00497,2023-05-18,2022-12-08,2023-12-08,AL,7,4.3,8,22.2,3.8,128.7,trucking,ca,1,0,3061.47,5000,1000,7750.88,monthly,5.9,1,3.0,,0.0,,0.0,0.43705123757081943
POL-015360,INS-00356,2024-06-05,2024-04-28,2025-04-28,APD,11,9.0,4,35.4,5.8,231.8,trucking,az,2,0,19289.38,500,500,3370.26,annual,45.39,3,2.0,,0.0,,0.0,0.6730449538010447
POL-015361,INS-00510,2024-03-08,2023-10-24,2024-10-23,APD,4,7.6,6,39.7,6.9,166.6,trucking,fl,1,0,22894.15,1000,100,5555.58,annual,24.19,0,1.0,9999-01-01,-999.0,INVALID,-999.0,0.33639576283434497
POL-016861,INS-00565,2024-05-28,2024-03-16,2025-03-16,AL,6,4.1,6,43.0,8.1,103.7,service,wa,0,0,0.0,5000,300,7898.61,monthly,73.4,1,4.0,,0.0,,0.0,0.469554404282075
POL-016862,INS-00212,2024-06-10,2024-04-14,2025-04-14,AL,4,5.4,9,46.3,1.4,146.3,trucking,ca,0,1,0.0,500,500,11567.4,quarterly,49.59,0,0.0,,0.0,,0.0,0.37569831400583475
POL-015362,INS-00104,2023-12-05,2023-08-23,2024-08-22,APD,6,5.9,6,27.8,1.3,120.8,construction,tx,0,1,0.0,2500,100,9319.54,quarterly,66.2,1,2.0,,0.0,,0.0,0.4292091784866698
POL-015363,INS-00514,2023-06-15,2023-06-07,2024-06-06,APD,12,1.8,4,55.5,1.0,937.6,construction,fl,0,0,0.0,250,100,9701.45,annual,55.42,0,0.0,,0.0,,0.0,0.7627819363254312
POL-016863,INS-00480,2023-10-10,2023-09-04,2024-09-03,AL,11,8.7,7,30.3,2.3,230.3,trucking,pa,0,3,183794.84,1000,500,7580.53,quarterly,5.48,1,0.0,9999-01-01,-999.0,INVALID,-999.0,0.6993530326421592
POL-016864,INS-00036,2023-01-24,2022-08-10,2023-08-10,AL,3,3.2,10,40.0,10.8,28.7,service,tx,0,0,0.0,5000,500,10397.51,monthly,38.78,1,0.0,9999-01-01,-999.0,INVALID,-999.0,0.2557697065923746
POL-015364,INS-00676,2024-04-30,2023-12-23,2024-12-22,APD,6,7.8,8,45.3,23.0,187.7,retail,pa,0,0,0.0,500,300,7611.84,monthly,34.96,0,0.0,,0.0,,0.0,0.3445078043155368
POL-015365,INS-00031,2023-05-18,2023-03-31,2024-03-30,APD,15,11.2,7,38.0,1.1,1034.0,trucking,ca,3,2,17815.89,2500,300,9546.27,quarterly,90.9,2,0.0,,0.0,,0.0,0.9315778261171211
POL-016865,INS-00447,2024-06-02,2024-03-30,2025-03-30,AL,11,4.0,2,35.9,3.4,123.6,construction,ga,2,0,32284.45,500,500,7556.91,quarterly,74.93,0,0.0,,0.0,,0.0,0.5324201529676609
POL-016866,INS-00745,2024-01-03,2023-12-15,2024-12-14,AL,15,10.1,6,38.7,2.3,285.8,retail,fl,1,1,7114.45,5000,1000,6924.97,annual,52.90282967032967,4,3.0,,0.0,,0.0,0.7901992360614504
POL-015366,INS-00569,2024-04-07,2024-03-31,2025-03-31,APD,12,5.3,5,31.1,2.4,336.1,trucking,ca,2,0,13185.36,1000,300,5280.2,monthly,99.9,1,0.0,,0.0,,0.0,0.7752891383814493
POL-016867,INS-00612,2024-02-29,2024-02-16,2025-02-15,AL,9,7.1,9,44.3,1.9,191.2,retail,wa,0,2,19674.11,2500,300,19362.91,quarterly,71.33,1,3.0,9999-01-01,-999.0,INVALID,-999.0,0.6826274178688664
POL-015367,INS-00601,2023-01-24,2022-11-20,2023-11-20,APD,6,8.1,11,31.0,29.8,169.8,construction,co,0,1,7190.23,1000,1000,6943.07,quarterly,96.11,2,1.0,,0.0,,0.0,0.49928228289724513
POL-015368,INS-00459,2023-10-06,2023-08-14,2024-08-13,APD,13,5.8,9,33.1,1.0,308.0,construction,tx,1,0,3194.53,250,500,15192.25,monthly,14.65,5,1.0,,0.0,,0.0,0.5812765535140351
POL-016868,INS-00036,2024-03-13,2023-09-29,2024-09-28,AL,9,3.0,12,24.2,1.0,222.9,construction,ny,1,0,2562.57,5000,1000,13623.39,annual,56.07,4,3.0,,0.0,,0.0,0.6478864728802696
POL-015369,INS-00130,2023-10-19,2023-05-05,2024-05-04,APD,5,4.8,7,49.5,7.1,0.0,retail,ny,1,1,29185.6,2500,100,4483.58,annual,6.1,0,0.0,,0.0,,0.0,0.3381575488406593
POL-016869,INS-00200,2023-12-30,2023-07-25,2024-07-24,AL,9,7.4,8,39.0,3.9,135.0,trucking,wa,0,1,20606.53,1000,1000,8505.99,quarterly,81.39,1,0.0,,0.0,,0.0,0.6480324122734669
POL-015370,INS-00079,2024-03-22,2023-11-15,2024-11-14,APD,7,2.5,6,35.7,5.3,205.9,trucking,il,0,1,5665.91,250,500,8979.85,monthly,35.99,0,1.0,,0.0,,0.0,0.4185243376900181
POL-016870,INS-00122,2023-11-22,2023-09-19,2024-09-18,AL,11,1.3,4,43.6,40.0,239.6,trucking,ca,0,0,0.0,5000,500,6024.23,monthly,84.52,3,0.0,,0.0,,0.0,0.6528047140315939
POL-016871,INS-00728,2024-02-14,2023-10-04,2024-10-03,AL,7,7.7,7,44.3,5.8,0.0,service,il,0,1,15923.72,500,500,10139.02,annual,44.48,2,2.0,,0.0,,0.0,0.5492234954140786
POL-015371,INS-00163,2023-03-23,2022-10-26,2023-10-26,APD,14,5.1,4,30.8,12.7,560.3,construction,pa,1,1,8110.09,2500,300,4545.4,quarterly,82.4,4,1.0,,0.0,,0.0,0.7746798941838375
POL-015372,INS-00160,2023-04-24,2023-01-25,2024-01-25,APD,2,1.5,1,42.2,7.3,88.5,trucking,pa,1,0,5793.45,500,100,5090.34,missing,68.48,1,0.0,,0.0,,0.0,0.24509596839618533
POL-016872,INS-00103,2023-05-19,2023-04-22,2024-04-21,AL,10,3.2,5,37.4,4.6,122.1,service,az,1,0,5035.85,500,500,13496.03,monthly,72.28,2,1.0,,0.0,,0.0,0.48442689789347565
POL-016873,INS-00529,2024-05-17,2024-01-12,2025-01-11,AL,11,6.1,4,31.6,1.0,326.9,trucking,pa,0,1,0.0,5000,500,7482.35,annual,56.95,3,0.0,,0.0,,0.0,0.6703293445354289
POL-015373,INS-00234,2023-08-14,2023-07-23,2024-07-22,APD,13,3.2,5,30.1,5.1,226.0,retail,fl,1,0,11715.7,5000,300,4789.56,quarterly,46.34,1,0.0,9999-01-01,-999.0,INVALID,-999.0,0.5565939344821353
POL-015374,INS-00213,2024-04-24,2023-12-01,2024-11-30,APD,7,7.7,6,37.7,1.1,100.5,trucking,fl,0,0,0.0,500,100,3047.85,annual,3.24,1,3.0,,0.0,,0.0,0.372599294972023
POL-016874,INS-00733,2024-05-18,2024-03-15,2025-03-15,AL,5,1.2,7,21.0,2.7,130.2,trucking,az,1,1,41789.83,500,300,15176.75,monthly,68.62,1,0.0,,0.0,,0.0,0.42885924987861135
POL-016875,INS-00548,2023-04-13,2023-02-27,2024-02-27,AL,6,4.7,4,0.0,2.9,209.3,construction,ny,1,0,41216.93,1000,500,16487.23,monthly,62.97,0,2.0,,0.0,,0.0,0.40586539933985205
POL-015375,INS-00419,2023-11-29,2023-08-30,2024-08-29,APD,11,10.5,7,37.6,40.0,271.1,trucking,nc,0,0,0.0,1000,100,8651.75,annual,11.26,3,0.0,,0.0,,0.0,0.4570809142581411
POL-015376,INS-00255,2023-12-28,2023-12-12,2024-12-11,APD,4,6.6,8,44.2,8.3,160.6,rideshare,ca,0,0,0.0,2500,100,6655.49,monthly,62.27,0,0.0,,0.0,,0.0,0.3276880148317192
POL-016876,INS-00637,2023-04-20,2023-01-17,2024-01-17,AL,10,0.7,9,34.1,1.4,327.6,retail,oh,1,2,8657.86,1000,300,5692.57,monthly,1.52,5,0.0,,0.0,,0.0,0.5424986975967395
POL-016877,INS-00455,2024-02-11,2024-01-13,2025-01-12,AL,8,3.0,7,47.4,8.0,265.6,retail,pa,0,0,0.0,1000,100,4514.48,monthly,13.11,2,0.0,,0.0,,0.0,0.30466703363562503
POL-015377,INS-00640,2023-09-27,2023-04-09,2024-04-08,APD,5,7.2,11,35.4,22.2,80.4,trucking,ny,0,1,3902.74,1000,1000,5556.81,annual,13.37,1,2.0,,0.0,,0.0,0.3115818211078463
POL-015378,INS-00625,2024-04-06,2024-03-22,2025-03-22,APD,6,3.6,3,43.9,1.0,161.6,trucking,pa,1,0,55175.39,1000,500,6233.29,missing,9.08,1,0.0,,0.0,,0.0,0.2895727272058515
POL-016878,INS-00102,2023-05-22,2023-04-01,2024-03-31,AL,6,3.4,7,34.3,1.1,102.2,retail,il,1,0,3884.3,5000,500,7447.05,quarterly,48.65,1,2.0,,0.0,,0.0,0.4515585452703286
POL-016879,INS-00422,2023-02-05,2023-01-22,2024-01-22,AL,5,2.8,5,43.2,21.4,64.2,trucking,tx,0,0,0.0,1000,1000,4616.27,monthly,54.85,1,0.0,,0.0,,0.0,0.3757544923514956
POL-015379,INS-00460,2023-07-24,2023-07-23,2024-07-22,APD,7,4.6,6,59.1,2.3,134.0,construction,tx,0,2,41567.34,500,300,7157.42,monthly,8.67,2,2.0,,0.0,,0.0,0.34003659048157325
POL-015380,INS-00286,2023-08-15,2023-07-06,2024-07-05,APD,10,3.0,9,34.7,1.0,514.1,service,il,2,1,14806.85,5000,300,12572.52,monthly,73.78,2,0.0,,0.0,,0.0,0.7088764206177474
POL-016880,INS-00407,2024-05-06,2024-05-02,2025-05-02,AL,5,8.9,6,40.6,28.1,169.5,retail,pa,1,1,38761.92,1000,1000,11124.97,annual,97.33,0,1.0,,0.0,,0.0,0.5077338895157776
POL-016881,INS-00106,2023-09-22,2023-09-04,2024-09-03,AL,6,3.6,5,27.4,5.9,128.4,service,fl,0,1,7524.04,1000,300,11274.11,annual,44.9,2,0.0,,0.0,,0.0,0.36565991964869976
POL-015381,INS-00732,2024-04-29,2023-12-06,2024-12-05,APD,7,7.3,4,39.6,22.1,165.0,trucking,nc,2,0,177060.4,2500,500,7187.3,annual,56.05,2,3.0,,0.0,,0.0,0.5002265898311729
POL-015382,INS-00149,2023-12-04,2023-11-09,2024-11-08,APD,10,7.1,7,31.8,4.6,70.8,trucking,co,1,0,27493.62,5000,500,13950.34,monthly,50.350069284064666,0,1.0,,0.0,,0.0,0.5611524406008433
POL-016882,INS-00101,2023-09-25,2023-06-13,2024-06-12,AL,5,11.3,3,0.0,9.3,87.4,trucking,az,1,0,11598.19,5000,500,23297.25,monthly,39.34,0,0.0,,0.0,,0.0,0.33311045582420457
POL-016883,INS-00516,2024-02-18,2023-10-15,2024-10-14,AL,8,5.0,7,40.0,8.7,267.1,construction,ga,0,0,0.0,2500,500,8167.67,monthly,90.01,2,0.0,,0.0,,0.0,0.5209086871193388
POL-015383,INS-00236,2023-09-14,2023-03-22,2024-03-21,APD,11,1.9,6,40.0,1.4,196.0,trucking,oh,1,0,8020.54,2500,100,10653.72,monthly,50.8,2,1.0,,0.0,,0.0,0.5810741999855468
POL-015384,INS-00664,2024-06-11,2024-05-25,2025-05-25,APD,4,4.5,5,28.9,1.0,143.5,other,ca,1,0,16213.08,1000,500,7875.47,quarterly,82.89,0,0.0,,0.0,,0.0,0.38352962687074776
POL-016884,INS-00287,2023-06-24,2023-06-15,2024-06-14,AL,5,4.0,8,34.3,5.9,166.7,retail,ga,0,0,0.0,5000,100,9260.48,annual,32.0,1,1.0,,0.0,,0.0,0.3005340323277669
POL-016885,INS-00011,2023-03-29,2022-12-05,2023-12-05,AL,8,1.8,9,39.0,7.5,255.4,retail,ca,0,0,0.0,250,1000,13434.09,monthly,88.95,1,0.0,,0.0,,0.0,0.4898377060564927
POL-015385,INS-00678,2023-09-29,2023-06-12,2024-06-11,APD,6,7.0,5,47.5,2.6,152.4,retail,il,0,0,0.0,5000,500,5862.23,annual,45.66,0,0.0,,0.0,,0.0,0.3473763508906199
POL-015386,INS-00571,2023-06-30,2023-06-30,2024-06-29,APD,9,10.8,5,42.0,23.6,302.5,service,nc,0,0,0.0,2500,100,20608.12,quarterly,92.5,3,3.0,,0.0,,0.0,0.663444132738792
POL-016886,INS-00617,2023-12-08,2023-08-20,2024-08-19,AL,5,4.0,3,42.2,5.8,0.0,construction,tx,0,1,13783.68,5000,500,9137.3,quarterly,66.2,1,0.0,9999-01-01,-999.0,INVALID,-999.0,0.5985829944631457
POL-016887,INS-00018,2024-05-25,2024-05-02,2025-05-02,AL,7,6.5,5,33.8,4.3,162.7,service,nc,0,1,10135.97,5000,500,12213.6,quarterly,64.32,1,0.0,9999-01-01,-999.0,INVALID,-999.0,0.5171712867685823
POL-015387,INS-00744,2023-02-07,2023-01-04,2024-01-04,APD,6,7.2,3,27.8,11.8,48.3,trucking,az,0,0,0.0,2500,500,7559.11,annual,57.26,0,0.0,,0.0,,0.0,0.3912557053396024
POL-015388,INS-00047,2023-08-20,2023-05-04,2024-05-03,APD,10,6.4,9,31.7,1.0,214.4,retail,pa,0,2,4957.67,5000,100,4455.4,monthly,64.28,2,1.0,,0.0,,0.0,0.5409327224397616
POL-016888,INS-00053,2023-04-21,2023-02-05,2024-02-05,AL,10,3.5,8,40.8,5.1,236.0,retail,pa,1,0,28001.02,250,300,18626.11,quarterly,11.87,1,0.0,,0.0,,0.0,0.3797474143555794
POL-015389,INS-00501,2024-02-29,2023-12-27,2024-12-26,APD,12,5.4,3,23.3,2.4,504.6,construction,co,1,0,14841.49,5000,500,4076.68,annual,81.32,4,0.0,,0.0,,0.0,0.7172927177758065
POL-016889,INS-00027,2023-10-16,2023-10-06,2024-10-05,AL,9,4.4,7,40.6,3.0,287.3,service,fl,0,1,21464.88,1000,1000,18651.33,annual,87.27,3,0.0,9999-01-01,-999.0,INVALID,-999.0,0.631307299894306
POL-016890,INS-00542,2023-05-21,2022-12-30,2023-12-30,AL,8,5.6,7,42.7,16.5,327.6,service,fl,1,0,12150.13,2500,500,17790.58,annual,49.42157509157509,1,0.0,,0.0,,0.0,0.40251803410681747
POL-015390,INS-00005,2023-10-06,2023-07-22,2024-07-21,APD,5,0.0,12,48.0,5.6,67.4,retail,fl,0,0,0.0,1000,100,7577.52,annual,32.48,2,2.0,,0.0,,0.0,0.2836855912488666
POL-015391,INS-00425,2024-01-27,2023-09-09,2024-09-08,APD,12,5.3,9,0.0,5.0,231.0,service,co,2,0,10314.39,250,300,5804.02,annual,11.07,0,1.0,,0.0,,0.0,0.5886288193176308
POL-016891,INS-00678,2024-04-24,2024-01-19,2025-01-18,AL,7,6.0,5,44.4,1.0,60.2,trucking,nc,1,0,14440.17,2500,300,14509.86,monthly,99.22,0,0.0,9999-01-01,-999.0,INVALID,-999.0,0.47350497401478686
POL-016892,INS-00579,2023-11-18,2023-07-27,2024-07-26,AL,10,6.4,5,27.9,10.5,254.5,retail,il,2,1,28798.82,500,300,10924.38,annual,67.21,1,1.0,,0.0,,0.0,0.5433982616495178
POL-015392,INS-00702,2023-10-11,2023-07-01,2024-06-30,APD,9,8.2,8,27.9,5.1,0.0,trucking,nc,1,0,4880.89,250,500,14622.7,monthly,74.94,4,1.0,9999-01-01,-999.0,INVALID,-999.0,0.6865806117871546
POL-015393,INS-00013,2023-04-15,2022-10-24,2023-10-24,APD,11,2.1,6,54.5,1.0,167.3,trucking,fl,4,2,152313.04,500,100,9272.74,annual,22.94,2,2.0,,0.0,,0.0,0.5963196752459192
POL-016893,INS-00186,2023-01-31,2022-08-25,2023-08-25,AL,9,5.7,6,28.7,1.0,401.1,service,fl,0,1,4736.33,2500,500,25008.61,quarterly,34.53,2,0.0,,0.0,,0.0,0.5368815992192074
POL-016894,INS-00691,2023-10-27,2023-05-19,2024-05-18,AL,11,9.1,5,43.4,7.9,694.8,trucking,fl,2,0,14996.56,5000,500,22434.84,annual,40.58,2,4.0,,0.0,,0.0,0.7263191861525404
POL-015394,INS-00487,2024-06-27,2024-03-14,2025-03-14,APD,8,5.8,7,36.0,1.3,0.0,service,nc,0,1,11174.06,250,300,15787.64,monthly,49.43019157088123,1,0.0,9999-01-01,-999.0,INVALID,-999.0,0.5319592837322911
POL-015395,INS-00743,2023-09-03,2023-06-17,2024-06-16,APD,8,6.1,10,36.8,3.6,278.3,construction,ny,1,0,52854.31,250,300,6916.71,annual,55.81,1,0.0,,0.0,,0.0,0.5200318192810219
POL-016895,INS-00054,2024-05-20,2024-01-11,2025-01-10,AL,6,10.0,6,21.0,24.6,137.5,service,tx,0,0,0.0,2500,1000,11791.75,monthly,1.88,2,0.0,,0.0,,0.0,0.2808165968908638
POL-016896,INS-00065,2023-11-28,2023-06-06,2024-06-05,AL,8,6.2,2,28.0,1.1,334.7,construction,oh,0,0,0.0,250,1000,5106.57,monthly,14.17,4,0.0,,0.0,,0.0,0.43050874527024124
POL-015396,INS-00363,2023-01-03,2022-09-16,2023-09-16,APD,5,3.5,5,41.9,1.6,87.6,construction,il,0,0,0.0,5000,300,4515.98,monthly,86.75,0,2.0,,0.0,,0.0,0.4295596259028613
POL-016897,INS-00502,2023-02-20,2022-10-09,2023-10-09,AL,9,2.5,6,46.9,2.0,339.2,trucking,il,1,2,9094.13,5000,500,10609.75,monthly,75.99,1,0.0,,0.0,,0.0,0.6827308931447417
POL-015397,INS-00588,2023-06-20,2023-01-08,2024-01-08,APD,7,4.4,1,39.4,3.4,71.2,retail,fl,0,0,0.0,1000,100,22272.37,monthly,52.07,1,0.0,,0.0,,0.0,0.38799577936043583
POL-015398,INS-00088,2023-02-19,2022-11-24,2023-11-24,APD,9,6.2,8,40.6,1.0,0.0,construction,pa,1,0,3966.59,5000,100,3338.88,monthly,26.96,4,0.0,,0.0,,0.0,0.5101530945132757
POL-016898,INS-00179,2023-03-18,2022-10-16,2023-10-16,AL,9,3.2,5,40.3,1.8,145.1,service,tx,2,0,2783.75,1000,300,16196.77,monthly,91.44,0,0.0,,0.0,,0.0,0.423246299892185
POL-015399,INS-00076,2023-02-22,2022-11-01,2023-11-01,APD,5,3.4,8,0.0,11.5,298.5,trucking,pa,0,1,0.0,5000,300,6829.3,monthly,59.8,2,0.0,,0.0,,0.0,0.3653858953958217
POL-016899,INS-00728,2023-10-22,2023-09-18,2024-09-17,AL,11,3.9,5,32.4,8.2,100.7,trucking,wa,3,0,33831.95,250,300,18936.4,annual,82.09,1,2.0,,0.0,,0.0,0.5844325731564852
POL-015400,INS-00637,2024-06-13,2024-05-28,2025-05-28,APD,6,5.5,8,29.7,2.9,132.7,construction,ca,1,0,13897.8,5000,300,8896.52,annual,64.39,1,2.0,,0.0,,0.0,0.48889703067687484
POL-016900,INS-00231,2024-02-16,2024-01-06,2025-01-05,AL,6,7.4,6,27.9,3.8,105.6,trucking,fl,2,0,9425.62,2500,500,15557.42,monthly,43.28,2,2.0,,0.0,,0.0,0.43057103316351336
POL-015401,INS-00398,2023-09-02,2023-08-08,2024-08-07,APD,6,8.4,4,0.0,1.0,224.3,trucking,il,0,0,0.0,5000,1000,4217.22,quarterly,96.75,3,0.0,,0.0,,0.0,0.4771213478365941
POL-016901,INS-00308,2023-09-17,2023-06-11,2024-06-10,AL,11,3.6,5,0.0,34.7,168.6,other,ny,2,0,78562.55,2500,300,10427.46,annual,8.88,4,4.0,,0.0,,0.0,0.5574498287334233
POL-016902,INS-00008,2023-03-18,2022-10-13,2023-10-13,AL,9,4.0,8,34.3,1.0,303.6,service,pa,0,1,2216.9,5000,100,10396.56,quarterly,6.32,2,2.0,9999-01-01,-999.0,INVALID,-999.0,0.4998604614906358
POL-015402,INS-00501,2023-03-19,2022-12-11,2023-12-11,APD,9,9.3,5,54.3,1.2,549.9,trucking,tx,1,0,7373.09,2500,300,5323.64,annual,84.77,1,1.0,,0.0,,0.0,0.7491962112741893
POL-015403,INS-00583,2024-06-03,2024-05-06,2025-05-06,APD,9,0.0,8,32.1,9.9,339.2,construction,tx,1,0,4334.92,500,300,6095.78,monthly,16.8,2,0.0,,0.0,,0.0,0.449335045540109
POL-016903,INS-00689,2023-12-25,2023-11-10,2024-11-09,AL,10,0.0,5,39.8,2.5,296.7,retail,ca,3,1,95269.77,500,500,6308.58,annual,80.87,3,1.0,,0.0,,0.0,0.6740305212867822
POL-016904,INS-00298,2024-05-25,2023-12-07,2024-12-06,AL,12,3.4,5,46.2,8.5,150.6,service,ga,0,1,7786.11,1000,1000,23812.71,quarterly,95.78,1,0.0,,0.0,,0.0,0.6790763393908349
POL-015404,INS-00009,2024-03-31,2023-11-18,2024-11-17,APD,4,3.5,8,36.2,15.1,83.9,retail,az,1,0,8394.57,250,300,21553.32,quarterly,25.61,0,3.0,,0.0,,0.0,0.3282379192349036
POL-016905,INS-00008,2023-03-11,2023-01-13,2024-01-13,AL,7,4.4,2,33.2,3.5,118.2,retail,az,0,1,4679.51,2500,1000,7324.47,quarterly,31.61,2,0.0,9999-01-01,-999.0,INVALID,-999.0,0.48914152034918934
POL-015405,INS-00198,2024-03-16,2023-12-05,2024-12-04,APD,12,3.3,3,43.2,1.9,659.3,retail,wa,2,0,9717.53,1000,300,2145.2,quarterly,54.16,3,0.0,,0.0,,0.0,0.7283255142014482
POL-015406,INS-00547,2023-07-17,2023-04-21,2024-04-20,APD,6,4.9,4,46.5,7.8,285.7,trucking,il,0,0,0.0,2500,500,11685.63,monthly,2.1,1,0.0,,0.0,,0.0,0.3011547264767408
POL-016906,INS-00403,2023-04-03,2022-12-26,2023-12-26,AL,10,6.6,5,40.2,4.7,346.6,retail,ca,1,0,21562.95,1000,1000,7799.05,monthly,3.48,2,0.0,,0.0,,0.0,0.41243413865664996
POL-016907,INS-00390,2023-03-16,2022-10-03,2023-10-03,AL,7,0.5,4,52.3,25.7,168.5,construction,co,1,0,11026.38,1000,500,9852.56,monthly,83.78,1,0.0,,0.0,,0.0,0.4346270273805677
POL-015407,INS-00637,2023-11-18,2023-07-10,2024-07-09,APD,6,1.4,3,46.7,6.3,0.0,service,ga,0,2,15285.26,2500,100,6738.3,annual,43.24,0,0.0,,0.0,,0.0,0.414227831184191
POL-015408,INS-00087,2024-01-15,2023-11-08,2024-11-07,APD,10,6.5,4,38.1,1.6,455.9,trucking,pa,1,1,43281.63,1000,300,6102.29,quarterly,8.05,4,1.0,,0.0,,0.0,0.5218627948910627
POL-016908,INS-00594,2024-04-03,2023-12-07,2024-12-06,AL,8,6.3,3,41.5,9.1,303.6,trucking,ny,1,0,38736.57,5000,500,17088.99,quarterly,43.41,2,0.0,,0.0,,0.0,0.5572892108920802
POL-015409,INS-00509,2023-03-12,2022-12-26,2023-12-26,APD,1,7.2,7,28.4,10.9,0.0,trucking,tx,0,0,0.0,2500,100,22968.44,quarterly,81.02,0,0.0,,0.0,,0.0,0.26404160161832596
POL-016909,INS-00381,2023-09-04,2023-07-23,2024-07-22,AL,6,0.7,3,46.0,3.7,127.0,trucking,il,0,0,0.0,500,300,11102.3,monthly,82.88,3,2.0,,0.0,,0.0,0.5030677906746156
POL-016910,INS-00306,2023-07-12,2023-03-31,2024-03-30,AL,10,6.3,5,29.0,2.0,283.2,service,oh,1,1,8632.26,250,100,13863.41,quarterly,70.37,1,0.0,9999-01-01,-999.0,INVALID,-999.0,0.5351708495995092
POL-015410,INS-00134,2023-12-13,2023-08-06,2024-08-05,APD,9,4.4,7,31.8,9.5,283.9,retail,ga,1,0,34361.45,500,100,25000.0,annual,58.14,1,0.0,,0.0,,0.0,0.5512841867373622
POL-015411,INS-00049,2023-03-11,2022-09-24,2023-09-24,APD,10,5.5,8,38.6,24.6,391.9,service,fl,1,2,20904.84,2500,100,2000.0,quarterly,2.26,1,0.0,,0.0,,0.0,0.453275819140828
POL-016911,INS-00399,2023-10-14,2023-09-17,2024-09-16,AL,9,2.5,4,24.7,25.0,333.5,rideshare,oh,0,1,0.0,5000,300,7866.22,annual,79.78,1,0.0,,0.0,,0.0,0.5787126834609825
POL-016912,INS-00334,2023-03-29,2023-03-27,2024-03-26,AL,7,8.7,5,46.0,5.1,97.4,retail,ga,2,1,0.0,2500,300,19311.5,annual,68.63,4,0.0,,0.0,,0.0,0.5153623005015329
POL-015412,INS-00732,2023-12-07,2023-10-27,2024-10-26,APD,6,4.9,4,47.3,10.9,129.6,service,az,0,0,0.0,1000,300,4685.23,quarterly,20.89,3,0.0,,0.0,,0.0,0.2722404305984978
POL-015413,INS-00700,2024-02-24,2024-02-21,2025-02-20,APD,9,2.9,9,21.0,4.8,192.9,retail,ny,3,0,125863.44,250,300,6929.03,quarterly,19.59,2,0.0,9999-01-01,-999.0,INVALID,-999.0,0.43313429711391055
POL-016913,INS-00395,2024-05-28,2024-05-19,2025-05-19,AL,5,2.3,4,33.4,4.3,167.9,trucking,il,0,0,0.0,250,500,7680.61,annual,7.07,1,1.0,,0.0,,0.0,0.27226559819759594
POL-016914,INS-00525,2024-05-27,2024-05-03,2025-05-03,AL,7,5.8,6,45.1,1.0,153.9,retail,ca,1,0,12309.11,5000,500,20371.15,monthly,28.81,2,0.0,9999-01-01,-999.0,INVALID,-999.0,0.3713015672621802
POL-015414,INS-00271,2023-11-28,2023-07-17,2024-07-16,APD,7,12.1,3,51.5,13.1,136.3,construction,nc,0,0,0.0,2500,1000,10320.02,annual,84.72,2,0.0,,0.0,,0.0,0.5070450466478141
POL-015415,INS-00556,2023-07-05,2023-06-23,2024-06-22,APD,8,3.4,9,37.2,2.9,205.7,construction,il,2,0,21222.82,2500,300,6895.07,quarterly,94.61,3,0.0,,0.0,,0.0,0.6008340950214737
POL-016915,INS-00704,2024-04-26,2024-02-25,2025-02-24,AL,14,2.8,7,34.5,5.2,1036.0,construction,co,0,0,0.0,500,500,19551.69,monthly,71.5,4,3.0,,0.0,,0.0,0.8287987905125893
POL-016916,INS-00567,2023-06-02,2023-05-01,2024-04-30,AL,7,7.3,7,33.8,7.2,246.6,trucking,ga,3,0,49503.66,5000,500,4276.82,quarterly,90.59,1,2.0,,0.0,,0.0,0.6469876820877689
POL-015416,INS-00278,2023-04-23,2023-01-04,2024-01-04,APD,4,8.4,7,38.8,1.9,0.0,retail,wa,0,0,0.0,500,300,8942.25,monthly,97.01,2,0.0,,0.0,,0.0,0.4798943770217332
POL-015417,INS-00307,2023-08-28,2023-05-05,2024-05-04,APD,7,5.6,7,40.3,6.7,232.8,other,oh,0,0,0.0,2500,100,10850.3,quarterly,43.22,1,0.0,,0.0,,0.0,0.3629586657734569
POL-016917,INS-00364,2024-03-05,2023-11-06,2024-11-05,AL,9,4.7,5,50.8,1.0,327.5,retail,tx,0,0,0.0,250,300,21912.05,quarterly,20.43,3,0.0,,0.0,,0.0,0.42718838050137464
POL-016918,INS-00037,2024-06-22,2024-04-15,2025-04-15,AL,2,2.7,6,55.8,4.6,61.7,construction,il,2,0,24695.9,2500,500,9840.17,monthly,36.05,1,0.0,,0.0,,0.0,0.22349556982199262
POL-015418,INS-00519,2023-11-29,2023-07-14,2024-07-13,APD,7,8.3,3,41.2,8.4,253.5,service,az,0,0,0.0,1000,300,8942.41,quarterly,73.34,1,0.0,,0.0,,0.0,0.48174983728454596
POL-015419,INS-00440,2024-06-02,2024-04-15,2025-04-15,APD,5,6.5,6,34.5,6.3,207.5,service,wa,1,0,8910.6,250,500,3114.6,monthly,61.28,1,0.0,,0.0,,0.0,0.43317315915400206
POL-016919,INS-00051,2023-08-05,2023-04-29,2024-04-28,AL,5,10.7,3,36.5,11.7,100.0,construction,oh,1,0,14169.15,250,500,6679.04,quarterly,36.39,3,0.0,,0.0,,0.0,0.36426318166673355
POL-016920,INS-00331,2024-01-26,2023-11-09,2024-11-08,AL,8,5.3,10,26.6,4.2,276.3,service,oh,0,1,0.0,250,300,12646.31,monthly,51.97,3,2.0,,0.0,,0.0,0.5020688528270209
POL-015420,INS-00618,2023-04-11,2022-12-31,2023-12-31,APD,10,11.4,3,45.2,18.3,887.4,service,ca,0,2,24312.9,500,300,8373.74,quarterly,94.61,3,0.0,,0.0,,0.0,0.7995638108845214
POL-015421,INS-00717,2024-04-08,2024-01-26,2025-01-25,APD,7,3.1,6,39.6,1.5,122.5,trucking,pa,1,0,9429.12,2500,500,3942.1,monthly,92.7,3,2.0,,0.0,,0.0,0.5764320291636681
POL-016921,INS-00575,2023-08-12,2023-02-16,2024-02-16,AL,10,4.8,2,37.0,3.2,129.8,construction,az,0,0,0.0,2500,500,14085.07,monthly,77.73,4,2.0,,0.0,,0.0,0.6168971665981797
POL-016922,INS-00589,2023-01-12,2022-12-16,2023-12-16,AL,4,2.8,6,38.3,11.4,110.7,service,pa,0,0,0.0,1000,300,20430.16,annual,27.6,1,0.0,9999-01-01,-999.0,INVALID,-999.0,0.21335861865388264
POL-015422,INS-00607,2024-03-18,2024-02-25,2025-02-24,APD,16,5.6,7,48.1,2.2,977.5,trucking,oh,3,0,45851.28,5000,100,9711.11,quarterly,15.35,4,0.0,,0.0,,0.0,0.831574420651506
POL-015423,INS-00049,2024-06-24,2024-01-22,2025-01-21,APD,9,7.2,6,37.3,5.0,258.6,trucking,wa,1,1,13040.35,5000,100,17151.98,monthly,4.27,2,1.0,,0.0,,0.0,0.46442686605526196
POL-016923,INS-00109,2023-11-22,2023-08-12,2024-08-11,AL,9,1.3,4,0.0,7.3,124.0,trucking,ny,0,1,17343.06,250,500,18844.69,monthly,68.31,2,0.0,,0.0,,0.0,0.5543789178058767
POL-016924,INS-00222,2024-01-07,2023-12-18,2024-12-17,AL,9,5.5,4,39.8,4.2,151.2,trucking,wa,1,0,8997.81,2500,1000,7572.88,quarterly,72.62,0,2.0,,0.0,,0.0,0.6083926196164826
POL-015424,INS-00685,2023-06-20,2023-02-03,2024-02-03,APD,3,6.2,8,33.4,4.9,64.0,construction,co,0,0,0.0,500,100,7872.95,quarterly,29.6,0,1.0,,0.0,,0.0,0.22635565128112153
POL-016925,INS-00192,2024-03-11,2024-01-09,2025-01-08,AL,13,5.9,6,39.6,3.1,419.9,retail,ca,0,0,0.0,500,500,11659.73,monthly,60.01,3,0.0,,0.0,,0.0,0.5836246952002546
POL-015425,INS-00185,2023-06-20,2023-05-31,2024-05-30,APD,2,7.0,4,55.0,1.0,63.1,trucking,ga,0,2,9989.59,500,300,5164.88,quarterly,3.59,0,2.0,,0.0,,0.0,0.17879241941510002
POL-015426,INS-00654,2024-05-24,2024-01-13,2025-01-12,APD,4,10.2,9,51.1,1.0,96.8,construction,ny,1,0,37965.28,500,500,8010.42,monthly,11.24,0,4.0,9999-01-01,-999.0,INVALID,-999.0,0.36754176872597977
POL-016926,INS-00182,2024-03-15,2024-02-28,2025-02-27,AL,5,1.9,7,49.5,1.0,0.0,trucking,co,0,0,0.0,500,300,12763.11,monthly,20.35,1,2.0,,0.0,,0.0,0.39198067795350183
POL-016927,INS-00180,2023-08-17,2023-08-14,2024-08-13,AL,3,5.1,3,39.1,7.8,71.7,construction,ga,0,0,0.0,1000,300,16819.41,quarterly,95.08,1,0.0,,0.0,,0.0,0.3666422491516001
POL-015427,INS-00564,2023-11-28,2023-08-17,2024-08-16,APD,11,7.5,6,49.6,21.3,217.5,other,ca,0,0,0.0,2500,300,10706.55,annual,14.18,1,0.0,,0.0,,0.0,0.41477974323110184
POL-015428,INS-00390,2023-08-01,2023-07-09,2024-07-08,APD,8,1.8,8,38.7,14.3,302.5,trucking,co,1,1,19924.49,1000,100,11707.61,annual,46.64,2,0.0,9999-01-01,-999.0,INVALID,-999.0,0.49608160454830874
POL-016928,INS-00155,2023-06-08,2023-03-16,2024-03-15,AL,10,2.0,6,42.1,1.0,319.0,trucking,tx,0,0,0.0,500,500,9352.36,quarterly,64.48,4,0.0,,0.0,,0.0,0.6268830560383852
POL-016929,INS-00744,2023-08-15,2023-08-09,2024-08-08,AL,7,5.4,4,44.4,2.2,0.0,retail,ny,1,0,19568.55,1000,1000,8441.73,monthly,24.62,2,0.0,,0.0,,0.0,0.4558773403451781
POL-015429,INS-00531,2023-06-04,2023-01-31,2024-01-31,APD,12,1.2,5,34.6,1.0,249.2,service,ca,1,1,10238.9,500,300,9927.54,annual,57.28,0,2.0,,0.0,,0.0,0.6567369430851584
POL-015430,INS-00564,2023-11-10,2023-06-10,2024-06-09,APD,10,4.8,5,33.0,1.8,298.2,retail,ga,0,0,0.0,5000,1000,4301.52,monthly,12.69,3,0.0,,0.0,,0.0,0.38903910919208856
POL-016930,INS-00485,2023-09-08,2023-06-22,2024-06-21,AL,8,5.1,5,51.4,1.8,212.2,retail,oh,2,1,37391.62,2500,500,27505.94,quarterly,65.08,4,0.0,,0.0,,0.0,0.6233379891821412
POL-016931,INS-00538,2024-04-23,2023-11-13,2024-11-12,AL,7,0.3,9,46.3,8.9,133.3,construction,wa,2,0,45387.03,1000,1000,17239.4,annual,40.27,2,0.0,,0.0,,0.0,0.4166031581291495
POL-015431,INS-00500,2024-02-09,2023-11-05,2024-11-04,APD,11,6.6,7,32.1,10.1,305.9,trucking,az,0,0,0.0,1000,100,6152.11,monthly,5.98,1,0.0,,0.0,,0.0,0.4539333758594315
POL-015432,INS-00369,2023-09-07,2023-04-12,2024-04-11,APD,4,8.3,5,38.4,1.6,94.3,retail,tx,1,0,29293.75,250,500,10359.4,monthly,93.88,1,0.0,,0.0,,0.0,0.4440236500307882
POL-016932,INS-00156,2023-07-13,2023-01-26,2024-01-26,AL,4,6.5,6,54.4,14.8,183.7,retail,tx,1,0,11246.68,1000,300,7681.93,monthly,16.0,0,0.0,,0.0,,0.0,0.1963768354022463
POL-015433,INS-00075,2023-12-23,2023-08-30,2024-08-29,APD,12,11.3,10,34.2,17.6,0.0,trucking,wa,0,1,0.0,250,100,4344.17,monthly,80.51,1,0.0,,0.0,,0.0,0.7030750406556364
POL-016933,INS-00193,2023-04-19,2022-11-28,2023-11-28,AL,6,5.8,4,34.7,4.2,156.1,trucking,oh,0,0,0.0,5000,300,7059.53,annual,92.24,4,0.0,,0.0,,0.0,0.5568871483092237
POL-016934,INS-00534,2024-03-01,2024-01-22,2025-01-21,AL,10,6.4,3,41.7,1.8,85.1,trucking,ga,0,1,3879.73,1000,500,11028.23,annual,4.86,2,2.0,,0.0,,0.0,0.4887217519933936
POL-015434,INS-00097,2023-10-23,2023-08-31,2024-08-30,APD,4,4.5,3,33.6,9.2,84.1,construction,il,0,0,0.0,2500,500,8978.98,annual,17.46,0,3.0,,0.0,,0.0,0.2784050600046187
POL-015435,INS-00171,2023-02-08,2022-11-25,2023-11-25,APD,9,5.2,11,24.3,10.2,167.1,service,wa,0,0,0.0,1000,300,3283.54,monthly,50.35,4,1.0,,0.0,,0.0,0.456275102108476
POL-016935,INS-00668,2023-10-09,2023-04-23,2024-04-22,AL,3,6.3,3,38.3,1.0,57.4,retail,co,1,0,8637.34,2500,300,15911.52,quarterly,43.37,0,0.0,,0.0,,0.0,0.25874600801950914
POL-016936,INS-00368,2023-01-20,2023-01-18,2024-01-18,AL,4,9.4,9,40.8,1.1,68.7,trucking,wa,0,0,0.0,250,1000,6665.89,monthly,25.43,1,0.0,,0.0,,0.0,0.2803654096140513
POL-015436,INS-00409,2023-11-19,2023-10-10,2024-10-09,APD,2,9.4,8,36.0,3.0,44.5,service,az,1,0,5644.58,2500,300,11960.84,quarterly,1.09,1,1.0,,0.0,,0.0,0.1891342366588074
POL-015437,INS-00034,2023-11-10,2023-09-21,2024-09-20,APD,4,6.0,6,33.8,3.3,94.1,construction,co,0,0,0.0,250,500,10073.23,annual,82.64,2,0.0,,0.0,,0.0,0.35950413840618195
POL-016937,INS-00463,2023-01-30,2022-11-05,2023-11-05,AL,9,4.7,5,43.3,2.7,343.0,construction,az,0,0,0.0,250,300,21983.34,monthly,54.95,1,0.0,,0.0,,0.0,0.4188875393579388
POL-016938,INS-00092,2023-02-17,2023-01-15,2024-01-15,AL,8,4.1,8,31.4,10.6,162.8,retail,pa,0,0,0.0,1000,500,8828.94,missing,47.42,0,4.0,,0.0,,0.0,0.45634256201331297
POL-015438,INS-00149,2023-12-20,2023-10-07,2024-10-06,APD,10,8.0,7,41.1,1.0,313.5,retail,tx,1,0,29090.13,500,1000,17998.11,quarterly,90.94,1,0.0,,0.0,,0.0,0.666176143972021
POL-015439,INS-00730,2023-12-29,2023-10-13,2024-10-12,APD,7,8.9,3,26.4,9.4,355.2,construction,co,1,0,21699.27,1000,300,3711.33,quarterly,67.21,3,1.0,9999-01-01,-999.0,INVALID,-999.0,0.5635328151611612
POL-016939,INS-00700,2023-03-04,2023-01-25,2024-01-25,AL,7,5.6,6,38.0,6.9,291.3,construction,tx,4,0,30158.04,5000,300,6381.03,quarterly,82.76,0,3.0,,0.0,,0.0,0.5868288859855566
POL-016940,INS-00067,2023-07-04,2023-05-15,2024-05-14,AL,7,2.6,6,37.0,3.6,184.6,construction,wa,2,0,0.0,2500,1000,12007.26,monthly,12.08,1,3.0,,0.0,,0.0,0.39761395328399096
POL-015440,INS-00702,2024-01-01,2023-07-10,2024-07-09,APD,11,5.7,5,44.0,20.5,497.4,service,ca,1,0,8448.17,1000,500,4595.72,annual,74.16,1,3.0,,0.0,,0.0,0.7618214658801346
POL-015441,INS-00060,2023-04-16,2022-12-17,2023-12-17,APD,9,7.0,6,40.2,1.0,114.8,retail,wa,1,0,7279.11,500,300,7215.48,quarterly,11.02,2,1.0,,0.0,,0.0,0.4203913825237708
POL-016941,INS-00242,2024-03-30,2023-11-18,2024-11-17,AL,6,5.2,10,0.0,1.5,107.9,construction,il,0,0,0.0,250,300,37537.82,quarterly,49.09,1,1.0,,0.0,,0.0,0.37031448474875683
POL-016942,INS-00377,2023-07-26,2023-03-21,2024-03-20,AL,8,4.6,7,28.6,4.9,209.3,construction,nc,0,1,13018.23,250,300,18017.98,quarterly,12.4,2,1.0,,0.0,,0.0,0.44342460077903134
POL-015442,INS-00699,2024-06-14,2024-02-28,2025-02-27,APD,8,6.6,7,53.0,4.6,98.8,trucking,oh,1,1,12550.99,1000,500,10775.82,quarterly,41.38,1,3.0,,0.0,,0.0,0.5313507976801306
POL-015443,INS-00695,2023-05-29,2023-02-02,2024-02-02,APD,7,1.8,9,55.4,4.7,573.0,construction,ca,0,0,0.0,2500,300,14097.5,monthly,6.27,1,1.0,,0.0,,0.0,0.42596122176031304
POL-016943,INS-00205,2023-06-09,2023-03-26,2024-03-25,AL,7,6.1,1,37.6,30.5,322.9,service,tx,0,1,14648.43,2500,500,4920.56,quarterly,36.73,1,0.0,,0.0,,0.0,0.45958589101433306
POL-016944,INS-00698,2023-08-02,2023-05-08,2024-05-07,AL,6,4.5,10,48.1,3.0,153.6,construction,fl,0,1,13511.29,2500,500,12409.06,annual,47.6,1,0.0,,0.0,,0.0,0.4077740722834259
POL-015444,INS-00198,2023-09-17,2023-07-18,2024-07-17,APD,11,5.5,8,27.3,1.5,121.4,retail,ga,0,1,3281.25,500,100,25000.0,monthly,89.54,3,0.0,,0.0,,0.0,0.5990955767392874
POL-016945,INS-00002,2023-09-05,2023-07-26,2024-07-25,AL,9,0.0,11,34.8,22.3,270.2,construction,co,1,0,12623.91,2500,300,19595.41,annual,29.83,3,0.0,,0.0,,0.0,0.43466631720614923
POL-015445,INS-00515,2023-06-21,2023-05-23,2024-05-22,APD,7,5.4,8,49.8,10.2,127.6,construction,ny,0,0,0.0,1000,500,12647.56,quarterly,14.5,2,2.0,,0.0,,0.0,0.34062420229933343
POL-015446,INS-00176,2024-02-21,2024-01-24,2025-01-23,APD,8,4.6,3,42.3,1.0,156.6,service,oh,2,1,48364.89,250,500,7973.59,annual,27.1,0,4.0,,0.0,,0.0,0.5628822724275273
POL-016946,INS-00304,2023-06-11,2023-03-30,2024-03-29,AL,7,6.0,6,45.5,3.2,261.8,retail,ny,0,0,0.0,5000,300,10348.33,quarterly,60.27,1,2.0,,0.0,,0.0,0.5049745742125155
POL-016947,INS-00548,2023-08-26,2023-03-30,2024-03-29,AL,3,3.9,5,45.1,21.1,103.6,retail,ga,0,0,0.0,1000,300,9812.31,annual,52.74,2,0.0,,0.0,,0.0,0.25687822350179823
POL-015447,INS-00234,2024-06-12,2024-01-03,2025-01-02,APD,15,5.3,9,26.6,6.0,444.7,construction,ny,0,1,14942.11,500,100,3028.91,quarterly,10.01,3,2.0,,0.0,,0.0,0.6033613293445625
POL-015448,INS-00514,2023-12-12,2023-09-03,2024-09-02,APD,8,4.3,5,48.5,9.4,95.6,trucking,co,1,0,3993.57,500,300,12514.37,annual,38.23,3,4.0,9999-01-01,-999.0,INVALID,-999.0,0.5418099905936078
POL-016948,INS-00256,2023-07-13,2023-03-04,2024-03-03,AL,12,7.7,7,43.7,4.9,782.8,service,pa,1,0,9542.16,2500,1000,29567.4,monthly,21.64,1,0.0,9999-01-01,-999.0,INVALID,-999.0,0.5677129642211336
POL-016949,INS-00518,2023-09-16,2023-09-12,2024-09-11,AL,12,5.3,6,44.2,2.8,296.6,retail,co,1,0,8996.75,5000,300,12792.31,annual,15.17,4,0.0,9999-01-01,-999.0,INVALID,-999.0,0.5112217268177852
POL-015449,INS-00479,2023-12-30,2023-07-09,2024-07-08,APD,10,7.5,5,37.7,2.2,146.8,retail,ga,1,1,8778.28,1000,300,7070.47,monthly,98.56,3,0.0,,0.0,,0.0,0.6428174839611859
POL-015450,INS-00739,2023-09-16,2023-07-26,2024-07-25,APD,8,4.0,7,47.4,5.2,123.4,service,wa,2,0,44155.38,250,300,8527.53,monthly,60.72,1,0.0,,0.0,,0.0,0.5318652113735268
POL-016950,INS-00187,2024-03-04,2024-02-17,2025-02-16,AL,7,3.0,5,42.4,1.0,198.5,service,nc,1,2,19172.82,5000,300,11174.93,quarterly,44.73,0,0.0,,0.0,,0.0,0.5067603165220577
POL-016951,INS-00553,2024-03-22,2023-10-22,2024-10-21,AL,10,5.5,6,48.2,1.0,0.0,construction,oh,1,1,0.0,2500,100,26467.9,quarterly,8.05,2,0.0,9999-01-01,-999.0,INVALID,-999.0,0.5535528643242871
POL-015451,INS-00633,2023-07-12,2023-06-27,2024-06-26,APD,5,4.4,4,30.2,29.8,85.8,service,ca,1,0,19777.24,250,500,6618.58,monthly,15.55,1,0.0,9999-01-01,-999.0,INVALID,-999.0,0.28979001114427655
POL-015452,INS-00467,2023-01-24,2022-10-07,2023-10-07,APD,14,7.7,10,36.3,3.1,554.6,trucking,nc,2,2,43651.25,2500,500,6164.18,monthly,10.75,1,0.0,,0.0,,0.0,0.6944377513254609
POL-016952,INS-00602,2023-07-20,2023-03-24,2024-03-23,AL,8,5.4,3,44.1,15.8,208.2,other,fl,1,0,12123.47,2500,500,7755.27,quarterly,52.77,2,0.0,,0.0,,0.0,0.47593736221249
POL-015453,INS-00558,2023-07-10,2023-06-17,2024-06-16,APD,7,2.7,4,36.4,1.5,262.2,construction,fl,0,0,0.0,5000,100,2761.11,annual,63.71,3,0.0,9999-01-01,-999.0,INVALID,-999.0,0.4124684174364897
POL-016953,INS-00124,2023-08-10,2023-07-27,2024-07-26,AL,8,2.8,3,39.0,10.6,96.2,retail,ga,1,1,41082.53,1000,500,21693.12,monthly,69.21,1,1.0,9999-01-01,-999.0,INVALID,-999.0,0.5087141964456724
POL-016954,INS-00539,2023-12-11,2023-08-09,2024-08-08,AL,6,3.1,5,38.3,11.0,259.8,retail,il,0,0,0.0,2500,500,13770.94,monthly,64.2,0,0.0,,0.0,,0.0,0.3559923871322204
POL-015454,INS-00095,2024-02-28,2023-10-14,2024-10-13,APD,8,5.7,7,43.8,24.2,139.1,service,nc,1,0,18244.39,250,100,6458.93,monthly,49.43019157088123,1,0.0,,0.0,,0.0,0.47535378386750937
POL-015455,INS-00315,2024-04-30,2024-02-16,2025-02-15,APD,5,2.8,10,45.4,11.5,143.8,other,nc,1,0,11920.41,1000,500,7685.46,quarterly,27.0,1,3.0,,0.0,,0.0,0.34733906846246637
POL-016955,INS-00059,2023-09-11,2023-04-27,2024-04-26,AL,9,3.2,12,41.5,6.3,294.2,retail,co,0,0,0.0,500,100,12948.19,monthly,86.51,3,0.0,,0.0,,0.0,0.499997770674507
POL-016956,INS-00360,2023-12-24,2023-11-21,2024-11-20,AL,9,3.1,8,46.9,1.9,221.5,service,ga,2,0,17246.96,250,500,6464.72,monthly,56.38,1,2.0,,0.0,,0.0,0.44069889817656877
POL-015456,INS-00056,2023-01-20,2022-11-08,2023-11-08,APD,10,8.7,5,40.3,11.7,545.3,trucking,ny,0,0,0.0,500,500,7273.26,quarterly,66.47,1,0.0,,0.0,,0.0,0.6480877106597043
POL-015457,INS-00704,2023-12-03,2023-09-01,2024-08-31,APD,8,7.3,7,33.1,11.9,67.0,retail,tx,1,0,16097.64,1000,100,10294.22,quarterly,29.01,1,0.0,,0.0,,0.0,0.40761436655528804
POL-016957,INS-00606,2024-02-13,2024-02-02,2025-02-01,AL,6,5.2,6,28.3,13.5,139.9,trucking,co,0,0,0.0,1000,1000,24643.48,quarterly,97.23,2,0.0,,0.0,,0.0,0.5674203300436536
POL-016958,INS-00236,2023-08-17,2023-07-15,2024-07-14,AL,5,2.3,8,0.0,7.4,73.4,retail,ca,1,1,18919.8,250,1000,21943.45,monthly,15.72,1,0.0,,0.0,,0.0,0.31424995260945154
POL-015458,INS-00545,2023-10-16,2023-06-11,2024-06-10,APD,8,9.6,7,41.7,8.9,150.0,construction,az,4,0,16565.29,250,100,5443.87,annual,1.15,1,0.0,,0.0,,0.0,0.5322985983605708
POL-015459,INS-00508,2023-05-03,2022-11-08,2023-11-08,APD,11,7.4,4,44.3,1.0,142.9,retail,oh,0,0,0.0,1000,500,14710.48,quarterly,62.72,2,0.0,,0.0,,0.0,0.5183468062007148
POL-016959,INS-00698,2023-03-05,2023-02-03,2024-02-03,AL,12,0.9,5,37.3,12.7,416.1,construction,az,0,0,0.0,1000,300,12290.35,quarterly,77.07,1,1.0,,0.0,,0.0,0.6284529398958624
POL-016960,INS-00342,2024-03-09,2023-12-15,2024-12-14,AL,10,1.3,5,29.5,7.7,152.3,service,ca,3,1,11755.79,250,1000,12898.13,annual,7.85,1,1.0,,0.0,,0.0,0.42441394235840013
POL-015460,INS-00007,2023-02-20,2022-12-12,2023-12-12,APD,8,4.7,6,36.8,1.3,67.8,construction,oh,1,0,20117.98,2500,100,8852.35,quarterly,78.75,0,0.0,,0.0,,0.0,0.5227030773709718
POL-015461,INS-00749,2024-01-07,2023-08-03,2024-08-02,APD,11,2.0,5,29.0,6.5,337.3,trucking,oh,0,0,0.0,500,300,7259.26,monthly,80.82,4,1.0,,0.0,,0.0,0.6220608970487826
POL-016961,INS-00360,2023-09-27,2023-08-25,2024-08-24,AL,7,4.7,4,48.7,10.9,178.6,construction,fl,1,0,1091.79,5000,1000,16280.71,monthly,63.23,4,0.0,,0.0,,0.0,0.5407901107906099
POL-016962,INS-00309,2023-12-01,2023-11-25,2024-11-24,AL,8,1.0,7,48.9,12.7,0.0,retail,fl,1,1,33889.06,2500,500,25860.8,quarterly,76.54,2,3.0,,0.0,,0.0,0.7426970629159464
POL-015462,INS-00094,2024-01-15,2023-10-06,2024-10-05,APD,10,6.4,4,32.5,1.7,358.0,construction,wa,3,0,35590.04,1000,1000,11648.39,annual,70.35,2,0.0,,0.0,,0.0,0.7181278082958538
POL-015463,INS-00025,2023-10-03,2023-08-12,2024-08-11,APD,6,2.9,8,24.9,4.2,153.9,retail,tx,0,0,0.0,1000,300,10900.18,monthly,2.65,2,1.0,,0.0,,0.0,0.26551718798455803
POL-016963,INS-00411,2023-04-20,2023-02-11,2024-02-11,AL,8,3.4,3,38.5,27.0,91.6,retail,ga,1,0,25244.7,1000,300,13562.92,annual,96.65,2,1.0,,0.0,,0.0,0.5134059789259785
POL-016964,INS-00192,2024-06-14,2024-05-23,2025-05-23,AL,6,0.2,4,35.7,1.0,0.0,retail,co,1,0,9652.53,2500,300,8375.33,quarterly,55.94,3,0.0,,0.0,,0.0,0.5365090494276221
POL-015464,INS-00170,2023-02-19,2022-10-10,2023-10-10,APD,9,7.2,2,33.2,5.7,189.3,retail,ny,2,1,16472.51,5000,300,5903.76,annual,50.13297619047619,0,0.0,,0.0,,0.0,0.5572010155493329
POL-016965,INS-00073,2023-01-02,2022-07-15,2023-07-15,AL,8,0.0,7,29.2,35.7,160.2,construction,il,1,0,4890.43,250,500,14256.81,monthly,36.26,2,2.0,,0.0,,0.0,0.413724676994033
POL-015465,INS-00067,2023-01-24,2023-01-24,2024-01-24,APD,5,3.1,7,43.8,6.8,97.0,retail,ga,0,0,0.0,250,300,15821.23,quarterly,44.83,1,0.0,9999-01-01,-999.0,INVALID,-999.0,0.28518996268883984
POL-015466,INS-00060,2024-06-07,2024-02-05,2025-02-04,APD,6,4.2,4,45.8,30.8,328.3,construction,ca,0,1,18748.65,250,500,3552.88,quarterly,89.71,3,0.0,,0.0,,0.0,0.46988950751888875
POL-016966,INS-00555,2024-01-12,2023-09-30,2024-09-29,AL,8,1.6,6,30.7,6.9,412.7,trucking,co,0,2,24300.31,5000,1000,5347.1,annual,15.49,2,1.0,,0.0,,0.0,0.6444491358059559
POL-015467,INS-00102,2024-02-11,2023-11-24,2024-11-23,APD,6,0.0,4,51.9,10.6,182.0,service,ca,0,0,0.0,5000,300,9704.49,annual,74.76,1,2.0,,0.0,,0.0,0.4292220108763981
POL-016967,INS-00382,2023-05-03,2023-03-25,2024-03-24,AL,8,6.6,5,45.5,12.0,71.1,retail,co,1,1,59859.55,500,1000,16329.93,monthly,17.89,1,0.0,,0.0,,0.0,0.41283373237332466
POL-016968,INS-00551,2024-03-26,2024-01-02,2025-01-01,AL,5,8.7,4,24.0,6.0,174.3,construction,ny,1,1,20771.43,1000,500,13268.97,monthly,54.26,1,2.0,,0.0,,0.0,0.42712993973438906
POL-015468,INS-00745,2023-07-24,2023-07-20,2024-07-19,APD,7,3.6,11,40.1,1.0,130.6,retail,ga,1,0,20581.97,500,1000,4152.61,annual,85.91,4,2.0,,0.0,,0.0,0.5405034379205303
POL-015469,INS-00592,2023-12-21,2023-12-10,2024-12-09,APD,10,5.4,6,42.1,1.0,269.5,trucking,wa,0,1,21583.24,500,1000,6578.92,annual,24.97,1,2.0,,0.0,,0.0,0.5201887019057995
POL-016969,INS-00070,2023-12-19,2023-12-02,2024-12-01,AL,8,3.3,3,45.8,5.6,411.6,retail,oh,0,1,3959.33,5000,500,18738.51,monthly,79.21,2,0.0,,0.0,,0.0,0.6081777345765643
POL-016970,INS-00280,2023-08-11,2023-04-16,2024-04-15,AL,9,2.1,3,46.2,17.6,0.0,construction,pa,1,0,8612.06,1000,300,9879.16,quarterly,49.91827464788733,2,0.0,,0.0,,0.0,0.5666092757278747
POL-015470,INS-00713,2023-04-03,2022-10-15,2023-10-15,APD,7,2.1,4,43.7,1.3,305.7,trucking,ny,0,1,5123.45,500,300,7812.76,annual,83.23,3,3.0,,0.0,,0.0,0.5862878896493873
POL-016971,INS-00734,2024-02-23,2024-02-03,2025-02-02,AL,9,1.3,5,39.4,7.5,312.6,trucking,wa,0,0,0.0,1000,1000,6648.52,quarterly,25.26,3,2.0,,0.0,,0.0,0.584947368317597
POL-015471,INS-00357,2023-09-19,2023-03-31,2024-03-30,APD,5,0.5,6,29.9,7.8,86.1,trucking,pa,0,1,7508.35,250,300,19001.65,annual,71.39,0,0.0,,0.0,,0.0,0.3789026391635792
POL-015472,INS-00259,2023-03-06,2023-02-03,2024-02-03,APD,7,8.5,5,48.9,1.0,137.2,construction,tx,1,0,0.0,2500,1000,15690.1,annual,22.24,1,1.0,,0.0,,0.0,0.42125042811879104
POL-016972,INS-00725,2023-01-26,2022-10-11,2023-10-11,AL,9,6.4,6,36.0,10.1,403.8,rideshare,pa,1,2,29603.25,500,300,23506.17,annual,67.9,0,2.0,,0.0,,0.0,0.6119051595396404
POL-016973,INS-00578,2023-12-11,2023-10-16,2024-10-15,AL,11,1.8,9,39.5,3.6,259.5,retail,az,1,1,58348.69,2500,500,8196.77,annual,94.97,1,1.0,,0.0,,0.0,0.6720589097281549
POL-015473,INS-00651,2023-02-08,2023-02-07,2024-02-07,APD,9,5.3,4,40.3,16.5,97.0,retail,pa,0,1,13219.97,2500,300,5660.82,monthly,50.13297619047619,3,0.0,,0.0,,0.0,0.423184617175227
POL-015474,INS-00176,2023-04-22,2023-04-16,2024-04-15,APD,4,4.6,7,47.8,20.4,118.5,construction,fl,0,0,0.0,1000,500,13392.81,quarterly,64.13,1,0.0,,0.0,,0.0,0.2990212157733931
POL-016974,INS-00271,2024-03-05,2023-12-27,2024-12-26,AL,10,5.9,5,22.1,4.4,0.0,retail,pa,1,0,15068.64,250,100,6363.17,monthly,49.57,3,1.0,,0.0,,0.0,0.5514238450482725
POL-016975,INS-00385,2024-05-17,2024-05-05,2025-05-05,AL,3,1.4,10,31.5,21.9,167.1,service,ca,1,0,4047.26,500,300,13093.22,annual,65.7,0,0.0,,0.0,,0.0,0.23015926764043496
POL-015475,INS-00732,2023-06-22,2023-03-15,2024-03-14,APD,6,2.6,2,50.7,5.4,386.2,retail,tx,0,0,0.0,1000,100,6082.76,monthly,21.02,1,0.0,,0.0,,0.0,0.33941520642422385
POL-015476,INS-00730,2024-04-05,2024-01-11,2025-01-10,APD,12,4.1,8,43.0,4.8,433.8,trucking,ny,1,0,6704.29,1000,300,4094.24,annual,62.93,2,0.0,,0.0,,0.0,0.6837448567770713
POL-016976,INS-00393,2024-04-12,2023-11-09,2024-11-08,AL,6,2.9,6,22.8,8.4,115.8,retail,fl,0,0,0.0,500,500,9843.1,monthly,58.7,1,2.0,,0.0,,0.0,0.3721474878265351
POL-016977,INS-00129,2023-11-29,2023-07-10,2024-07-09,AL,11,3.5,3,51.8,15.4,265.6,trucking,fl,3,0,21827.95,1000,1000,13161.68,annual,79.51,4,1.0,9999-01-01,-999.0,INVALID,-999.0,0.6947925331811267
POL-015477,INS-00640,2023-07-31,2023-05-07,2024-05-06,APD,9,4.5,3,43.9,2.2,590.5,retail,fl,2,1,66970.25,2500,300,8046.89,annual,50.72,2,2.0,,0.0,,0.0,0.6830360468371189
POL-016978,INS-00003,2023-09-01,2023-03-19,2024-03-18,AL,4,3.5,5,44.0,19.1,136.5,trucking,tx,0,1,5139.19,500,300,14931.68,annual,58.9,1,0.0,,0.0,,0.0,0.3652593713710508
POL-015478,INS-00430,2023-09-30,2023-09-24,2024-09-23,APD,7,6.4,3,47.5,1.0,121.5,construction,oh,0,1,8691.53,5000,100,8730.6,quarterly,68.92,1,0.0,,0.0,,0.0,0.4307545498584251
POL-015479,INS-00686,2023-07-30,2023-07-04,2024-07-03,APD,4,4.5,6,47.1,10.1,124.7,trucking,co,0,0,0.0,250,100,7608.25,annual,50.350069284064666,0,2.0,9999-01-01,-999.0,INVALID,-999.0,0.3420148684695191
POL-016979,INS-00230,2024-05-19,2024-01-11,2025-01-10,AL,7,4.2,8,39.1,25.0,198.0,retail,ny,0,0,0.0,1000,500,8629.66,annual,49.07,0,0.0,,0.0,,0.0,0.32659151270329706
POL-016980,INS-00276,2023-04-14,2023-01-25,2024-01-25,AL,11,5.1,3,47.3,16.4,506.7,trucking,pa,1,0,4101.71,2500,500,14617.86,monthly,77.89,3,0.0,,0.0,,0.0,0.6668256561325507
POL-015480,INS-00079,2023-01-09,2022-10-31,2023-10-31,APD,6,6.2,6,46.5,6.0,0.0,service,ca,0,0,0.0,500,1000,8884.95,annual,23.0,1,3.0,9999-01-01,-999.0,INVALID,-999.0,0.4574787064733547
POL-015481,INS-00221,2024-04-06,2024-01-23,2025-01-22,APD,8,4.9,5,43.5,16.6,188.7,service,oh,0,1,3455.45,5000,500,10560.56,monthly,71.65,4,1.0,9999-01-01,-999.0,INVALID,-999.0,0.49013949125890793
POL-016981,INS-00568,2023-12-01,2023-06-24,2024-06-23,AL,4,9.0,8,31.8,1.2,226.7,service,pa,1,0,12412.32,500,1000,9010.89,monthly,67.87,1,2.0,,0.0,,0.0,0.37135986171624163
POL-015482,INS-00459,2023-05-08,2023-04-03,2024-04-02,APD,7,5.4,5,42.2,2.2,148.1,service,az,0,0,0.0,250,500,6495.67,monthly,69.79,2,1.0,,0.0,,0.0,0.4655033199381113
POL-016982,INS-00224,2024-03-03,2023-11-03,2024-11-02,AL,11,9.3,6,33.6,5.6,424.4,construction,az,1,0,0.0,2500,1000,14431.86,annual,37.41,3,1.0,9999-01-01,-999.0,INVALID,-999.0,0.5923836183470759
POL-016983,INS-00200,2023-02-24,2023-02-20,2024-02-20,AL,8,2.8,4,47.1,6.0,157.2,service,ca,0,0,0.0,250,100,12016.48,annual,18.09,2,0.0,,0.0,,0.0,0.28370444937553496
POL-015483,INS-00514,2023-12-21,2023-11-03,2024-11-02,APD,10,1.5,7,32.9,15.0,320.2,trucking,pa,1,0,5219.79,5000,300,8352.21,quarterly,90.61,1,0.0,,0.0,,0.0,0.6311070358484626
POL-015484,INS-00687,2024-03-07,2024-02-06,2025-02-05,APD,6,0.7,5,32.9,26.4,125.2,retail,ca,3,0,54437.53,5000,500,8415.06,monthly,50.98,1,0.0,,0.0,,0.0,0.42688625757622684
POL-016984,INS-00617,2023-09-21,2023-04-16,2024-04-15,AL,7,4.7,7,53.7,10.6,134.1,retail,fl,3,0,38882.55,2500,300,19824.97,quarterly,90.39,2,0.0,,0.0,,0.0,0.5217621588494027
POL-016985,INS-00156,2023-01-30,2022-08-24,2023-08-24,AL,4,0.0,8,42.6,3.1,125.7,trucking,nc,0,0,0.0,2500,1000,18792.14,annual,65.64,1,2.0,,0.0,,0.0,0.4332697786083235
POL-015485,INS-00135,2024-01-13,2023-07-25,2024-07-24,APD,8,5.8,6,33.6,11.8,479.1,trucking,pa,0,0,0.0,500,300,12188.85,quarterly,81.46,1,0.0,,0.0,,0.0,0.5971531102761732
POL-015486,INS-00644,2023-07-20,2023-07-09,2024-07-08,APD,7,4.1,10,41.1,9.3,204.2,construction,az,1,0,32967.86,500,500,8170.16,annual,49.46,1,0.0,,0.0,,0.0,0.45021031395102196
POL-016986,INS-00449,2023-10-13,2023-09-05,2024-09-04,AL,9,8.5,6,49.2,2.4,534.1,construction,wa,1,0,27397.21,5000,1000,5278.23,quarterly,31.36,1,3.0,,0.0,,0.0,0.6461584820350228
POL-016987,INS-00353,2024-04-15,2024-01-30,2025-01-29,AL,7,5.9,7,39.4,4.3,76.0,retail,ga,2,2,24607.74,2500,300,17628.84,quarterly,23.9,0,1.0,,0.0,,0.0,0.4641750721287315
POL-015487,INS-00417,2023-09-16,2023-04-01,2024-03-31,APD,9,7.6,7,31.7,1.4,242.4,service,fl,2,1,21282.67,1000,300,4941.44,annual,49.43019157088123,1,0.0,,0.0,,0.0,0.5899803736129914
POL-015488,INS-00642,2023-03-09,2022-12-20,2023-12-20,APD,5,0.0,3,53.4,6.6,0.0,trucking,pa,0,0,0.0,2500,500,10566.37,monthly,53.03,1,3.0,,0.0,,0.0,0.45646525300027985
POL-016988,INS-00234,2023-12-02,2023-07-16,2024-07-15,AL,11,6.6,5,51.3,8.9,338.1,trucking,wa,1,0,6296.59,1000,300,7046.55,missing,21.63,3,1.0,,0.0,,0.0,0.5336200352342453
POL-016989,INS-00664,2023-07-25,2023-01-28,2024-01-28,AL,5,6.7,7,28.8,11.2,0.0,service,fl,1,1,52339.37,5000,300,18247.88,quarterly,12.05,0,0.0,,0.0,,0.0,0.43067704545359614
POL-015489,INS-00078,2024-02-12,2023-10-23,2024-10-22,APD,12,1.1,2,45.1,23.0,0.0,trucking,ga,1,1,12062.62,500,300,10721.29,quarterly,87.15,4,0.0,,0.0,,0.0,0.6886134058786242
POL-015490,INS-00441,2023-09-22,2023-07-25,2024-07-24,APD,7,0.5,7,60.5,26.0,96.9,trucking,az,0,0,0.0,250,100,3505.33,monthly,30.69,1,1.0,,0.0,,0.0,0.33804407804832054
POL-016990,INS-00392,2023-08-21,2023-03-27,2024-03-26,AL,6,4.2,7,31.7,1.2,211.2,retail,co,0,0,0.0,500,500,11111.21,quarterly,76.9,1,1.0,,0.0,,0.0,0.4459878847252628
POL-016991,INS-00181,2024-04-26,2023-11-06,2024-11-05,AL,5,2.1,6,35.5,1.0,217.8,retail,pa,0,0,0.0,2500,1000,16966.2,annual,7.95,1,0.0,,0.0,,0.0,0.27548968833169635
POL-015491,INS-00590,2024-03-26,2024-01-02,2025-01-01,APD,4,2.6,3,40.0,14.2,102.2,retail,fl,0,0,0.0,250,1000,6199.74,monthly,84.25,1,1.0,,0.0,,0.0,0.3535398554292966
POL-015492,INS-00490,2023-05-08,2023-02-18,2024-02-18,APD,6,5.1,9,41.2,6.5,257.1,retail,az,0,0,0.0,2500,300,14699.37,monthly,44.94,0,0.0,,0.0,,0.0,0.37338869769910904
POL-016992,INS-00685,2023-02-26,2022-09-14,2023-09-14,AL,11,1.6,6,41.0,1.0,106.9,trucking,ga,1,0,0.0,2500,100,22626.86,quarterly,53.69,3,3.0,,0.0,,0.0,0.6335181041088717
POL-016993,INS-00642,2023-02-08,2022-09-05,2023-09-05,AL,11,6.6,4,30.7,1.5,288.9,construction,fl,1,1,10022.51,5000,300,3104.91,quarterly,75.87,3,1.0,,0.0,,0.0,0.7248483097452147
POL-015493,INS-00236,2024-04-10,2023-12-02,2024-12-01,APD,10,5.6,8,48.4,1.0,451.8,construction,ca,1,0,7791.78,1000,300,10791.76,monthly,77.47,1,2.0,,0.0,,0.0,0.7311177526035297
POL-015494,INS-00413,2023-04-24,2023-02-25,2024-02-25,APD,7,5.3,5,35.1,6.4,171.7,construction,tx,0,0,0.0,5000,500,4401.97,quarterly,87.58,2,3.0,,0.0,,0.0,0.5209853163951957
POL-016994,INS-00747,2024-02-11,2023-09-22,2024-09-21,AL,12,7.8,6,26.9,1.7,447.4,service,tx,1,3,49633.84,1000,1000,21847.12,quarterly,27.9,1,0.0,,0.0,,0.0,0.7201924862281535
POL-015495,INS-00702,2023-08-18,2023-05-02,2024-05-01,APD,8,6.9,3,61.0,1.0,186.1,trucking,ga,0,0,0.0,500,300,12300.03,monthly,25.58,3,0.0,,0.0,,0.0,0.39471200374729676
POL-016995,INS-00483,2023-05-13,2023-04-15,2024-04-14,AL,4,4.4,7,45.5,11.2,192.7,retail,ny,0,0,0.0,5000,300,7767.82,annual,36.86,1,0.0,,0.0,,0.0,0.2795371640102021
POL-016996,INS-00350,2023-06-01,2022-12-21,2023-12-21,AL,9,6.2,4,43.8,1.1,280.6,trucking,tx,0,0,0.0,250,300,32177.92,monthly,22.12,3,0.0,,0.0,,0.0,0.4144318445413219
POL-015496,INS-00701,2023-03-26,2023-02-11,2024-02-11,APD,3,10.6,7,46.2,6.7,238.7,other,co,0,0,0.0,2500,500,12861.54,quarterly,67.38,1,3.0,,0.0,,0.0,0.36191383005941347
POL-015497,INS-00335,2024-02-18,2023-11-23,2024-11-22,APD,3,6.2,6,32.0,1.0,90.4,construction,ny,0,0,0.0,5000,500,5893.04,monthly,15.84,0,1.0,,0.0,,0.0,0.2050862571192151
POL-016997,INS-00001,2023-07-11,2023-01-22,2024-01-22,AL,7,4.0,7,33.0,21.6,83.9,trucking,az,0,0,0.0,1000,300,11870.0,quarterly,89.95,1,0.0,9999-01-01,-999.0,INVALID,-999.0,0.5002457312714593
POL-016998,INS-00469,2024-04-05,2024-01-01,2024-12-31,AL,5,8.3,4,27.2,6.3,23.8,trucking,fl,0,0,0.0,1000,500,22577.23,monthly,41.2,0,0.0,,0.0,,0.0,0.3070649972482511
POL-015498,INS-00005,2023-02-09,2022-12-31,2023-12-31,APD,5,6.8,4,51.2,23.6,111.5,construction,ga,1,0,15318.55,5000,300,5920.86,monthly,80.6,0,1.0,9999-01-01,-999.0,INVALID,-999.0,0.464802073272187
POL-015499,INS-00423,2023-04-17,2023-01-08,2024-01-08,APD,9,1.8,8,39.8,2.1,107.0,trucking,ga,1,1,2705.78,500,100,19947.7,annual,64.54,1,2.0,,0.0,,0.0,0.5880117985021176
POL-016999,INS-00276,2023-10-22,2023-08-15,2024-08-14,AL,10,2.8,7,43.3,1.0,179.0,service,tx,1,0,3724.65,5000,100,11682.15,monthly,19.07,4,2.0,,0.0,,0.0,0.4682635725926271
POL-017000,INS-00697,2024-04-05,2024-03-05,2025-03-05,AL,9,1.8,9,56.6,10.8,297.9,retail,tx,0,0,0.0,2500,500,22170.22,monthly,42.96,1,0.0,,0.0,,0.0,0.41092060351747994
POL-015500,INS-00041,2024-04-03,2024-03-08,2025-03-08,APD,9,3.5,7,30.7,1.5,165.8,service,fl,1,2,18010.67,500,100,6591.06,missing,71.45,2,0.0,,0.0,,0.0,0.5209553858241306
POL-015501,INS-00480,2024-02-26,2023-11-18,2024-11-17,APD,10,7.7,6,32.6,1.6,400.4,trucking,wa,0,2,28986.28,500,100,6330.5,annual,58.48,2,0.0,,0.0,,0.0,0.5967117606181673
POL-017001,INS-00707,2024-04-24,2023-11-05,2024-11-04,AL,7,3.3,9,25.4,6.6,191.4,other,az,0,0,0.0,2500,500,11883.21,quarterly,43.29,3,1.0,,0.0,,0.0,0.4678006752778246
POL-017002,INS-00414,2023-01-25,2022-07-30,2023-07-30,AL,9,4.9,6,41.7,32.1,230.3,retail,nc,0,0,0.0,500,300,9385.47,monthly,37.87,3,1.0,9999-01-01,-999.0,INVALID,-999.0,0.4225774994525133
POL-015502,INS-00339,2023-10-24,2023-07-06,2024-07-05,APD,11,3.9,10,32.9,1.3,372.3,construction,ga,3,1,28258.54,5000,300,5422.39,quarterly,30.12,3,0.0,,0.0,,0.0,0.6088435369775638
POL-015503,INS-00447,2023-03-12,2023-01-01,2024-01-01,APD,8,1.3,12,48.2,1.0,249.6,trucking,ny,0,0,0.0,500,300,9655.03,annual,72.19,1,2.0,,0.0,,0.0,0.540516779288618
POL-017003,INS-00617,2024-03-28,2024-02-29,2025-02-28,AL,15,5.4,9,41.8,1.0,409.7,retail,fl,0,1,4390.4,250,500,12125.46,annual,61.08,3,1.0,,0.0,,0.0,0.6993485221797126
POL-017004,INS-00208,2023-07-06,2023-05-09,2024-05-08,AL,5,6.2,5,41.6,3.3,205.9,construction,oh,0,0,0.0,5000,300,18344.4,annual,19.24,1,0.0,9999-01-01,-999.0,INVALID,-999.0,0.28531503963918114
POL-015504,INS-00620,2024-01-18,2023-07-23,2024-07-22,APD,10,1.9,8,47.6,6.8,309.5,trucking,ny,1,1,33246.43,250,1000,25000.0,annual,50.350069284064666,3,0.0,,0.0,,0.0,0.5621843630797617
POL-015505,INS-00097,2023-05-03,2023-03-13,2024-03-12,APD,8,2.8,6,48.4,18.2,217.0,retail,ca,1,0,9152.68,250,300,4597.37,monthly,1.61,1,0.0,,0.0,,0.0,0.35883772166316613
POL-017005,INS-00074,2023-12-21,2023-12-16,2024-12-15,AL,8,3.0,5,43.5,3.6,118.7,other,pa,0,0,0.0,250,300,11734.25,monthly,35.61,1,0.0,,0.0,,0.0,0.3146087666460365
POL-017006,INS-00326,2023-09-14,2023-07-24,2024-07-23,AL,7,1.1,10,39.8,5.2,279.6,retail,az,1,0,12821.38,500,300,13564.68,annual,91.44,2,0.0,,0.0,,0.0,0.46283132205943733
POL-015506,INS-00114,2023-04-18,2023-03-04,2024-03-03,APD,1,4.0,6,27.6,2.1,15.0,retail,fl,0,0,0.0,5000,100,5062.63,annual,61.23,0,1.0,9999-01-01,-999.0,INVALID,-999.0,0.17182079149978585
POL-015507,INS-00468,2023-09-14,2023-07-01,2024-06-30,APD,12,1.2,4,54.5,3.4,288.1,construction,co,2,1,16557.15,1000,300,6604.53,quarterly,25.96,2,0.0,,0.0,,0.0,0.5611995907802296
POL-017007,INS-00050,2024-01-23,2023-10-09,2024-10-08,AL,8,2.8,8,45.4,7.4,326.5,trucking,ga,0,0,0.0,2500,300,22893.88,monthly,92.55,1,0.0,,0.0,,0.0,0.5296478785686628
POL-017008,INS-00390,2023-09-11,2023-07-13,2024-07-12,AL,5,4.3,2,37.8,9.4,135.9,retail,ca,1,0,37557.62,1000,500,17929.05,annual,35.24,0,0.0,,0.0,,0.0,0.2686841395495694
POL-015508,INS-00306,2023-09-30,2023-05-09,2024-05-08,APD,8,5.0,4,44.2,12.0,294.5,trucking,nc,1,1,35202.96,2500,300,5376.98,quarterly,58.16,0,2.0,,0.0,,0.0,0.5660164081672366
POL-015509,INS-00356,2024-05-04,2024-01-26,2025-01-25,APD,5,4.0,5,50.9,1.0,204.1,retail,ca,1,0,10064.97,250,100,15163.52,annual,50.13297619047619,1,0.0,,0.0,,0.0,0.3926256168567652
POL-017009,INS-00552,2023-10-07,2023-05-18,2024-05-17,AL,8,6.4,8,46.6,4.2,121.6,service,co,0,0,0.0,2500,1000,27434.94,quarterly,70.86,2,0.0,9999-01-01,-999.0,INVALID,-999.0,0.5163298856253439
POL-017010,INS-00392,2024-05-20,2024-04-06,2025-04-06,AL,5,3.7,9,37.5,26.5,153.3,trucking,wa,0,0,0.0,1000,500,5133.14,quarterly,25.64,2,2.0,,0.0,,0.0,0.39584759450966367
POL-015510,INS-00549,2023-04-17,2023-01-04,2024-01-04,APD,9,1.7,4,48.1,29.5,258.9,trucking,pa,2,1,20568.34,5000,1000,4860.05,monthly,86.5,1,0.0,,0.0,,0.0,0.6261872097642615
POL-015511,INS-00361,2024-01-31,2023-10-14,2024-10-13,APD,8,0.0,6,54.0,3.0,139.7,trucking,tx,0,0,0.0,1000,500,9856.04,monthly,59.82,0,0.0,,0.0,,0.0,0.4324550863048491
POL-017011,INS-00547,2023-12-07,2023-11-19,2024-11-18,AL,8,5.9,5,45.9,3.3,264.1,retail,oh,0,0,0.0,2500,100,18539.53,monthly,53.93,3,4.0,,0.0,,0.0,0.5194020078912168
POL-017012,INS-00342,2024-01-25,2023-12-15,2024-12-14,AL,6,3.3,6,44.0,26.1,56.4,service,fl,0,0,0.0,250,300,11561.47,monthly,24.88,1,0.0,,0.0,,0.0,0.24417350540473787
POL-015512,INS-00390,2023-02-11,2023-01-29,2024-01-29,APD,17,3.0,4,40.8,2.0,333.5,construction,wa,2,1,65803.35,250,100,7589.78,quarterly,11.85,5,0.0,,0.0,,0.0,0.6081592496283073
POL-015513,INS-00204,2023-06-18,2023-04-07,2024-04-06,APD,6,4.7,5,46.6,9.6,212.7,construction,az,0,0,0.0,1000,300,21389.51,missing,27.61,1,0.0,,0.0,,0.0,0.30976527258073955
POL-017013,INS-00537,2023-12-19,2023-09-27,2024-09-26,AL,6,7.6,5,46.5,12.1,193.2,retail,tx,0,0,0.0,500,500,11254.62,quarterly,37.3,2,0.0,,0.0,,0.0,0.36080500097279034
POL-017014,INS-00015,2023-07-16,2023-06-22,2024-06-21,AL,7,2.9,6,54.2,4.6,139.3,rideshare,co,1,0,5930.67,5000,300,19879.26,annual,83.22,2,0.0,,0.0,,0.0,0.4734525026954484
POL-015514,INS-00113,2023-11-17,2023-08-04,2024-08-03,APD,5,3.4,9,50.2,16.2,253.7,trucking,co,1,1,63094.78,500,500,5407.84,monthly,83.27,3,0.0,,0.0,,0.0,0.44482142539962966
POL-015515,INS-00367,2023-07-01,2023-04-03,2024-04-02,APD,8,3.5,8,52.4,12.7,360.9,service,ca,0,0,0.0,250,300,7260.74,monthly,45.21,4,2.0,,0.0,,0.0,0.49285628505797274
POL-017015,INS-00236,2023-07-01,2023-06-18,2024-06-17,AL,9,4.5,6,42.4,1.4,181.1,construction,tx,1,0,17390.49,5000,1000,20626.4,annual,49.91827464788733,1,0.0,,0.0,,0.0,0.49700580474828115
POL-015516,INS-00616,2023-12-24,2023-08-12,2024-08-11,APD,5,4.5,3,44.3,4.5,0.0,trucking,ny,0,0,0.0,2500,300,12107.11,monthly,20.52,1,1.0,,0.0,,0.0,0.365275766921073
POL-017016,INS-00231,2024-02-17,2023-09-04,2024-09-03,AL,15,4.4,3,30.5,3.2,280.4,service,il,1,1,72563.8,500,1000,10653.53,monthly,69.19,5,2.0,,0.0,,0.0,0.790685170727255
POL-017017,INS-00732,2023-02-28,2022-12-10,2023-12-10,AL,9,4.5,5,42.1,23.7,236.5,retail,fl,1,0,6845.83,2500,500,12530.85,monthly,15.83,2,0.0,,0.0,,0.0,0.37180176234837553
POL-015517,INS-00680,2024-04-05,2023-12-08,2024-12-07,APD,3,6.0,4,34.2,4.4,54.0,construction,fl,0,0,0.0,5000,300,6918.83,monthly,24.74,0,0.0,,0.0,,0.0,0.20228028465238462
POL-015518,INS-00383,2023-01-20,2022-11-19,2023-11-19,APD,8,5.3,7,40.3,17.7,579.7,trucking,nc,0,0,0.0,500,100,9555.61,annual,32.55,1,2.0,9999-01-01,-999.0,INVALID,-999.0,0.572245112176707
POL-017018,INS-00378,2023-08-17,2023-07-12,2024-07-11,AL,11,5.0,12,32.0,22.7,350.3,trucking,wa,1,1,16287.17,1000,300,11644.14,annual,88.49,2,1.0,,0.0,,0.0,0.686091451712485
POL-017019,INS-00195,2024-01-16,2024-01-10,2025-01-09,AL,8,6.1,4,42.9,2.1,198.0,trucking,az,1,0,3952.04,5000,300,23263.22,annual,10.77,0,1.0,,0.0,,0.0,0.36536574831959767
POL-015519,INS-00434,2024-03-18,2023-11-16,2024-11-15,APD,11,4.3,3,40.3,28.5,543.0,retail,co,2,0,5628.26,500,500,13512.49,quarterly,58.2,4,2.0,9999-01-01,-999.0,INVALID,-999.0,0.7264285115317306
POL-015520,INS-00293,2024-03-14,2024-01-31,2025-01-30,APD,10,5.8,2,35.8,10.6,381.3,retail,co,2,0,45562.74,1000,1000,4912.84,quarterly,91.31,4,1.0,,0.0,,0.0,0.6984290932769993
POL-017020,INS-00216,2023-07-13,2023-02-12,2024-02-12,AL,14,9.6,3,39.9,1.0,445.2,service,il,3,0,11680.31,1000,1000,7326.47,missing,97.21,2,0.0,,0.0,,0.0,0.7149131772914251
POL-017021,INS-00233,2023-07-16,2023-05-13,2024-05-12,AL,7,5.9,5,47.2,5.5,118.3,trucking,pa,1,0,3104.5,5000,300,8370.21,annual,62.91,1,0.0,,0.0,,0.0,0.4435524541506544
POL-015521,INS-00160,2023-02-22,2022-10-15,2023-10-15,APD,8,5.8,6,56.2,11.3,127.5,trucking,ca,0,0,0.0,500,300,6141.59,monthly,77.84,2,0.0,,0.0,,0.0,0.49209465777656974
POL-015522,INS-00414,2023-03-18,2022-12-12,2023-12-12,APD,7,6.8,10,39.6,1.0,0.0,service,wa,0,0,0.0,250,500,10632.36,monthly,61.78,1,1.0,,0.0,,0.0,0.5431236378984576
POL-017022,INS-00566,2023-01-31,2022-11-21,2023-11-21,AL,8,5.1,5,23.6,6.4,76.5,trucking,ga,0,0,0.0,1000,300,14573.13,quarterly,48.51,4,2.0,,0.0,,0.0,0.5563599554084011
POL-017023,INS-00033,2023-03-23,2022-09-27,2023-09-27,AL,4,6.6,7,49.2,1.0,0.0,service,pa,0,1,1711.32,2500,1000,9263.84,annual,49.42157509157509,0,1.0,,0.0,,0.0,0.45478228113458535
POL-015523,INS-00600,2024-02-12,2023-10-23,2024-10-22,APD,8,6.8,4,25.2,3.6,194.5,trucking,nc,1,1,6723.42,2500,500,8536.05,quarterly,82.55,2,3.0,,0.0,,0.0,0.636745721500985
POL-015524,INS-00144,2023-11-25,2023-06-01,2024-05-31,APD,11,5.0,8,43.7,1.0,169.2,trucking,nc,1,0,20402.9,2500,100,2458.79,monthly,68.68,3,1.0,,0.0,,0.0,0.6142728676220898
POL-017024,INS-00086,2023-04-08,2022-11-21,2023-11-21,AL,8,5.4,6,32.1,10.1,156.4,service,ga,0,1,2337.28,2500,300,14769.31,annual,90.85,0,1.0,,0.0,,0.0,0.5036872266267317
POL-017025,INS-00569,2024-05-13,2024-02-03,2025-02-02,AL,9,3.7,6,40.0,5.1,0.0,retail,pa,1,0,13691.96,500,500,10872.88,quarterly,59.64,2,0.0,,0.0,,0.0,0.5843598491121337
POL-015525,INS-00436,2023-05-12,2023-01-28,2024-01-28,APD,14,4.3,6,47.7,4.8,231.9,trucking,ga,1,1,189847.75,250,100,3886.06,monthly,87.87,0,2.0,,0.0,,0.0,0.6814245815498999
POL-015526,INS-00607,2023-06-06,2023-04-06,2024-04-05,APD,5,5.0,2,54.0,1.0,93.7,trucking,az,0,1,10401.14,5000,1000,13189.55,monthly,47.17,0,0.0,9999-01-01,-999.0,INVALID,-999.0,0.33641354290314157
POL-017026,INS-00720,2023-12-19,2023-12-16,2024-12-15,AL,3,3.0,4,38.5,12.5,57.0,other,fl,1,0,0.0,1000,1000,8870.55,monthly,0.6,1,0.0,,0.0,,0.0,0.1961696484890338
POL-017027,INS-00701,2023-01-19,2022-08-12,2023-08-12,AL,8,6.4,9,28.1,5.2,196.2,trucking,oh,1,1,29894.36,500,500,16848.49,monthly,33.14,2,0.0,,0.0,,0.0,0.46758067740818543
POL-015527,INS-00200,2023-09-12,2023-05-13,2024-05-12,APD,7,1.3,7,49.5,7.0,287.1,construction,wa,2,1,5640.76,2500,500,14766.52,monthly,56.71,2,0.0,,0.0,,0.0,0.5260386494268708
POL-015528,INS-00299,2024-06-16,2024-05-30,2025-05-30,APD,8,5.4,3,27.0,1.0,217.8,trucking,ca,0,0,0.0,1000,300,20108.22,quarterly,78.78,2,0.0,,0.0,,0.0,0.5106879827029293
POL-017028,INS-00428,2023-03-01,2022-09-26,2023-09-26,AL,10,6.6,3,43.4,9.4,319.5,service,oh,0,0,0.0,2500,500,22149.5,missing,66.54,0,3.0,,0.0,,0.0,0.5493754153285848
POL-017029,INS-00298,2024-01-29,2024-01-03,2025-01-02,AL,13,9.0,7,35.4,3.4,105.2,retail,ca,1,0,5700.52,250,300,10108.19,quarterly,55.74,5,0.0,,0.0,,0.0,0.6052088304919055
POL-015529,INS-00006,2023-12-01,2023-10-11,2024-10-10,APD,8,6.1,4,21.0,6.6,452.1,rideshare,pa,0,0,0.0,1000,100,4267.49,quarterly,58.27481481481482,1,0.0,,0.0,,0.0,0.5206566114656821
POL-015530,INS-00457,2023-11-17,2023-11-09,2024-11-08,APD,8,3.3,7,42.2,17.8,169.2,retail,nc,2,0,13187.33,5000,300,4601.05,annual,6.04,0,0.0,9999-01-01,-999.0,INVALID,-999.0,0.3902136140968831
POL-017030,INS-00321,2023-09-11,2023-04-05,2024-04-04,AL,8,4.5,7,49.6,2.1,162.6,trucking,fl,2,0,17531.75,500,300,17899.35,annual,70.44,3,0.0,,0.0,,0.0,0.49282693451513804
POL-017031,INS-00732,2023-02-09,2022-10-27,2023-10-27,AL,11,8.0,1,34.3,1.0,306.4,trucking,fl,1,1,5795.66,1000,500,12197.96,quarterly,37.09,2,0.0,,0.0,,0.0,0.6079865198126998
POL-015531,INS-00545,2023-07-26,2023-04-16,2024-04-15,APD,6,6.1,8,40.7,7.8,268.1,trucking,fl,0,0,0.0,500,300,4612.08,quarterly,22.01,1,2.0,,0.0,,0.0,0.37261195656506196
POL-015532,INS-00160,2023-10-01,2023-04-15,2024-04-14,APD,5,8.0,6,37.5,3.2,279.6,construction,co,1,1,22007.74,250,300,4362.82,monthly,7.86,0,0.0,,0.0,,0.0,0.34423374143719027
POL-017032,INS-00113,2023-06-26,2023-03-17,2024-03-16,AL,6,2.9,9,43.8,3.3,102.7,trucking,nc,0,1,0.0,5000,1000,24342.88,quarterly,86.05,2,0.0,9999-01-01,-999.0,INVALID,-999.0,0.6440424203892022
POL-017033,INS-00323,2024-01-21,2023-08-14,2024-08-13,AL,8,1.5,8,51.3,35.6,201.4,trucking,fl,1,1,3150.69,5000,1000,10870.77,monthly,88.67,1,1.0,,0.0,,0.0,0.6600984861943217
POL-015533,INS-00099,2023-12-16,2023-07-31,2024-07-30,APD,7,4.9,7,25.4,13.1,172.0,retail,tx,1,1,11260.45,5000,100,9062.93,quarterly,25.3,0,2.0,,0.0,,0.0,0.4087104805189005
POL-015534,INS-00133,2024-03-13,2024-01-02,2025-01-01,APD,8,4.9,4,42.0,4.4,103.8,trucking,az,1,0,14877.72,1000,100,6722.9,annual,25.22,2,0.0,,0.0,,0.0,0.41916546845522507
POL-017034,INS-00589,2023-09-25,2023-09-11,2024-09-10,AL,9,9.6,7,41.3,1.1,641.4,trucking,nc,0,0,0.0,2500,1000,13738.31,annual,15.69,3,0.0,,0.0,,0.0,0.5602071899867841
POL-017035,INS-00093,2023-01-11,2022-09-22,2023-09-22,AL,4,1.6,6,43.7,2.9,206.1,retail,ca,0,0,0.0,500,1000,14490.66,annual,59.53,1,0.0,,0.0,,0.0,0.3235117013444719
POL-015535,INS-00308,2024-06-17,2024-06-09,2025-06-09,APD,10,7.7,6,50.5,2.1,265.4,retail,ny,1,0,4415.79,2500,1000,22962.16,monthly,81.15,2,1.0,,0.0,,0.0,0.6670982095440428
POL-015536,INS-00124,2024-06-07,2024-02-20,2025-02-19,APD,8,2.9,5,47.2,2.1,195.4,service,tx,1,0,19659.84,2500,1000,16665.1,monthly,32.18,1,0.0,9999-01-01,-999.0,INVALID,-999.0,0.43982732690819476
POL-017036,INS-00512,2024-04-01,2024-03-01,2025-03-01,AL,5,3.6,2,44.3,6.0,70.8,trucking,il,1,0,15039.67,500,300,9451.94,monthly,73.74,1,3.0,,0.0,,0.0,0.4374749143589049
POL-017037,INS-00230,2023-11-08,2023-10-13,2024-10-12,AL,5,5.5,5,40.8,2.6,354.2,other,az,0,1,4868.05,500,300,6162.12,annual,73.31,1,0.0,,0.0,,0.0,0.41802714234533117
POL-015537,INS-00285,2023-01-11,2022-08-06,2023-08-06,APD,8,7.1,7,45.0,7.9,222.6,retail,nc,0,3,0.0,500,1000,8333.82,annual,14.77,3,1.0,,0.0,,0.0,0.3758014865420822
POL-015538,INS-00653,2023-08-12,2023-06-12,2024-06-11,APD,10,4.7,2,0.0,4.5,93.9,trucking,fl,3,0,19603.83,2500,500,9926.56,quarterly,43.67,2,1.0,,0.0,,0.0,0.606584031815985
POL-017038,INS-00653,2023-02-27,2022-09-23,2023-09-23,AL,9,1.7,7,28.4,5.5,83.7,trucking,fl,1,0,7387.26,500,1000,7000.55,annual,50.22245,1,2.0,,0.0,,0.0,0.512484451462334
POL-017039,INS-00171,2023-07-20,2023-05-09,2024-05-08,AL,6,2.5,5,33.8,11.9,316.3,construction,oh,1,2,11475.44,2500,500,23351.36,quarterly,62.15,2,0.0,,0.0,,0.0,0.5988536928737941
POL-015539,INS-00372,2023-06-02,2023-01-20,2024-01-20,APD,9,4.8,5,36.5,14.0,446.5,construction,wa,1,0,6542.4,5000,1000,9852.0,quarterly,71.16,1,1.0,,0.0,,0.0,0.6378372743923122
POL-015540,INS-00211,2023-09-01,2023-07-14,2024-07-13,APD,7,8.7,4,22.9,4.7,0.0,construction,nc,1,0,4420.38,1000,500,6674.89,missing,30.28,2,0.0,,0.0,,0.0,0.47614818925572133
POL-017040,INS-00405,2023-05-15,2023-04-08,2024-04-07,AL,9,6.7,1,48.7,22.1,267.3,construction,nc,0,1,27176.99,5000,500,17449.17,annual,98.46,2,0.0,,0.0,,0.0,0.6666157717941044
POL-017041,INS-00076,2023-10-08,2023-08-10,2024-08-09,AL,7,2.6,7,39.2,8.4,130.1,service,il,0,3,13221.5,250,500,8521.88,annual,49.42157509157509,0,0.0,,0.0,,0.0,0.4795147471950562
POL-015541,INS-00095,2023-07-12,2023-04-25,2024-04-24,APD,9,0.9,4,40.7,2.9,115.0,trucking,ny,0,0,0.0,500,100,11025.62,quarterly,73.2,2,2.0,,0.0,,0.0,0.5151562382268599
POL-015542,INS-00109,2024-02-12,2023-08-17,2024-08-16,APD,8,6.8,7,36.3,1.2,309.9,trucking,il,0,0,0.0,2500,100,8674.99,annual,41.6,2,2.0,,0.0,,0.0,0.507157261819715
POL-017042,INS-00573,2023-10-03,2023-08-30,2024-08-29,AL,9,4.0,5,36.6,1.0,586.4,trucking,oh,0,0,0.0,250,500,15492.4,monthly,86.63,3,4.0,,0.0,,0.0,0.7178740916261964
POL-017043,INS-00273,2024-03-10,2023-11-11,2024-11-10,AL,8,3.8,6,30.9,31.6,191.4,construction,wa,1,0,4892.7,500,1000,7929.4,monthly,16.11,1,0.0,,0.0,,0.0,0.34446331401883856
POL-015543,INS-00186,2023-07-28,2023-07-20,2024-07-19,APD,4,0.4,8,60.5,2.2,77.3,other,co,0,0,0.0,2500,300,11485.52,quarterly,23.47,0,0.0,,0.0,,0.0,0.19321533152204
POL-015544,INS-00097,2024-02-03,2024-01-26,2025-01-25,APD,10,1.8,7,38.8,4.5,553.7,retail,pa,3,0,0.0,5000,500,21432.22,annual,50.13297619047619,1,3.0,,0.0,,0.0,0.7502992471740202
POL-017044,INS-00116,2023-06-19,2023-04-21,2024-04-20,AL,9,6.8,5,26.6,8.4,178.0,rideshare,ca,1,0,9383.43,2500,1000,11478.44,quarterly,26.36,4,1.0,,0.0,,0.0,0.5438491657346434
POL-017045,INS-00577,2023-05-11,2023-04-22,2024-04-21,AL,9,1.6,7,30.2,19.9,287.1,construction,nc,1,0,7295.83,500,300,30666.81,annual,49.91827464788733,3,0.0,,0.0,,0.0,0.45691431279973127
POL-015545,INS-00696,2023-02-17,2022-11-11,2023-11-11,APD,6,4.8,6,41.3,1.0,60.6,construction,fl,2,0,20142.9,500,300,3100.46,annual,49.68,2,1.0,,0.0,,0.0,0.467362719742182
POL-015546,INS-00301,2023-09-01,2023-05-11,2024-05-10,APD,10,5.1,6,39.5,14.8,299.4,trucking,ga,1,1,106963.47,500,300,2000.0,monthly,87.26,3,1.0,9999-01-01,-999.0,INVALID,-999.0,0.6228656079587317
POL-017046,INS-00472,2023-07-17,2023-02-13,2024-02-13,AL,10,5.4,6,45.5,7.7,332.6,trucking,ca,0,0,0.0,500,100,19374.01,monthly,7.57,2,0.0,,0.0,,0.0,0.37977072273321266
POL-017047,INS-00280,2023-12-18,2023-09-14,2024-09-13,AL,13,7.9,7,37.0,13.9,905.0,construction,pa,2,1,22772.63,5000,300,13984.72,annual,38.4,2,1.0,,0.0,,0.0,0.7564111742719439
POL-015547,INS-00382,2023-11-15,2023-06-11,2024-06-10,APD,11,6.2,5,39.0,7.4,497.9,trucking,ga,1,1,18094.38,5000,300,7043.76,quarterly,22.01,2,0.0,,0.0,,0.0,0.5744529777211832
POL-017048,INS-00365,2024-05-22,2024-01-18,2025-01-17,AL,9,6.1,6,56.5,8.4,0.0,retail,fl,1,0,14900.17,5000,500,9973.49,monthly,81.27,3,2.0,,0.0,,0.0,0.69503981987779
POL-015548,INS-00503,2023-11-28,2023-09-21,2024-09-20,APD,6,8.3,5,42.1,9.1,0.0,trucking,ny,0,0,0.0,2500,300,6396.3,monthly,50.350069284064666,1,0.0,,0.0,,0.0,0.46244013076706403
POL-015549,INS-00267,2023-10-14,2023-08-22,2024-08-21,APD,11,6.0,6,28.7,9.2,273.4,service,az,2,2,52528.72,5000,500,8167.34,quarterly,52.96,2,3.0,,0.0,,0.0,0.6590079455147173
POL-017049,INS-00335,2024-02-10,2023-09-15,2024-09-14,AL,13,5.0,7,38.7,1.6,199.5,construction,fl,0,0,0.0,500,100,14079.65,quarterly,0.59,5,1.0,,0.0,,0.0,0.5177714138550525
POL-017050,INS-00306,2023-09-11,2023-05-15,2024-05-14,AL,11,3.1,7,31.0,10.1,121.2,other,fl,1,1,104740.21,500,100,6975.9,annual,19.77,3,0.0,,0.0,,0.0,0.49362996076118903
POL-015550,INS-00693,2023-01-23,2022-10-07,2023-10-07,APD,6,4.9,5,40.3,1.0,129.5,retail,co,0,0,0.0,5000,300,6369.5,quarterly,86.16,0,0.0,,0.0,,0.0,0.4068031957239799
POL-015551,INS-00299,2023-12-17,2023-10-03,2024-10-02,APD,7,8.9,5,35.3,3.7,159.7,retail,oh,0,0,0.0,500,500,14858.33,annual,26.44,2,3.0,,0.0,,0.0,0.4276731793891431
POL-017051,INS-00009,2024-01-07,2023-11-19,2024-11-18,AL,7,9.4,4,43.2,1.0,83.1,trucking,az,0,0,0.0,5000,500,13665.76,annual,51.53,1,0.0,9999-01-01,-999.0,INVALID,-999.0,0.4300910082419408
POL-017052,INS-00160,2023-03-19,2022-10-02,2023-10-02,AL,6,6.5,4,53.3,1.0,120.8,other,tx,0,1,0.0,500,300,9679.03,quarterly,55.13,2,0.0,,0.0,,0.0,0.4363994378582486
POL-015552,INS-00086,2024-02-04,2023-10-28,2024-10-27,APD,12,6.0,4,29.2,3.9,377.4,retail,tx,1,1,46319.9,250,100,18686.34,annual,13.11,3,0.0,,0.0,,0.0,0.5376214940590073
POL-015553,INS-00627,2023-02-08,2022-10-29,2023-10-29,APD,3,0.4,10,42.0,9.5,112.1,trucking,il,1,0,2937.69,5000,100,12429.97,quarterly,77.2,1,0.0,,0.0,,0.0,0.30962020657309297
POL-017053,INS-00488,2023-06-04,2023-03-24,2024-03-23,AL,11,3.1,2,24.6,3.5,300.8,retail,ca,1,1,0.0,5000,300,17749.79,quarterly,85.44,1,0.0,,0.0,,0.0,0.6689206727262348
POL-017054,INS-00643,2024-03-30,2024-02-19,2025-02-18,AL,7,3.2,9,33.8,1.0,204.9,service,il,1,0,4786.9,250,500,8433.01,annual,71.01,3,3.0,,0.0,,0.0,0.49215259823974133
POL-015554,INS-00602,2023-12-02,2023-09-02,2024-09-01,APD,8,4.4,7,40.0,2.6,91.8,trucking,ca,1,0,21226.42,250,1000,7789.45,monthly,87.65,1,1.0,,0.0,,0.0,0.5921000520894486
POL-015555,INS-00352,2023-11-12,2023-08-22,2024-08-21,APD,7,6.9,7,31.7,2.3,191.2,construction,wa,1,0,7087.17,500,500,13817.08,monthly,31.69,2,0.0,,0.0,,0.0,0.43749533593589857
POL-017055,INS-00289,2024-01-28,2023-08-20,2024-08-19,AL,6,1.9,5,44.1,1.9,338.7,construction,il,1,1,24557.69,5000,500,12134.72,annual,33.59,2,2.0,,0.0,,0.0,0.5175393188134948
POL-017056,INS-00046,2023-12-02,2023-10-18,2024-10-17,AL,3,1.3,5,31.4,23.7,124.5,retail,ga,0,0,0.0,250,300,14763.05,annual,89.98,0,1.0,,0.0,,0.0,0.29589068696753495
POL-015556,INS-00116,2023-12-11,2023-06-15,2024-06-14,APD,10,5.9,6,29.4,2.1,202.5,construction,ny,1,1,28193.12,2500,500,19946.89,annual,82.48,3,0.0,9999-01-01,-999.0,INVALID,-999.0,0.6160216197096278
POL-015557,INS-00365,2024-05-11,2024-02-21,2025-02-20,APD,6,5.1,7,34.1,5.0,146.2,service,il,0,1,16652.54,5000,500,4445.87,quarterly,62.4,1,1.0,,0.0,,0.0,0.39286316218187184
POL-017057,INS-00169,2023-12-30,2023-09-05,2024-09-04,AL,7,6.9,4,0.0,2.0,253.2,construction,wa,1,0,11113.25,500,1000,30870.38,monthly,7.21,1,0.0,,0.0,,0.0,0.31708970103126183
POL-017058,INS-00581,2024-05-08,2024-01-25,2025-01-24,AL,3,2.3,4,31.2,1.7,102.5,construction,il,0,0,0.0,2500,500,16352.42,monthly,1.43,0,1.0,9999-01-01,-999.0,INVALID,-999.0,0.1903167725280131
POL-015558,INS-00355,2023-08-11,2023-02-24,2024-02-24,APD,7,5.7,8,40.4,3.4,152.7,trucking,pa,0,0,0.0,5000,1000,4572.55,annual,52.04,0,0.0,,0.0,,0.0,0.40210894130464014
POL-015559,INS-00192,2023-11-25,2023-07-12,2024-07-11,APD,8,4.9,8,36.9,2.1,99.0,trucking,oh,1,2,43086.9,2500,100,3716.96,monthly,80.19,2,0.0,,0.0,,0.0,0.5250149524782899
POL-017059,INS-00124,2023-07-16,2023-06-19,2024-06-18,AL,6,3.8,4,51.0,1.5,103.3,construction,il,1,1,0.0,5000,300,19185.92,monthly,65.38,0,0.0,,0.0,,0.0,0.4237423313090322
POL-017060,INS-00684,2023-12-08,2023-06-28,2024-06-27,AL,8,2.2,6,38.4,3.5,188.7,trucking,ga,0,0,0.0,1000,300,13144.5,annual,21.37,4,0.0,,0.0,,0.0,0.41178688969525357
POL-015560,INS-00119,2024-01-05,2023-09-26,2024-09-25,APD,8,4.9,4,41.2,1.0,406.1,trucking,tx,0,2,23693.44,250,300,4727.8,monthly,69.7,3,0.0,,0.0,,0.0,0.5533694450986749
POL-015561,INS-00218,2023-04-19,2023-01-29,2024-01-29,APD,4,7.5,7,21.0,1.2,191.1,trucking,tx,1,0,31303.39,1000,100,3473.28,quarterly,79.57,1,0.0,9999-01-01,-999.0,INVALID,-999.0,0.417292948466916
POL-017061,INS-00732,2023-01-27,2022-09-29,2023-09-29,AL,8,7.7,5,38.2,13.9,306.4,trucking,ga,1,1,17814.66,2500,500,7893.75,annual,39.81,2,0.0,,0.0,,0.0,0.5237811872200626
POL-017062,INS-00203,2023-05-09,2022-12-24,2023-12-24,AL,7,4.2,4,36.9,1.9,112.1,construction,ca,0,0,0.0,5000,300,28088.48,annual,16.3,4,0.0,,0.0,,0.0,0.38561152202603255
POL-015562,INS-00609,2023-10-04,2023-07-06,2024-07-05,APD,4,2.8,2,32.4,9.3,99.9,trucking,co,0,0,0.0,500,100,3204.75,annual,25.9,1,0.0,,0.0,,0.0,0.23566913105653423
POL-015563,INS-00198,2023-05-30,2023-03-15,2024-03-14,APD,6,2.4,9,39.4,5.9,144.9,construction,az,0,1,3226.64,1000,300,5060.28,annual,10.87,2,0.0,,0.0,,0.0,0.2750564570301088
POL-017063,INS-00354,2024-04-19,2024-03-01,2025-03-01,AL,18,5.4,2,45.7,37.2,500.2,trucking,az,1,1,0.0,250,300,8260.82,annual,98.93,5,0.0,9999-01-01,-999.0,INVALID,-999.0,0.845573513805468
POL-017064,INS-00430,2024-01-19,2023-12-24,2024-12-23,AL,9,8.5,5,52.0,5.9,527.9,trucking,tx,0,0,0.0,500,500,6448.13,annual,88.22,4,1.0,,0.0,,0.0,0.6739561088457623
POL-015564,INS-00323,2023-10-06,2023-04-26,2024-04-25,APD,5,0.0,7,23.4,11.6,59.2,retail,tx,0,0,0.0,250,1000,12403.09,monthly,50.97,2,0.0,,0.0,,0.0,0.285189170801122
POL-015565,INS-00267,2024-01-28,2023-08-02,2024-08-01,APD,8,0.4,9,0.0,3.9,308.8,trucking,tx,0,0,0.0,1000,300,9779.94,quarterly,42.61,2,0.0,,0.0,,0.0,0.4108730642633386
POL-017065,INS-00740,2023-03-29,2023-02-15,2024-02-15,AL,13,0.0,3,33.0,3.5,603.6,construction,co,1,1,13202.83,2500,500,8721.47,monthly,85.03,2,0.0,,0.0,,0.0,0.743563989538832
POL-017066,INS-00590,2023-08-26,2023-04-21,2024-04-20,AL,3,4.6,7,0.0,3.2,145.1,rideshare,wa,1,1,3051.95,2500,100,10609.31,quarterly,9.79,1,0.0,9999-01-01,-999.0,INVALID,-999.0,0.2536532872921723
POL-015566,INS-00445,2024-05-10,2024-02-23,2025-02-22,APD,9,3.2,7,36.9,14.2,714.8,construction,il,1,1,6408.8,250,300,8786.49,monthly,20.05,2,0.0,,0.0,,0.0,0.605898807384465
POL-015567,INS-00326,2023-11-24,2023-10-20,2024-10-19,APD,2,5.1,7,43.2,6.8,39.2,retail,wa,0,1,4516.92,5000,300,5513.43,annual,80.24,0,1.0,,0.0,,0.0,0.2656529863795079
POL-017067,INS-00051,2023-06-07,2023-01-17,2024-01-17,AL,7,7.7,2,33.8,10.6,269.9,retail,fl,0,0,0.0,500,500,5155.96,annual,90.41,3,4.0,,0.0,,0.0,0.5855709613112838
POL-017068,INS-00381,2023-01-28,2023-01-26,2024-01-26,AL,10,4.1,5,35.2,9.1,377.5,service,wa,4,0,47502.97,500,500,15828.69,monthly,46.82,1,2.0,,0.0,,0.0,0.4915789723431897
POL-015568,INS-00628,2023-05-29,2023-04-18,2024-04-17,APD,3,5.8,9,45.2,1.0,183.5,service,pa,0,0,0.0,2500,300,8208.44,missing,51.98,2,0.0,,0.0,,0.0,0.23724737167306958
POL-015569,INS-00484,2023-12-16,2023-10-06,2024-10-05,APD,10,3.3,5,32.2,8.8,280.5,service,ca,0,0,0.0,250,500,17958.96,quarterly,72.89,2,1.0,,0.0,,0.0,0.5659726012149765
POL-017069,INS-00741,2023-12-31,2023-10-29,2024-10-28,AL,12,1.0,13,54.3,1.6,243.9,construction,nc,0,0,0.0,5000,500,17976.74,quarterly,13.19,1,3.0,,0.0,,0.0,0.5604961985231124
POL-017070,INS-00349,2023-11-25,2023-07-13,2024-07-12,AL,7,4.6,4,39.1,2.5,209.7,construction,az,0,0,0.0,250,100,17524.17,monthly,93.55,0,2.0,,0.0,,0.0,0.4385133448120012
POL-015570,INS-00489,2023-06-06,2023-02-25,2024-02-25,APD,6,5.1,6,32.9,13.4,167.1,service,az,0,0,0.0,1000,100,10010.81,monthly,9.06,1,1.0,,0.0,,0.0,0.3023237761155406
POL-015571,INS-00166,2023-10-25,2023-10-03,2024-10-02,APD,6,6.2,6,37.7,17.7,0.0,retail,tx,2,0,46961.28,5000,500,8007.29,monthly,93.77,2,0.0,,0.0,,0.0,0.6005822011163167
POL-017071,INS-00735,2023-06-29,2023-05-14,2024-05-13,AL,7,0.8,6,46.4,8.6,235.7,retail,pa,4,0,45584.01,5000,500,14593.33,quarterly,26.58,2,0.0,,0.0,,0.0,0.4447111990423977
POL-017072,INS-00381,2024-05-09,2024-03-27,2025-03-27,AL,6,3.8,6,39.9,17.3,0.0,retail,ny,1,0,5107.88,5000,300,20875.12,monthly,91.16,1,0.0,,0.0,,0.0,0.5379706596358661
POL-015572,INS-00114,2023-03-12,2023-01-03,2024-01-03,APD,7,3.4,5,53.9,3.2,130.6,retail,az,0,1,63924.09,5000,100,5044.21,annual,54.89,2,2.0,,0.0,,0.0,0.3931597353757035
POL-017073,INS-00111,2023-05-10,2023-03-19,2024-03-18,AL,8,5.0,5,42.5,8.1,371.2,trucking,il,0,0,0.0,2500,300,15795.92,annual,48.84,3,1.0,,0.0,,0.0,0.5209236565021399
POL-015573,INS-00557,2024-04-23,2023-12-06,2024-12-05,APD,12,3.9,6,38.4,11.4,438.1,service,pa,1,1,31578.86,5000,100,9887.81,monthly,81.31,1,1.0,,0.0,,0.0,0.7187361917212278
POL-015574,INS-00447,2023-02-27,2022-11-22,2023-11-22,APD,4,4.7,4,27.7,10.9,81.7,retail,pa,0,0,0.0,2500,1000,7171.76,annual,54.1,2,2.0,,0.0,,0.0,0.30999773406221676
POL-017074,INS-00270,2023-05-12,2023-01-09,2024-01-09,AL,13,7.6,3,52.2,7.3,216.4,retail,wa,1,0,10911.3,5000,300,16580.59,quarterly,52.90282967032967,2,1.0,,0.0,,0.0,0.6193972424251042
POL-015575,INS-00598,2024-03-11,2023-11-09,2024-11-08,APD,4,4.7,7,39.0,19.3,103.9,retail,az,1,0,13995.62,5000,300,12432.53,quarterly,6.47,1,0.0,,0.0,,0.0,0.21771537452318454
POL-017075,INS-00436,2024-01-11,2023-07-18,2024-07-17,AL,6,7.6,2,53.9,10.6,195.4,construction,fl,0,1,16597.4,2500,300,11060.4,monthly,64.95,2,1.0,,0.0,,0.0,0.4840246828354782
POL-017076,INS-00557,2024-06-14,2024-05-01,2025-05-01,AL,8,5.1,5,42.6,8.7,258.0,service,ga,1,1,4228.41,1000,500,29918.21,annual,11.67,1,0.0,,0.0,,0.0,0.3504346853804101
POL-015576,INS-00322,2024-06-03,2024-04-01,2025-04-01,APD,5,8.3,7,50.5,7.0,87.1,construction,nc,0,1,21349.01,5000,100,8057.29,monthly,41.98,0,3.0,,0.0,,0.0,0.38883923683440047
POL-015577,INS-00345,2024-01-25,2023-08-25,2024-08-24,APD,3,5.2,4,29.2,11.5,62.5,retail,co,0,0,0.0,500,300,4996.75,monthly,73.18,0,3.0,,0.0,,0.0,0.3428220331638527
POL-017077,INS-00423,2023-11-09,2023-10-12,2024-10-11,AL,10,7.1,7,30.4,14.0,0.0,service,oh,0,0,0.0,1000,1000,11398.34,annual,60.6,3,2.0,9999-01-01,-999.0,INVALID,-999.0,0.6475229619367479
POL-017078,INS-00612,2024-05-25,2024-03-12,2025-03-12,AL,7,5.9,8,45.6,2.7,124.7,retail,az,1,1,11155.8,250,100,16056.54,annual,44.23,2,0.0,,0.0,,0.0,0.3812021381731108
POL-015578,INS-00469,2023-08-10,2023-02-24,2024-02-24,APD,7,2.7,7,37.6,27.1,172.5,trucking,ga,0,2,0.0,5000,300,25000.0,monthly,34.85,1,1.0,,0.0,,0.0,0.3714690243250844
POL-015579,INS-00585,2023-11-05,2023-08-25,2024-08-24,APD,8,5.9,3,30.2,3.1,312.1,service,wa,0,0,0.0,250,300,3374.36,quarterly,83.64,1,0.0,,0.0,,0.0,0.5375396570481141
POL-017079,INS-00424,2024-04-12,2024-03-04,2025-03-04,AL,14,2.9,7,50.8,2.5,403.2,construction,ny,1,0,3633.43,1000,300,3969.15,annual,47.34,2,0.0,9999-01-01,-999.0,INVALID,-999.0,0.5584705165279527
POL-015580,INS-00318,2023-03-08,2022-09-23,2023-09-23,APD,5,9.3,6,43.0,10.9,35.8,service,fl,0,0,0.0,2500,100,5647.78,annual,83.15,0,0.0,,0.0,,0.0,0.4194459795130053
POL-017080,INS-00222,2024-04-18,2024-01-14,2025-01-13,AL,10,5.6,12,34.9,1.1,312.6,retail,il,1,0,4657.46,1000,500,5885.51,quarterly,68.96,0,2.0,,0.0,,0.0,0.5480994201944991
POL-017081,INS-00336,2023-01-15,2022-09-01,2023-09-01,AL,7,4.9,3,37.7,19.4,37.9,trucking,ca,2,0,8152.1,5000,300,19158.41,annual,19.82,0,0.0,,0.0,,0.0,0.34248953363931894
POL-015581,INS-00437,2023-02-05,2022-09-23,2023-09-23,APD,9,5.0,4,45.3,2.9,162.0,service,az,0,0,0.0,5000,100,6609.04,quarterly,98.32,1,1.0,,0.0,,0.0,0.5619626097331021
POL-015582,INS-00663,2024-01-25,2023-11-13,2024-11-12,APD,12,7.3,3,42.7,5.8,107.8,retail,pa,4,1,82089.82,500,100,3500.13,annual,7.15,1,1.0,,0.0,,0.0,0.596356593218984
POL-017082,INS-00211,2024-01-21,2023-11-29,2024-11-28,AL,5,4.0,7,33.7,6.7,83.2,retail,ny,0,0,0.0,250,1000,8972.68,quarterly,99.59,0,1.0,,0.0,,0.0,0.46550222925694723
POL-017083,INS-00364,2024-06-29,2024-02-28,2025-02-27,AL,5,5.6,4,34.5,1.0,82.9,retail,nc,2,0,15344.16,1000,300,15125.37,quarterly,19.91,2,0.0,,0.0,,0.0,0.2962420198762885
POL-015583,INS-00277,2023-08-26,2023-07-28,2024-07-27,APD,12,5.1,4,37.6,8.4,261.6,service,tx,0,1,64071.62,500,300,2105.73,annual,14.39,2,0.0,,0.0,,0.0,0.4419812120017682
POL-015584,INS-00676,2024-04-08,2024-02-05,2025-02-04,APD,10,5.0,6,39.9,2.4,490.7,trucking,nc,1,1,26860.09,250,100,5634.67,missing,8.93,2,3.0,,0.0,,0.0,0.5814272754681354
POL-017084,INS-00477,2023-12-19,2023-11-18,2024-11-17,AL,6,4.1,7,32.2,5.6,119.8,retail,ny,1,0,8111.5,2500,1000,17811.06,annual,48.21,3,0.0,,0.0,,0.0,0.4169669486234201
POL-017085,INS-00679,2023-09-28,2023-07-18,2024-07-17,AL,7,0.0,9,44.8,7.5,185.2,construction,tx,1,2,22903.2,250,300,20228.71,annual,87.16,1,0.0,,0.0,,0.0,0.5505734611788135
POL-015585,INS-00315,2023-09-17,2023-07-25,2024-07-24,APD,6,0.0,4,41.1,11.8,77.0,service,pa,1,1,23822.06,2500,100,13059.08,quarterly,30.72,3,1.0,,0.0,,0.0,0.32735663788265035
POL-015586,INS-00402,2023-06-25,2023-04-09,2024-04-08,APD,10,5.7,10,38.9,2.4,277.6,retail,wa,1,0,10841.18,250,500,3381.29,monthly,18.8,3,0.0,,0.0,,0.0,0.4768675964575186
POL-017086,INS-00421,2023-07-03,2023-04-11,2024-04-10,AL,7,4.6,3,40.5,8.4,169.5,service,nc,1,0,19283.83,2500,1000,16963.52,monthly,49.42157509157509,1,0.0,,0.0,,0.0,0.3894886175745053
POL-017087,INS-00595,2023-09-24,2023-07-12,2024-07-11,AL,11,6.4,2,31.4,1.5,338.8,trucking,tx,0,0,0.0,5000,300,10987.58,quarterly,96.67,2,1.0,,0.0,,0.0,0.7210584089144677
POL-015587,INS-00029,2023-08-06,2023-05-07,2024-05-06,APD,10,0.3,5,49.0,17.1,286.1,rideshare,ny,0,0,0.0,500,300,11016.84,monthly,58.27481481481482,2,0.0,,0.0,,0.0,0.4978370438683263
POL-015588,INS-00625,2023-06-14,2023-04-11,2024-04-10,APD,9,4.5,7,28.8,5.2,380.2,service,ga,1,3,39640.48,500,500,6970.13,quarterly,55.31,1,2.0,,0.0,,0.0,0.6040998123150425
POL-017088,INS-00019,2024-02-14,2024-01-05,2025-01-04,AL,7,5.8,8,43.9,20.4,451.7,construction,fl,0,1,0.0,5000,300,10991.82,annual,87.56,0,1.0,9999-01-01,-999.0,INVALID,-999.0,0.5821917614454392
POL-017089,INS-00653,2023-06-20,2023-04-02,2024-04-01,AL,10,1.1,7,43.0,1.3,192.1,construction,nc,0,1,54090.15,1000,300,16070.45,annual,45.38,1,3.0,,0.0,,0.0,0.56474341698357
POL-015589,INS-00690,2023-09-16,2023-03-28,2024-03-27,APD,9,5.0,4,38.3,5.8,164.3,trucking,tx,4,1,22237.06,5000,300,4184.92,monthly,13.92,2,2.0,,0.0,,0.0,0.5943889436062456
POL-015590,INS-00563,2024-06-03,2023-12-21,2024-12-20,APD,5,9.0,9,32.7,3.4,0.0,service,pa,0,0,0.0,5000,100,18995.09,annual,1.41,1,3.0,,0.0,,0.0,0.3796880853405888
POL-017090,INS-00167,2023-07-22,2023-03-13,2024-03-12,AL,6,6.8,4,42.7,1.6,408.2,retail,az,0,1,10069.41,1000,1000,10858.35,annual,59.4,1,2.0,,0.0,,0.0,0.5332244204812888
POL-015591,INS-00386,2023-12-08,2023-08-06,2024-08-05,APD,10,5.6,4,51.6,7.9,250.5,retail,co,0,0,0.0,2500,500,6771.34,quarterly,42.29,2,2.0,,0.0,,0.0,0.49462322849921947
POL-017091,INS-00724,2023-03-20,2023-02-28,2024-02-28,AL,9,4.2,2,21.1,2.4,237.3,trucking,co,0,0,0.0,1000,300,12960.54,monthly,17.53,4,0.0,9999-01-01,-999.0,INVALID,-999.0,0.4310951368262302
POL-015592,INS-00462,2024-05-06,2023-12-26,2024-12-25,APD,12,4.2,4,47.4,15.7,459.3,trucking,oh,1,1,271963.53,1000,500,4339.68,monthly,4.73,5,2.0,9999-01-01,-999.0,INVALID,-999.0,0.43866742633262445
POL-017092,INS-00712,2024-02-14,2024-01-14,2025-01-13,AL,8,1.3,5,48.4,2.7,61.4,retail,pa,1,2,89410.75,5000,500,10325.33,quarterly,0.52,2,2.0,9999-01-01,-999.0,INVALID,-999.0,0.5903455143759112
POL-017093,INS-00449,2023-02-24,2022-12-06,2023-12-06,AL,8,1.2,6,40.7,19.6,146.6,trucking,az,2,0,10164.09,500,500,12089.77,monthly,69.03,1,0.0,,0.0,,0.0,0.44736020585085046
POL-015593,INS-00440,2023-04-01,2023-02-28,2024-02-28,APD,7,6.9,6,47.0,12.9,80.4,retail,nc,1,1,59509.88,5000,300,6626.12,monthly,40.02,3,0.0,,0.0,,0.0,0.36742790328558306
POL-015594,INS-00568,2023-11-19,2023-10-20,2024-10-19,APD,14,4.3,11,21.6,1.1,204.5,rideshare,oh,1,1,9975.42,250,300,10029.34,monthly,82.53,3,2.0,,0.0,,0.0,0.733849096684079
POL-017094,INS-00652,2024-03-01,2024-02-19,2025-02-18,AL,8,4.5,9,49.1,20.2,170.0,trucking,tx,2,0,37543.41,1000,500,12714.57,quarterly,25.25,0,1.0,,0.0,,0.0,0.42110486137048186
POL-015595,INS-00675,2023-08-04,2023-04-19,2024-04-18,APD,12,10.6,2,42.3,1.0,448.9,construction,oh,3,0,26041.87,2500,100,16595.25,quarterly,5.59,5,1.0,,0.0,,0.0,0.6694051586233225
POL-017095,INS-00087,2023-09-27,2023-04-18,2024-04-17,AL,14,6.5,3,21.0,1.9,513.1,construction,fl,1,1,110589.4,1000,500,19262.73,quarterly,5.76,0,0.0,,0.0,,0.0,0.6184038330628164
POL-017096,INS-00441,2023-03-26,2023-03-20,2024-03-19,AL,9,5.6,7,44.1,6.6,143.5,trucking,pa,1,1,21418.11,1000,1000,15286.42,monthly,50.22245,2,0.0,,0.0,,0.0,0.5606112049395374
POL-015596,INS-00036,2023-09-20,2023-04-06,2024-04-05,APD,8,8.7,6,32.5,4.9,257.1,trucking,pa,3,0,16422.08,5000,100,2430.29,monthly,50.350069284064666,1,1.0,,0.0,,0.0,0.6347083913572991
POL-017097,INS-00230,2023-10-19,2023-09-19,2024-09-18,AL,3,7.9,6,45.4,1.0,63.8,retail,nc,0,0,0.0,1000,300,6989.48,annual,77.66,1,0.0,,0.0,,0.0,0.280515968942618
POL-015597,INS-00571,2024-05-14,2024-02-02,2025-02-01,APD,6,0.3,6,38.9,1.9,78.0,construction,wa,1,0,4956.32,250,500,3733.77,monthly,46.76,1,0.0,,0.0,,0.0,0.378346606864899
POL-015598,INS-00262,2023-04-07,2023-01-09,2024-01-09,APD,8,1.3,7,26.8,1.0,80.0,trucking,az,0,0,0.0,2500,300,5072.6,quarterly,45.35,3,1.0,,0.0,,0.0,0.3798524317110923
POL-017098,INS-00269,2023-03-07,2022-10-14,2023-10-14,AL,7,5.7,10,38.3,26.3,0.0,trucking,fl,0,1,12494.31,250,1000,15227.19,monthly,50.22245,4,0.0,,0.0,,0.0,0.6463209368649068
POL-017099,INS-00439,2023-06-27,2023-02-12,2024-02-12,AL,10,7.0,4,39.2,5.6,175.2,service,ca,0,0,0.0,1000,300,15853.85,monthly,80.67,2,1.0,,0.0,,0.0,0.49490447086888806
POL-015599,INS-00624,2023-02-21,2022-08-30,2023-08-30,APD,7,8.5,5,44.7,7.1,73.2,construction,fl,1,0,1631.23,250,500,8386.95,quarterly,92.01,0,0.0,,0.0,,0.0,0.5591527971486314
POL-015600,INS-00405,2023-01-22,2022-12-11,2023-12-11,APD,10,8.2,6,44.5,8.9,350.4,service,oh,0,0,0.0,5000,300,7950.21,monthly,20.77,2,2.0,,0.0,,0.0,0.510032080896487
POL-017100,INS-00129,2023-01-06,2022-09-15,2023-09-15,AL,10,2.2,7,46.7,14.6,158.4,construction,wa,1,0,3667.13,5000,500,21242.28,annual,34.57,2,0.0,,0.0,,0.0,0.4645151891189316
POL-015601,INS-00745,2024-01-05,2023-11-03,2024-11-02,APD,6,1.8,9,43.4,17.7,183.1,retail,pa,1,0,11000.22,500,500,9207.4,quarterly,26.28,0,0.0,,0.0,,0.0,0.33370404118483243
POL-017101,INS-00364,2023-12-28,2023-10-12,2024-10-11,AL,10,4.2,7,39.0,8.4,224.2,other,wa,0,2,35301.14,5000,1000,8985.87,annual,63.04,2,3.0,,0.0,,0.0,0.7458682360233252
POL-017102,INS-00203,2023-03-26,2022-12-29,2023-12-29,AL,9,5.8,8,40.5,27.7,120.1,trucking,ga,2,0,25352.67,250,300,11905.01,quarterly,51.54,2,2.0,,0.0,,0.0,0.5402440196837399
POL-015602,INS-00663,2023-10-26,2023-09-27,2024-09-26,APD,8,2.6,3,56.0,15.0,402.4,retail,il,0,1,12846.15,1000,500,4518.95,annual,33.34,0,0.0,,0.0,,0.0,0.4433744393312312
POL-015603,INS-00577,2024-02-26,2023-11-22,2024-11-21,APD,9,11.3,6,39.3,2.0,147.2,trucking,az,1,1,7802.81,1000,500,7565.48,quarterly,23.4,2,1.0,,0.0,,0.0,0.5010616837880429
POL-017103,INS-00445,2023-01-07,2022-07-26,2023-07-26,AL,10,8.9,7,53.2,1.0,229.1,retail,oh,1,0,31479.98,500,500,12391.48,annual,98.79,3,2.0,,0.0,,0.0,0.6313185191992888
POL-017104,INS-00246,2024-03-24,2024-02-16,2025-02-15,AL,7,7.4,9,32.2,24.8,177.5,trucking,wa,3,1,49673.45,5000,100,5831.07,quarterly,38.55,2,0.0,,0.0,,0.0,0.5350909620508679
POL-015604,INS-00348,2023-12-04,2023-10-09,2024-10-08,APD,5,6.1,10,47.0,3.5,141.9,construction,ny,0,0,0.0,2500,300,8223.2,monthly,49.768,2,1.0,,0.0,,0.0,0.34723672718261744
POL-015605,INS-00615,2024-01-13,2024-01-08,2025-01-07,APD,9,9.2,8,0.0,22.9,78.7,retail,nc,1,2,19693.78,1000,500,3717.87,annual,76.5,1,3.0,,0.0,,0.0,0.6298772455142231
POL-017105,INS-00243,2023-09-28,2023-08-03,2024-08-02,AL,3,4.6,7,35.9,1.6,128.6,construction,ny,0,0,0.0,5000,1000,16561.05,annual,44.27,2,1.0,,0.0,,0.0,0.35401045859519487
POL-017106,INS-00708,2024-05-20,2024-03-31,2025-03-31,AL,9,5.1,9,35.2,3.4,117.4,rideshare,fl,0,0,0.0,5000,1000,8192.45,annual,43.57,3,4.0,,0.0,,0.0,0.5963467637020204
POL-015606,INS-00239,2023-02-09,2022-09-12,2023-09-12,APD,15,4.2,7,40.1,1.4,0.0,other,oh,0,1,0.0,1000,100,8323.24,quarterly,8.02,10,0.0,,0.0,,0.0,0.4677390750422901
POL-015607,INS-00413,2023-12-03,2023-07-24,2024-07-23,APD,8,6.3,6,42.1,1.0,297.9,service,tx,2,0,57234.28,250,100,10866.66,quarterly,91.34,2,0.0,,0.0,,0.0,0.635349902622135
POL-017107,INS-00115,2023-06-12,2023-04-21,2024-04-20,AL,7,3.4,5,31.0,4.1,103.9,retail,ny,0,1,9146.12,250,1000,15869.19,missing,64.37,3,0.0,,0.0,,0.0,0.5400535534971498
POL-017108,INS-00560,2023-12-29,2023-08-19,2024-08-18,AL,13,3.5,4,32.7,9.7,368.2,other,oh,1,1,8241.39,500,300,17828.7,annual,62.23,0,0.0,,0.0,,0.0,0.5606416775075638
POL-015608,INS-00054,2023-06-11,2023-01-29,2024-01-29,APD,9,3.4,6,43.9,10.2,246.0,service,wa,0,1,0.0,1000,500,8160.18,annual,29.2,3,3.0,,0.0,,0.0,0.47501936515742477
POL-015609,INS-00224,2023-04-05,2023-01-22,2024-01-22,APD,8,6.2,7,42.9,10.9,234.1,service,tx,0,0,0.0,500,300,6524.33,monthly,58.64,1,0.0,,0.0,,0.0,0.4720346914856426
POL-017109,INS-00581,2023-01-13,2022-08-27,2023-08-27,AL,5,2.3,7,21.0,3.7,196.0,service,ny,0,0,0.0,2500,300,15919.35,monthly,78.16,0,2.0,,0.0,,0.0,0.3634729912803168
POL-017110,INS-00585,2023-03-05,2023-02-15,2024-02-15,AL,8,7.2,4,21.4,13.5,136.1,retail,wa,0,0,0.0,500,300,5926.56,monthly,88.99,2,0.0,,0.0,,0.0,0.44977019034331306
POL-015610,INS-00004,2023-07-25,2023-06-27,2024-06-26,APD,17,6.2,8,21.0,3.1,381.2,retail,pa,1,0,16662.5,2500,1000,9287.5,quarterly,2.1,2,0.0,9999-01-01,-999.0,INVALID,-999.0,0.5979271955017549
POL-015611,INS-00094,2024-03-01,2023-11-24,2024-11-23,APD,10,2.8,6,41.9,1.7,253.7,retail,oh,1,0,21704.83,1000,300,5616.9,annual,50.13297619047619,4,0.0,,0.0,,0.0,0.5162794566609886
POL-017111,INS-00020,2024-05-05,2023-11-15,2024-11-14,AL,9,2.1,6,35.4,1.8,276.3,trucking,ca,0,0,0.0,250,500,14586.96,monthly,11.25,4,0.0,9999-01-01,-999.0,INVALID,-999.0,0.4294684481680393
POL-017112,INS-00492,2023-08-24,2023-07-31,2024-07-30,AL,10,8.6,9,45.4,4.1,229.8,trucking,fl,1,0,15789.15,250,1000,9415.12,monthly,31.58,1,0.0,,0.0,,0.0,0.45490838756184904
POL-015612,INS-00243,2023-07-23,2023-01-30,2024-01-30,APD,9,6.0,6,47.2,2.3,661.9,service,tx,0,0,0.0,500,1000,10266.37,monthly,41.74,2,4.0,,0.0,,0.0,0.6873658664857303
POL-015613,INS-00143,2023-10-13,2023-06-14,2024-06-13,APD,3,4.7,5,41.2,4.2,85.6,construction,oh,0,0,0.0,250,100,5368.84,monthly,50.85,0,1.0,,0.0,,0.0,0.2694923469275549
POL-017113,INS-00177,2023-07-26,2023-02-18,2024-02-18,AL,4,2.4,8,38.7,16.6,214.2,trucking,wa,1,0,12017.42,250,300,9932.69,annual,19.28,0,4.0,9999-01-01,-999.0,INVALID,-999.0,0.3044627086653845
POL-017114,INS-00723,2024-04-09,2024-03-28,2025-03-28,AL,7,6.5,4,44.4,2.6,183.7,service,ga,1,0,0.0,5000,500,13363.77,monthly,75.54,0,1.0,,0.0,,0.0,0.4267118806172786
POL-015614,INS-00571,2023-07-28,2023-06-15,2024-06-14,APD,19,0.8,7,49.3,1.0,508.0,service,ca,4,1,104753.69,5000,100,8357.53,annual,84.22,4,0.0,,0.0,,0.0,0.8502207768547873
POL-015615,INS-00595,2024-01-28,2023-10-30,2024-10-29,APD,7,3.9,5,35.8,1.3,88.1,retail,fl,0,0,0.0,2500,100,8149.72,monthly,79.95,0,0.0,,0.0,,0.0,0.4398709739761138
POL-017115,INS-00036,2024-03-29,2024-02-16,2025-02-15,AL,4,6.3,3,40.1,25.5,65.3,retail,tx,0,0,0.0,2500,1000,5932.3,monthly,51.84,1,1.0,,0.0,,0.0,0.33884887204199027
POL-017116,INS-00470,2023-08-18,2023-03-18,2024-03-17,AL,11,8.5,3,47.4,4.8,294.7,trucking,nc,1,1,22925.15,250,500,4586.81,annual,50.22245,2,1.0,,0.0,,0.0,0.6103447537257293
POL-015616,INS-00229,2023-05-06,2023-02-19,2024-02-19,APD,9,2.8,4,40.0,5.3,364.8,other,ca,1,0,10828.05,5000,1000,17964.74,quarterly,62.65,3,0.0,,0.0,,0.0,0.5316229108833451
POL-015617,INS-00133,2023-10-25,2023-09-27,2024-09-26,APD,7,4.1,6,58.3,8.6,211.3,trucking,nc,0,0,0.0,1000,300,14678.18,annual,7.21,2,0.0,,0.0,,0.0,0.31788167321075694
POL-017117,INS-00630,2024-03-09,2023-10-12,2024-10-11,AL,5,6.9,5,44.4,38.9,123.0,construction,ca,0,0,0.0,5000,300,15662.34,monthly,74.89,1,0.0,,0.0,,0.0,0.38102181422024584
POL-017118,INS-00489,2024-05-28,2024-03-04,2025-03-04,AL,7,0.9,3,42.0,2.0,149.2,construction,ca,1,0,61082.4,5000,500,19520.0,annual,54.75,0,1.0,,0.0,,0.0,0.44334379312280653
POL-015618,INS-00092,2023-08-06,2023-06-22,2024-06-21,APD,15,1.3,6,28.9,4.6,319.3,construction,oh,2,0,4323.56,5000,300,6550.84,monthly,80.53,3,1.0,,0.0,,0.0,0.7574878720091355
POL-015619,INS-00190,2024-06-12,2024-03-22,2025-03-22,APD,4,5.0,3,24.7,1.0,59.8,other,oh,0,0,0.0,500,300,6938.28,quarterly,13.67,0,0.0,,0.0,,0.0,0.20022432409514893
POL-017119,INS-00619,2024-05-02,2024-02-29,2025-02-28,AL,8,8.8,2,24.7,1.4,125.3,trucking,nc,0,0,0.0,1000,300,7272.24,annual,24.97,0,1.0,,0.0,,0.0,0.34137649314428803
POL-017120,INS-00337,2023-09-12,2023-08-09,2024-08-08,AL,6,4.2,9,36.4,14.0,205.4,trucking,fl,0,0,0.0,500,500,7964.17,monthly,46.34,1,2.0,,0.0,,0.0,0.39502525741769345
POL-015620,INS-00062,2023-03-05,2023-02-15,2024-02-15,APD,8,9.5,13,39.3,4.3,240.3,construction,nc,0,0,0.0,5000,1000,9121.91,quarterly,85.09,2,0.0,,0.0,,0.0,0.5225695932651148
POL-015621,INS-00286,2023-01-09,2022-11-01,2023-11-01,APD,10,4.1,3,44.5,16.7,142.4,other,ca,1,0,0.0,1000,300,9721.03,annual,74.55,3,0.0,9999-01-01,-999.0,INVALID,-999.0,0.5368480770411745
POL-017121,INS-00735,2024-03-06,2023-12-02,2024-12-01,AL,7,1.4,4,45.9,8.2,173.2,trucking,wa,1,0,10750.54,500,300,6947.71,quarterly,95.64,1,2.0,,0.0,,0.0,0.5678140509294232
POL-017122,INS-00045,2023-08-05,2023-06-09,2024-06-08,AL,6,4.5,5,44.6,7.2,141.5,construction,co,0,0,0.0,1000,100,5251.6,quarterly,28.65,1,0.0,,0.0,,0.0,0.30782237027812587
POL-015622,INS-00235,2023-01-20,2022-09-13,2023-09-13,APD,11,3.2,8,54.7,1.0,341.8,trucking,wa,0,2,46168.17,1000,100,8969.73,annual,18.53,1,0.0,,0.0,,0.0,0.47617072644136255
POL-015623,INS-00673,2023-08-18,2023-07-31,2024-07-30,APD,9,3.5,5,33.5,7.5,0.0,trucking,ga,2,1,28235.83,5000,300,4380.17,annual,82.75,2,1.0,,0.0,,0.0,0.6939682190690379
POL-017123,INS-00430,2023-12-09,2023-10-21,2024-10-20,AL,9,12.3,3,48.9,1.0,309.4,retail,tx,2,0,32678.22,2500,300,11533.39,quarterly,74.27,1,0.0,,0.0,,0.0,0.5327901425079852
POL-017124,INS-00675,2024-04-17,2023-11-18,2024-11-17,AL,5,4.5,4,39.9,1.9,397.7,retail,ca,0,1,10453.63,500,300,12459.6,annual,75.87,2,0.0,,0.0,,0.0,0.46054603719579956
POL-015624,INS-00048,2023-01-19,2022-11-13,2023-11-13,APD,4,6.6,4,45.9,3.1,90.4,retail,oh,0,0,0.0,1000,500,15338.04,monthly,94.55,1,0.0,,0.0,,0.0,0.3851297580363969
POL-017125,INS-00484,2023-01-04,2023-01-01,2024-01-01,AL,8,6.2,7,44.9,22.2,270.2,other,az,2,0,54579.92,1000,100,8440.76,quarterly,1.38,2,3.0,,0.0,,0.0,0.41879391914286196
POL-015625,INS-00612,2023-11-10,2023-06-01,2024-05-31,APD,14,7.4,6,45.5,11.7,356.9,trucking,tx,1,1,44227.11,2500,300,9843.48,monthly,37.55,4,0.0,,0.0,,0.0,0.633636814848546
POL-015626,INS-00010,2024-03-15,2024-01-31,2025-01-30,APD,9,7.5,5,48.9,3.1,153.8,service,oh,2,1,30020.05,1000,100,7309.01,quarterly,6.89,0,0.0,,0.0,,0.0,0.45354635507116414
POL-017126,INS-00339,2023-05-27,2023-04-27,2024-04-26,AL,3,3.7,8,37.4,18.4,125.8,construction,tx,0,1,2270.29,500,300,19568.16,annual,9.57,0,2.0,,0.0,,0.0,0.2367030451515511
POL-017127,INS-00217,2023-03-27,2023-01-16,2024-01-16,AL,9,4.6,4,39.7,15.4,337.8,trucking,ca,1,0,5266.94,500,300,17322.55,annual,91.54,3,2.0,,0.0,,0.0,0.6319900545748789
POL-015627,INS-00577,2023-08-20,2023-04-02,2024-04-01,APD,8,4.5,4,37.3,2.7,139.7,trucking,fl,0,2,0.0,1000,500,8268.51,annual,40.99,1,0.0,,0.0,,0.0,0.40974627911543626
POL-015628,INS-00335,2023-11-06,2023-06-16,2024-06-15,APD,9,1.6,5,0.0,4.8,281.1,other,il,0,0,0.0,5000,300,8171.83,monthly,5.86,4,0.0,,0.0,,0.0,0.3152768313849782
POL-017128,INS-00130,2024-01-22,2023-10-13,2024-10-12,AL,8,8.5,6,30.7,1.6,183.0,trucking,pa,1,0,21764.18,2500,500,23936.25,annual,19.34,1,0.0,,0.0,,0.0,0.3754739804240906
POL-015629,INS-00231,2024-04-12,2023-11-23,2024-11-22,APD,7,3.1,7,45.9,9.8,191.1,retail,wa,0,0,0.0,250,300,5866.16,monthly,83.94,2,4.0,,0.0,,0.0,0.5492307627025735
POL-017129,INS-00507,2023-11-01,2023-10-15,2024-10-14,AL,8,3.9,10,41.3,2.9,176.7,retail,nc,0,1,13982.94,250,300,8581.47,quarterly,50.04,2,0.0,,0.0,,0.0,0.4840114777391542
POL-017130,INS-00629,2024-04-10,2023-10-30,2024-10-29,AL,8,2.5,7,30.2,4.5,186.8,trucking,pa,2,1,65008.77,2500,500,15467.71,missing,90.43,1,0.0,9999-01-01,-999.0,INVALID,-999.0,0.6365907538660982
POL-015630,INS-00108,2024-02-21,2024-02-02,2025-02-01,APD,9,7.4,1,38.8,6.2,211.0,construction,nc,1,0,6344.19,250,500,7385.24,annual,17.7,1,1.0,,0.0,,0.0,0.4950207320541767
POL-015631,INS-00295,2023-09-05,2023-08-13,2024-08-12,APD,8,3.4,2,38.3,2.4,131.1,trucking,il,1,0,17838.86,2500,100,8235.61,quarterly,15.01,3,2.0,9999-01-01,-999.0,INVALID,-999.0,0.41188369099541217
POL-017131,INS-00326,2023-08-19,2023-07-06,2024-07-05,AL,5,0.0,9,43.9,8.5,217.2,other,oh,0,0,0.0,1000,300,17535.57,annual,90.66,1,4.0,,0.0,,0.0,0.4653978612450398
POL-017132,INS-00484,2024-04-02,2023-11-16,2024-11-15,AL,5,8.7,6,34.8,1.7,0.0,trucking,pa,0,1,4251.58,5000,1000,11229.25,annual,88.59,1,1.0,,0.0,,0.0,0.6770008566543055
POL-015632,INS-00497,2023-11-03,2023-08-03,2024-08-02,APD,4,5.9,13,38.5,22.3,100.1,service,wa,0,0,0.0,5000,100,12274.0,quarterly,87.93,1,3.0,,0.0,,0.0,0.404047892777117
POL-015633,INS-00533,2023-05-25,2022-12-28,2023-12-28,APD,5,4.0,7,35.3,8.6,134.0,service,fl,0,0,0.0,250,100,3562.82,annual,56.46,0,1.0,,0.0,,0.0,0.35942190740273006
POL-017133,INS-00614,2024-06-09,2024-02-14,2025-02-13,AL,8,5.1,5,38.4,5.5,240.8,trucking,az,1,1,32079.18,250,300,14448.76,annual,36.83,1,0.0,,0.0,,0.0,0.44787636355632443
POL-017134,INS-00647,2023-03-25,2023-03-15,2024-03-14,AL,14,8.1,5,39.4,10.5,515.4,retail,tx,0,0,0.0,2500,300,6540.47,monthly,22.08,1,0.0,,0.0,,0.0,0.5018907801201962
POL-015634,INS-00696,2024-01-14,2023-12-08,2024-12-07,APD,10,4.9,7,30.9,1.9,125.6,service,pa,0,1,14334.19,500,1000,3883.63,annual,49.43019157088123,3,2.0,,0.0,,0.0,0.5180847488141072
POL-015635,INS-00717,2024-04-08,2024-02-18,2025-02-17,APD,5,5.1,7,39.5,1.0,412.2,service,wa,0,1,23402.96,250,300,9627.97,annual,40.73,3,2.0,,0.0,,0.0,0.430851477379795
POL-017135,INS-00402,2023-09-03,2023-05-01,2024-04-30,AL,12,6.4,2,37.2,3.1,268.6,retail,ca,2,0,39341.38,2500,500,16149.11,quarterly,97.34,2,0.0,9999-01-01,-999.0,INVALID,-999.0,0.6773415548906833
POL-017136,INS-00092,2024-05-06,2024-03-21,2025-03-21,AL,11,2.5,7,38.8,1.0,220.3,trucking,ga,1,0,4675.13,1000,500,11260.11,monthly,86.73,3,0.0,,0.0,,0.0,0.6126072033171356
POL-015636,INS-00392,2023-04-11,2022-10-20,2023-10-20,APD,9,4.9,7,33.8,1.0,224.3,construction,ga,2,0,33699.01,2500,500,7433.93,monthly,54.05,1,0.0,,0.0,,0.0,0.5706410910078372
POL-015637,INS-00283,2024-02-20,2023-09-02,2024-09-01,APD,6,4.1,7,43.9,21.2,187.4,trucking,co,0,0,0.0,2500,100,5625.4,monthly,49.87,2,1.0,,0.0,,0.0,0.3785793817087938
POL-017137,INS-00125,2023-05-21,2023-04-11,2024-04-10,AL,4,1.1,6,46.8,4.0,144.1,other,fl,1,0,2763.54,500,500,11125.89,annual,72.23,0,3.0,,0.0,,0.0,0.3523445681835485
POL-017138,INS-00588,2023-02-24,2022-10-23,2023-10-23,AL,9,7.0,9,31.9,14.5,261.5,construction,co,0,0,0.0,5000,300,10823.99,monthly,37.82,1,1.0,,0.0,,0.0,0.4407108717751053
POL-015638,INS-00734,2023-07-18,2023-02-09,2024-02-09,APD,10,4.0,11,44.1,1.4,171.2,trucking,fl,0,0,0.0,5000,500,24196.24,annual,9.8,4,2.0,,0.0,,0.0,0.4172885780274628
POL-015639,INS-00450,2023-09-25,2023-09-09,2024-09-08,APD,9,9.3,13,32.9,4.6,345.3,construction,oh,0,0,0.0,1000,300,8881.14,annual,83.22,1,1.0,,0.0,,0.0,0.633407939274426
POL-017139,INS-00154,2023-05-31,2023-03-21,2024-03-20,AL,8,5.8,9,41.4,13.1,99.1,retail,tx,0,0,0.0,250,300,19384.81,monthly,29.3,0,0.0,,0.0,,0.0,0.27929054397571623
POL-017140,INS-00277,2023-01-11,2022-11-27,2023-11-27,AL,13,8.4,5,38.2,13.0,0.0,trucking,il,2,0,21897.33,1000,500,12888.14,annual,30.31,2,0.0,,0.0,,0.0,0.6091181091454739
POL-015640,INS-00465,2023-06-09,2023-05-09,2024-05-08,APD,6,4.5,6,29.9,9.7,285.6,trucking,co,1,0,23666.8,2500,500,9219.29,annual,87.23,4,3.0,,0.0,,0.0,0.5934175214673914
POL-015641,INS-00455,2023-04-21,2022-11-22,2023-11-22,APD,3,8.3,8,47.6,4.2,136.7,construction,pa,0,0,0.0,1000,100,5884.58,annual,47.23,0,0.0,,0.0,,0.0,0.2651617936657075
POL-017141,INS-00168,2024-04-30,2024-02-21,2025-02-20,AL,10,5.2,8,42.8,13.4,344.4,trucking,pa,0,0,0.0,500,500,22511.71,annual,24.91,4,0.0,9999-01-01,-999.0,INVALID,-999.0,0.49961143409084274
POL-017142,INS-00349,2023-02-23,2023-02-07,2024-02-07,AL,11,6.0,4,0.0,8.2,217.6,retail,co,1,1,21162.49,500,500,12015.62,monthly,79.48,0,1.0,9999-01-01,-999.0,INVALID,-999.0,0.5678363664422409
POL-015642,INS-00426,2023-01-03,2022-07-10,2023-07-10,APD,8,4.9,7,35.5,14.3,328.7,construction,nc,2,0,34543.83,500,100,12225.7,monthly,86.08,2,0.0,,0.0,,0.0,0.6458049049975462
POL-015643,INS-00531,2023-11-29,2023-06-09,2024-06-08,APD,8,8.3,2,36.5,5.7,83.1,trucking,il,3,1,50782.9,250,1000,4216.83,monthly,45.89,1,0.0,,0.0,,0.0,0.566062320864549
POL-017143,INS-00526,2024-03-26,2023-10-31,2024-10-30,AL,7,4.7,9,33.6,7.7,186.6,service,tx,1,0,6375.28,2500,1000,10455.42,monthly,37.81,1,0.0,,0.0,,0.0,0.35913278034074353
POL-017144,INS-00014,2024-04-05,2023-12-06,2024-12-05,AL,5,9.1,5,41.3,26.2,89.2,trucking,co,1,0,20156.05,2500,300,8167.16,annual,47.68,0,0.0,,0.0,,0.0,0.3180056250751212
POL-015644,INS-00730,2024-06-04,2024-05-02,2025-05-02,APD,10,4.7,4,38.5,9.8,199.1,trucking,ga,1,1,0.0,2500,500,6027.05,annual,92.14,6,0.0,,0.0,,0.0,0.603293270755183
POL-015645,INS-00223,2023-10-03,2023-10-01,2024-09-30,APD,8,5.5,7,51.1,9.6,208.2,service,co,1,2,23837.19,250,500,12585.73,annual,7.02,3,0.0,,0.0,,0.0,0.3890168170877399
POL-017145,INS-00527,2024-06-02,2023-12-08,2024-12-07,AL,9,7.6,8,50.4,15.0,287.9,trucking,wa,1,1,17102.49,2500,100,40000.0,annual,89.81,0,0.0,,0.0,,0.0,0.572020395642254
POL-017146,INS-00316,2023-12-18,2023-10-25,2024-10-24,AL,3,5.0,9,0.0,11.8,48.3,construction,pa,0,0,0.0,5000,1000,11642.71,monthly,49.91827464788733,0,2.0,,0.0,,0.0,0.3414216765112836
POL-015646,INS-00102,2024-01-19,2023-10-20,2024-10-19,APD,8,10.1,4,49.1,1.1,230.3,retail,il,0,0,0.0,500,500,11135.37,monthly,60.62,2,0.0,,0.0,,0.0,0.49179396029529693
POL-015647,INS-00062,2024-05-13,2023-12-10,2024-12-09,APD,12,2.9,8,30.2,1.1,291.7,service,ca,0,0,0.0,5000,500,11649.13,quarterly,13.24,2,0.0,,0.0,,0.0,0.4286937310676513
POL-017147,INS-00463,2023-12-26,2023-12-18,2024-12-17,AL,12,5.8,5,30.1,11.6,486.4,service,nc,1,0,16438.18,5000,100,17891.44,quarterly,43.45,2,0.0,,0.0,,0.0,0.5847759284213382
POL-017148,INS-00732,2023-05-25,2022-12-16,2023-12-16,AL,6,6.9,8,42.7,8.3,364.2,retail,az,1,0,6834.71,250,500,12333.7,annual,89.38,1,0.0,,0.0,,0.0,0.43251829283108106
POL-015648,INS-00224,2023-12-21,2023-09-16,2024-09-15,APD,2,8.0,1,24.3,10.1,48.2,retail,ca,1,0,7613.6,500,300,18862.89,quarterly,24.92,0,1.0,,0.0,,0.0,0.22284557987140508
POL-015649,INS-00499,2024-03-16,2023-10-29,2024-10-28,APD,15,2.4,7,42.9,11.7,249.4,retail,tx,1,1,28089.18,250,500,5700.75,monthly,57.61,3,1.0,,0.0,,0.0,0.6555967264053264
POL-017149,INS-00433,2023-04-11,2023-01-15,2024-01-15,AL,5,5.9,6,37.7,3.8,69.8,service,ca,1,0,19786.86,2500,100,15004.02,monthly,18.21,1,1.0,9999-01-01,-999.0,INVALID,-999.0,0.24426830885493653
POL-017150,INS-00357,2023-03-12,2023-03-03,2024-03-02,AL,7,5.6,6,46.1,1.3,425.3,retail,pa,0,0,0.0,1000,500,14082.77,monthly,65.05,3,0.0,,0.0,,0.0,0.46999031591076346
POL-015650,INS-00685,2023-06-24,2023-06-03,2024-06-02,APD,6,6.6,4,42.0,5.9,83.6,retail,oh,1,1,120552.29,2500,500,13739.47,quarterly,89.24,3,0.0,,0.0,,0.0,0.4142521679476177
POL-015651,INS-00504,2023-12-08,2023-11-07,2024-11-06,APD,8,2.5,7,42.3,3.4,167.4,service,ca,1,0,3304.93,2500,100,5109.72,quarterly,10.74,0,0.0,,0.0,,0.0,0.3665337100674553
POL-017151,INS-00205,2024-06-26,2024-01-17,2025-01-16,AL,6,5.1,6,42.9,3.0,223.1,trucking,il,1,0,15025.28,250,500,31798.18,quarterly,55.11,1,1.0,,0.0,,0.0,0.4489960041763639
POL-017152,INS-00070,2023-02-25,2023-01-29,2024-01-29,AL,9,2.4,7,0.0,1.2,662.9,retail,pa,0,2,45819.04,5000,300,15799.79,annual,70.74,3,2.0,,0.0,,0.0,0.7807086051956976
POL-015652,INS-00614,2024-03-09,2024-02-01,2025-01-31,APD,2,1.5,8,42.2,9.3,74.4,trucking,il,0,0,0.0,2500,100,9662.72,monthly,50.17,1,0.0,,0.0,,0.0,0.18906304515089548
POL-017153,INS-00547,2024-05-11,2024-04-18,2025-04-18,AL,7,3.6,8,34.0,13.2,129.6,retail,co,0,0,0.0,1000,300,16248.95,monthly,31.84,2,1.0,,0.0,,0.0,0.3348813028655563
POL-015653,INS-00403,2024-04-04,2023-11-14,2024-11-13,APD,4,7.2,8,46.0,7.0,180.9,retail,tx,0,1,4954.36,250,300,4118.77,monthly,14.05,2,1.0,,0.0,,0.0,0.25861630419033077
POL-015654,INS-00318,2023-05-28,2023-01-23,2024-01-23,APD,11,3.9,4,26.4,4.6,0.0,construction,ny,1,0,3198.57,5000,100,5942.58,quarterly,47.7,4,1.0,,0.0,,0.0,0.6022907846269215
POL-017154,INS-00156,2023-08-11,2023-04-03,2024-04-02,AL,8,1.7,10,36.2,8.5,99.0,service,pa,1,0,0.0,250,300,11157.35,annual,1.52,2,0.0,,0.0,,0.0,0.2617384036176716
POL-017155,INS-00274,2023-11-18,2023-05-26,2024-05-25,AL,5,6.1,6,47.7,1.1,144.7,service,pa,1,0,17838.53,5000,300,7477.94,monthly,41.96,2,1.0,,0.0,,0.0,0.34342602807968203
POL-015655,INS-00568,2023-10-01,2023-09-28,2024-09-27,APD,8,6.9,7,27.7,5.9,205.1,service,co,0,0,0.0,1000,300,8260.87,monthly,28.67,3,0.0,,0.0,,0.0,0.3897684643898719
POL-015656,INS-00562,2023-04-05,2022-11-28,2023-11-28,APD,9,9.7,8,40.1,15.3,222.1,trucking,tx,2,0,65277.1,1000,1000,17090.38,monthly,76.17,3,0.0,,0.0,,0.0,0.6356702895252488
POL-017156,INS-00563,2023-07-07,2023-01-29,2024-01-29,AL,7,4.5,10,26.5,29.2,212.2,trucking,il,0,0,0.0,5000,500,15432.34,missing,3.55,3,0.0,,0.0,,0.0,0.41154969006171155
POL-015657,INS-00305,2024-05-31,2024-01-26,2025-01-25,APD,8,6.7,4,38.2,10.7,325.5,construction,oh,2,1,39338.31,2500,100,9199.86,quarterly,21.27,1,2.0,,0.0,,0.0,0.532725401889961
POL-017157,INS-00470,2024-03-13,2024-01-25,2025-01-24,AL,8,4.0,4,40.1,7.3,187.7,trucking,wa,1,1,37612.92,2500,300,13921.7,monthly,14.77,2,2.0,,0.0,,0.0,0.4888819545432657
POL-017158,INS-00666,2024-05-11,2024-01-29,2025-01-28,AL,13,6.1,5,35.7,2.2,0.0,retail,tx,4,0,37564.49,5000,500,11288.54,annual,58.94,3,0.0,,0.0,,0.0,0.6986846897575031
POL-015658,INS-00330,2024-06-27,2024-01-07,2025-01-06,APD,9,8.8,10,39.3,14.1,86.5,construction,co,0,0,0.0,2500,300,13418.89,monthly,37.85,2,2.0,,0.0,,0.0,0.47289551886308073
POL-015659,INS-00697,2023-09-20,2023-04-23,2024-04-22,APD,2,6.7,5,37.9,15.8,39.5,trucking,co,0,0,0.0,5000,300,10427.33,annual,53.14,0,1.0,,0.0,,0.0,0.2293105822577322
POL-017159,INS-00565,2023-10-19,2023-05-16,2024-05-15,AL,7,2.6,5,24.9,21.5,355.2,service,az,1,1,14425.52,1000,300,11243.82,annual,14.31,3,0.0,,0.0,,0.0,0.38940369105172506
POL-015660,INS-00084,2023-05-09,2022-12-08,2023-12-08,APD,5,7.4,10,35.2,26.8,224.6,construction,nc,0,0,0.0,5000,300,10625.87,missing,6.42,0,0.0,,0.0,,0.0,0.2362833583464184
POL-017160,INS-00626,2024-01-18,2024-01-04,2025-01-03,AL,7,7.6,5,34.8,1.0,125.4,construction,pa,0,0,0.0,5000,500,40000.0,monthly,4.61,2,2.0,,0.0,,0.0,0.36869459738001403
POL-017161,INS-00355,2024-06-01,2024-03-30,2025-03-30,AL,13,4.3,5,50.7,16.2,384.2,retail,pa,1,1,46910.74,500,1000,21779.33,annual,64.08,2,0.0,,0.0,,0.0,0.6793987087592938
POL-015661,INS-00625,2023-05-15,2023-04-12,2024-04-11,APD,11,10.0,5,35.8,1.0,728.9,service,ny,1,2,31529.5,1000,500,8535.29,monthly,11.06,2,3.0,,0.0,,0.0,0.7281647262715936
POL-015662,INS-00398,2023-06-06,2023-01-16,2024-01-16,APD,16,2.5,7,39.8,6.2,234.8,construction,pa,3,3,149285.84,2500,300,9016.68,monthly,48.53,3,0.0,,0.0,,0.0,0.6570718371086297
POL-017162,INS-00028,2023-02-02,2022-12-25,2023-12-25,AL,7,6.6,10,56.5,5.7,221.1,service,oh,2,1,0.0,500,300,15336.14,quarterly,91.07,2,0.0,,0.0,,0.0,0.5340548881205344
POL-017163,INS-00079,2024-06-23,2024-04-18,2025-04-18,AL,8,9.7,6,46.2,40.0,243.9,trucking,fl,0,2,24068.37,2500,300,14294.46,monthly,98.41,2,0.0,,0.0,,0.0,0.6770459775918537
POL-015663,INS-00747,2023-09-22,2023-03-30,2024-03-29,APD,7,1.6,5,35.0,1.1,201.2,trucking,ga,0,0,0.0,250,300,10245.87,monthly,67.11,1,3.0,,0.0,,0.0,0.5140323359917542
POL-015664,INS-00516,2023-11-30,2023-10-14,2024-10-13,APD,12,4.4,7,38.2,8.3,311.3,trucking,ny,1,0,20444.85,1000,500,6719.03,annual,74.93,1,2.0,,0.0,,0.0,0.7172592884779696
POL-017164,INS-00017,2023-12-13,2023-07-15,2024-07-14,AL,5,5.8,9,50.1,1.0,58.6,rideshare,ca,0,0,0.0,500,500,28863.71,quarterly,27.91,1,0.0,9999-01-01,-999.0,INVALID,-999.0,0.29116760751781007
POL-015665,INS-00588,2024-05-06,2024-03-12,2025-03-12,APD,6,8.3,7,36.9,6.8,133.1,other,nc,1,0,14715.61,5000,300,7834.75,annual,3.24,2,0.0,,0.0,,0.0,0.29435017654574774
POL-017165,INS-00114,2023-11-16,2023-07-12,2024-07-11,AL,5,1.2,9,25.4,18.1,121.2,service,nc,1,0,4399.71,1000,1000,13160.93,quarterly,45.11,0,4.0,,0.0,,0.0,0.4143445315013725
POL-017166,INS-00564,2023-11-17,2023-11-12,2024-11-11,AL,5,6.3,4,36.3,2.0,110.4,retail,wa,0,1,9102.67,500,300,6083.47,quarterly,1.17,0,1.0,,0.0,,0.0,0.2837657943927966
POL-015666,INS-00319,2023-07-17,2023-07-15,2024-07-14,APD,7,3.5,7,40.8,11.5,215.4,construction,wa,3,0,19178.03,1000,500,22014.92,annual,42.67,0,0.0,,0.0,,0.0,0.5455403808016104
POL-015667,INS-00380,2023-02-10,2023-02-09,2024-02-09,APD,10,5.4,8,35.9,1.0,378.7,construction,pa,1,0,56276.52,500,500,23934.14,quarterly,91.43,1,0.0,9999-01-01,-999.0,INVALID,-999.0,0.6715581015441687
POL-017167,INS-00523,2023-06-22,2023-02-03,2024-02-03,AL,10,5.4,7,32.7,2.4,77.4,other,fl,0,0,0.0,250,1000,30790.32,monthly,7.49,4,0.0,,0.0,,0.0,0.41407606518909695
POL-017168,INS-00327,2023-09-28,2023-07-05,2024-07-04,AL,7,5.8,5,45.6,6.7,190.3,trucking,oh,0,1,5859.17,1000,300,8428.34,quarterly,29.24,2,2.0,,0.0,,0.0,0.5122612939218816
POL-015668,INS-00718,2023-06-30,2023-01-02,2024-01-02,APD,6,5.8,4,31.6,10.4,96.4,retail,fl,0,0,0.0,5000,100,6414.64,annual,80.37,1,1.0,,0.0,,0.0,0.4235466343901464
POL-015669,INS-00353,2024-06-24,2024-04-25,2025-04-25,APD,10,7.8,10,26.4,10.0,405.4,trucking,nc,2,0,5445.28,250,1000,4572.2,annual,88.57,1,3.0,,0.0,,0.0,0.7996460610040017
POL-017169,INS-00163,2024-01-25,2023-09-04,2024-09-03,AL,10,4.8,5,27.0,8.4,281.8,construction,nc,1,0,7424.88,2500,300,18541.86,monthly,86.59,6,0.0,,0.0,,0.0,0.6473189667991427
POL-017170,INS-00629,2024-03-14,2023-10-05,2024-10-04,AL,10,7.2,5,44.6,4.6,233.1,construction,nc,0,1,12355.43,1000,500,6114.48,annual,50.26,4,0.0,,0.0,,0.0,0.5770634383900205
POL-015670,INS-00744,2023-03-07,2022-10-13,2023-10-13,APD,3,6.6,11,57.9,5.0,34.3,retail,fl,0,0,0.0,5000,100,25000.0,quarterly,87.74,0,2.0,,0.0,,0.0,0.3492888707117982
POL-015671,INS-00143,2023-03-16,2022-10-26,2023-10-26,APD,2,1.3,9,51.3,4.1,24.8,trucking,fl,1,0,14459.17,5000,100,3284.0,monthly,71.09,1,4.0,9999-01-01,-999.0,INVALID,-999.0,0.34013366249932936
POL-017171,INS-00275,2023-08-23,2023-02-28,2024-02-28,AL,7,2.9,7,44.5,9.1,101.9,trucking,az,1,1,51490.99,5000,500,18234.5,annual,59.51,0,0.0,,0.0,,0.0,0.5112283890878772
POL-017172,INS-00653,2024-03-17,2023-10-04,2024-10-03,AL,6,1.5,5,33.8,8.7,148.8,trucking,nc,0,0,0.0,1000,500,14334.0,annual,89.41,0,2.0,,0.0,,0.0,0.4679606935346591
POL-015672,INS-00103,2023-11-19,2023-08-11,2024-08-10,APD,7,0.4,9,32.0,5.2,214.8,retail,tx,1,0,16789.5,1000,1000,4786.42,monthly,37.78,3,0.0,,0.0,,0.0,0.38564402996491676
POL-015673,INS-00201,2023-01-14,2022-10-02,2023-10-02,APD,7,4.2,6,44.3,21.2,76.2,trucking,fl,1,1,26157.48,1000,300,10592.15,monthly,39.91,0,0.0,,0.0,,0.0,0.4185881170996298
POL-017173,INS-00400,2023-12-09,2023-06-22,2024-06-21,AL,4,6.9,7,37.0,6.6,47.4,trucking,pa,0,0,0.0,5000,300,5490.93,annual,30.04,1,3.0,,0.0,,0.0,0.3627234480275099
POL-017174,INS-00671,2024-03-17,2023-10-22,2024-10-21,AL,10,3.0,7,28.2,2.6,273.9,retail,pa,1,1,19928.2,2500,500,5995.32,annual,29.86,1,0.0,,0.0,,0.0,0.4752755085633994
POL-015674,INS-00748,2023-08-15,2023-06-13,2024-06-12,APD,12,10.4,4,36.0,22.0,242.9,trucking,oh,1,1,14702.57,5000,100,3704.51,monthly,47.77,3,2.0,,0.0,,0.0,0.6481853325796851
POL-015675,INS-00602,2023-08-03,2023-02-09,2024-02-09,APD,6,6.0,7,48.2,13.6,184.6,other,az,0,4,34868.26,2500,300,6886.57,monthly,33.05,0,0.0,,0.0,,0.0,0.3186874172790169
POL-017175,INS-00461,2023-09-08,2023-07-27,2024-07-26,AL,5,6.1,8,55.5,3.7,108.8,construction,oh,0,0,0.0,250,300,7404.23,monthly,33.11,0,0.0,,0.0,,0.0,0.2356609391693621
POL-017176,INS-00155,2023-05-13,2023-01-21,2024-01-21,AL,7,0.0,7,49.9,1.4,145.4,other,ca,0,0,0.0,1000,1000,10844.35,monthly,51.29,1,1.0,,0.0,,0.0,0.40219553530931595
POL-015676,INS-00074,2023-03-03,2022-10-02,2023-10-02,APD,7,4.7,4,38.3,23.4,273.4,retail,pa,0,0,0.0,2500,300,12960.74,missing,33.33,0,0.0,,0.0,,0.0,0.34531783623905066
POL-015677,INS-00365,2023-12-18,2023-11-01,2024-10-31,APD,4,6.1,6,53.5,4.6,44.8,construction,tx,0,0,0.0,250,100,2000.0,monthly,37.93,1,1.0,,0.0,,0.0,0.2846678140320093
POL-017177,INS-00744,2023-10-08,2023-08-18,2024-08-17,AL,6,4.8,7,47.7,4.3,141.4,service,ca,0,1,2333.02,500,1000,13023.79,annual,37.98,0,1.0,,0.0,,0.0,0.36690833811059653
POL-017178,INS-00620,2024-03-02,2024-02-08,2025-02-07,AL,9,5.9,6,32.3,5.5,329.2,trucking,wa,1,0,17073.15,2500,500,8619.63,annual,33.47,2,2.0,,0.0,,0.0,0.5238676338202582
POL-015678,INS-00630,2023-05-06,2023-04-04,2024-04-03,APD,5,4.4,11,34.3,1.0,0.0,retail,oh,0,0,0.0,500,100,11135.17,monthly,96.53,1,0.0,,0.0,,0.0,0.5038383992129499
POL-015679,INS-00721,2023-08-24,2023-08-17,2024-08-16,APD,9,1.0,4,39.0,1.1,318.8,construction,tx,1,2,33924.57,250,500,4193.11,quarterly,98.99,4,3.0,,0.0,,0.0,0.6709086125113297
POL-017179,INS-00077,2023-04-14,2022-10-26,2023-10-26,AL,8,4.4,7,27.9,7.3,152.6,retail,tx,1,0,9066.31,250,500,11815.82,monthly,13.46,0,0.0,,0.0,,0.0,0.2713470849403398
POL-017180,INS-00235,2024-05-24,2023-12-07,2024-12-06,AL,6,6.5,7,35.4,28.7,110.3,trucking,oh,1,0,29668.41,250,300,11780.18,quarterly,69.73,2,1.0,,0.0,,0.0,0.4845696236654854
POL-015680,INS-00011,2024-05-21,2024-04-22,2025-04-22,APD,7,6.2,6,34.6,9.1,139.4,trucking,ga,1,1,34783.07,250,300,2349.77,monthly,45.78,2,2.0,,0.0,,0.0,0.48347061787899553
POL-015681,INS-00666,2024-05-13,2024-01-02,2025-01-01,APD,8,6.2,5,57.6,1.2,516.0,trucking,wa,0,0,0.0,1000,500,2936.25,annual,74.66,1,0.0,,0.0,,0.0,0.6058073207420244
POL-017181,INS-00167,2023-03-28,2022-11-08,2023-11-08,AL,6,2.6,8,52.0,12.4,107.5,construction,nc,1,1,121392.23,2500,300,18166.67,quarterly,89.1,2,1.0,,0.0,,0.0,0.6280646330571356
POL-017182,INS-00086,2023-01-31,2022-09-25,2023-09-25,AL,6,1.3,4,43.6,13.0,165.1,service,co,0,0,0.0,1000,500,12290.59,monthly,1.46,2,1.0,,0.0,,0.0,0.2616939721135784
POL-015682,INS-00744,2024-06-27,2024-01-20,2025-01-19,APD,7,8.8,8,46.3,2.7,242.8,other,ga,0,0,0.0,250,500,9653.18,annual,64.98,2,0.0,,0.0,,0.0,0.4540403702296105
POL-015683,INS-00241,2023-09-26,2023-08-27,2024-08-26,APD,2,5.8,6,36.9,9.0,59.5,service,il,0,0,0.0,5000,300,17046.88,annual,27.6,1,0.0,,0.0,,0.0,0.16614450177322945
POL-017183,INS-00057,2023-02-19,2023-02-08,2024-02-08,AL,11,8.0,7,34.7,13.0,597.5,retail,pa,1,1,32850.04,1000,1000,14851.39,annual,81.48,3,0.0,,0.0,,0.0,0.7359382472037178
POL-017184,INS-00543,2023-12-20,2023-11-08,2024-11-07,AL,11,4.1,5,51.1,3.2,236.5,construction,tx,0,2,31513.75,2500,500,17009.36,monthly,23.73,2,0.0,,0.0,,0.0,0.5770728883869425
POL-015684,INS-00387,2024-02-15,2023-12-10,2024-12-09,APD,7,6.2,5,43.9,1.0,184.4,retail,ca,0,0,0.0,500,100,3895.36,quarterly,83.5,2,0.0,,0.0,,0.0,0.45532897350403473
POL-015685,INS-00142,2023-04-17,2022-12-23,2023-12-23,APD,8,1.2,1,35.7,8.7,130.8,trucking,ga,1,0,2996.26,5000,300,7242.9,monthly,32.06,2,0.0,,0.0,,0.0,0.40605595914018866
POL-017185,INS-00078,2024-05-01,2023-11-05,2024-11-04,AL,14,6.3,1,43.9,5.1,328.4,retail,az,0,1,9637.48,250,1000,40000.0,monthly,21.35,5,0.0,,0.0,,0.0,0.6471686721227174
POL-017186,INS-00237,2024-01-10,2023-08-04,2024-08-03,AL,8,0.0,6,43.4,20.5,0.0,other,pa,2,0,14021.17,250,500,10647.94,annual,78.94,2,2.0,,0.0,,0.0,0.6023770882725232
POL-015686,INS-00187,2023-10-29,2023-08-22,2024-08-21,APD,5,3.1,7,30.9,1.0,203.3,trucking,pa,1,1,20883.67,2500,300,9115.62,quarterly,89.55,1,0.0,,0.0,,0.0,0.465025037573921
POL-015687,INS-00508,2024-02-19,2023-09-11,2024-09-10,APD,9,9.4,2,24.9,1.5,250.4,trucking,ny,0,0,0.0,1000,100,5761.36,quarterly,75.72,2,0.0,,0.0,,0.0,0.5541579950204807
POL-017187,INS-00300,2023-02-15,2022-08-23,2023-08-23,AL,11,9.3,3,38.2,4.9,235.4,trucking,nc,1,0,0.0,500,500,10882.13,quarterly,56.75,3,0.0,,0.0,,0.0,0.5911853713948833
POL-017188,INS-00048,2024-02-05,2023-12-27,2024-12-26,AL,7,9.8,3,33.3,1.0,171.0,construction,il,0,0,0.0,1000,500,13793.2,missing,76.54,1,2.0,,0.0,,0.0,0.48668007872489183
POL-015688,INS-00527,2024-02-12,2023-10-31,2024-10-30,APD,11,2.8,4,34.1,32.6,505.8,trucking,ca,2,0,21441.5,2500,500,2925.32,monthly,92.37,3,0.0,,0.0,,0.0,0.7479499052200641
POL-015689,INS-00429,2023-02-19,2022-10-24,2023-10-24,APD,5,4.8,7,31.3,5.1,79.2,retail,oh,1,1,31980.35,5000,300,5771.82,annual,59.67,0,0.0,,0.0,,0.0,0.36520278111050414
POL-017189,INS-00728,2023-08-10,2023-02-17,2024-02-17,AL,3,6.6,6,47.7,8.3,71.0,trucking,co,0,0,0.0,1000,300,21829.75,quarterly,82.42,0,0.0,,0.0,,0.0,0.3448332033559795
POL-017190,INS-00019,2024-03-24,2023-10-30,2024-10-29,AL,11,10.7,3,39.3,1.8,264.0,trucking,wa,1,0,5691.98,500,300,6102.53,annual,56.78,1,0.0,,0.0,,0.0,0.489712039457924
POL-015690,INS-00649,2023-07-19,2023-04-12,2024-04-11,APD,6,5.2,7,36.4,4.2,54.8,trucking,fl,0,0,0.0,1000,300,9972.84,annual,22.24,1,0.0,9999-01-01,-999.0,INVALID,-999.0,0.30767223554675355
POL-015691,INS-00697,2023-01-10,2022-11-24,2023-11-24,APD,8,1.4,8,32.2,3.8,183.5,trucking,ca,0,0,0.0,250,100,8758.69,quarterly,21.77,1,0.0,,0.0,,0.0,0.3442264776350247
POL-017191,INS-00347,2023-07-15,2023-06-01,2024-05-31,AL,6,6.7,5,42.8,12.8,320.7,trucking,fl,0,0,0.0,2500,1000,6064.65,quarterly,20.35,0,1.0,9999-01-01,-999.0,INVALID,-999.0,0.4208185927787333
POL-017192,INS-00504,2023-07-07,2023-01-23,2024-01-23,AL,9,6.0,3,49.5,9.3,570.8,service,ca,1,0,5524.0,2500,1000,6519.35,annual,71.55,0,2.0,,0.0,,0.0,0.5851766707387416
POL-015692,INS-00496,2023-04-02,2023-03-03,2024-03-02,APD,4,5.9,4,40.7,2.4,123.5,construction,az,0,1,0.0,500,100,4819.79,monthly,88.29,1,0.0,,0.0,,0.0,0.3762843159692232
POL-015693,INS-00020,2024-03-28,2023-12-02,2024-12-01,APD,10,4.5,3,44.4,2.7,353.3,retail,co,1,0,10635.11,500,500,3560.31,monthly,99.66,0,0.0,9999-01-01,-999.0,INVALID,-999.0,0.6927696371388794
POL-017193,INS-00650,2024-03-25,2023-12-16,2024-12-15,AL,12,10.2,8,46.0,18.2,284.5,construction,ca,0,1,7246.88,1000,300,17249.06,annual,63.0,2,3.0,,0.0,,0.0,0.6539105348202745
POL-017194,INS-00738,2023-09-08,2023-07-04,2024-07-03,AL,12,0.9,2,41.9,1.1,264.5,retail,il,0,0,0.0,500,300,7893.73,annual,27.17,3,0.0,,0.0,,0.0,0.4526777217063743
POL-015694,INS-00151,2024-02-29,2023-10-31,2024-10-30,APD,10,1.3,9,40.3,5.3,110.0,trucking,wa,2,0,27377.27,2500,300,13430.34,annual,5.44,3,0.0,,0.0,,0.0,0.4354106477670212
POL-015695,INS-00529,2023-01-16,2022-12-20,2023-12-20,APD,15,6.9,9,50.2,6.3,775.2,trucking,az,0,1,4836.27,1000,100,9319.69,monthly,98.47,3,0.0,,0.0,,0.0,0.8474101565133247
POL-017195,INS-00748,2023-02-04,2022-08-20,2023-08-20,AL,10,6.5,4,36.2,8.6,440.7,construction,ny,2,0,28269.35,5000,500,7807.33,quarterly,24.3,0,0.0,,0.0,,0.0,0.5051055505287428
POL-017196,INS-00726,2024-04-29,2024-03-04,2025-03-04,AL,8,1.4,4,46.5,1.6,68.6,construction,tx,0,1,9745.2,1000,500,11428.0,monthly,77.9,1,1.0,9999-01-01,-999.0,INVALID,-999.0,0.5261265193843263
POL-015696,INS-00291,2023-03-16,2023-01-25,2024-01-25,APD,4,7.3,6,40.7,1.0,93.6,service,oh,0,0,0.0,5000,100,15328.04,quarterly,72.51,1,2.0,,0.0,,0.0,0.3669297717414146
POL-015697,INS-00644,2023-12-04,2023-09-15,2024-09-14,APD,6,2.1,6,51.1,2.1,106.2,trucking,fl,0,1,7805.82,1000,500,5127.15,quarterly,89.42,2,0.0,,0.0,,0.0,0.43028653347365436
POL-017197,INS-00329,2024-04-23,2023-12-02,2024-12-01,AL,11,6.2,7,41.0,2.8,0.0,construction,pa,0,1,54197.02,5000,500,18253.22,annual,84.01,3,0.0,,0.0,,0.0,0.7724155377678865
POL-017198,INS-00573,2023-08-05,2023-06-09,2024-06-08,AL,10,4.8,9,40.6,2.5,216.9,retail,ny,0,1,3262.04,2500,500,6784.42,missing,58.56,3,1.0,,0.0,,0.0,0.6153145300233892
POL-015698,INS-00231,2023-07-25,2023-06-11,2024-06-10,APD,7,4.1,6,44.4,20.7,300.4,trucking,wa,0,2,12594.71,250,100,4193.95,monthly,12.16,0,1.0,,0.0,,0.0,0.38577839301758954
POL-015699,INS-00557,2023-09-23,2023-07-09,2024-07-08,APD,6,7.6,7,34.8,5.9,145.2,service,tx,1,0,7421.56,1000,300,8487.26,monthly,95.19,0,0.0,,0.0,,0.0,0.5521321241450939
POL-017199,INS-00150,2024-02-27,2023-12-05,2024-12-04,AL,8,6.5,7,52.4,9.6,157.3,service,pa,0,2,26022.19,1000,300,16129.6,monthly,79.8,4,1.0,,0.0,,0.0,0.6271980911790389
POL-017200,INS-00667,2023-05-26,2023-04-06,2024-04-05,AL,11,7.2,5,41.6,20.8,377.2,trucking,co,1,1,52344.13,1000,500,9309.73,monthly,75.54,4,0.0,,0.0,,0.0,0.7151613574332842
POL-015700,INS-00489,2023-12-19,2023-12-10,2024-12-09,APD,13,5.4,7,46.6,1.0,125.7,retail,ny,0,1,4833.35,5000,1000,5605.27,missing,12.26,2,1.0,,0.0,,0.0,0.42920110476100404
POL-015701,INS-00423,2024-03-26,2023-10-26,2024-10-25,APD,6,1.7,6,50.6,4.7,138.0,service,wa,0,1,8374.89,250,300,6989.59,monthly,20.83,1,0.0,,0.0,,0.0,0.29889380822088896
POL-017201,INS-00376,2024-04-19,2024-04-08,2025-04-08,AL,6,10.5,6,45.6,4.9,87.7,trucking,ca,0,0,0.0,2500,1000,17977.42,monthly,77.04,1,1.0,,0.0,,0.0,0.4854901842990098
POL-017202,INS-00318,2023-03-14,2022-10-02,2023-10-02,AL,8,1.3,6,44.4,6.8,472.4,retail,ca,0,0,0.0,500,500,8882.54,monthly,85.26,3,3.0,,0.0,,0.0,0.6143490887438112
POL-015702,INS-00077,2023-05-04,2022-11-13,2023-11-13,APD,8,2.6,5,49.8,3.0,236.7,retail,ca,1,0,20122.13,5000,100,15142.15,annual,99.57,1,0.0,,0.0,,0.0,0.5847452470747626
POL-015703,INS-00053,2023-08-16,2023-02-24,2024-02-24,APD,11,6.9,6,44.4,1.0,280.2,trucking,ca,3,1,195833.16,2500,100,8252.55,monthly,53.23,1,0.0,,0.0,,0.0,0.606986916780576
POL-017203,INS-00263,2023-08-29,2023-05-27,2024-05-26,AL,8,5.8,8,40.2,5.2,147.7,retail,ny,0,0,0.0,500,300,16068.39,monthly,47.52,1,1.0,,0.0,,0.0,0.3612391522639258
POL-017204,INS-00258,2024-02-26,2024-02-15,2025-02-14,AL,12,4.5,7,33.9,5.6,313.5,trucking,pa,1,2,15541.01,5000,500,6210.75,annual,97.82,3,0.0,,0.0,,0.0,0.8048136315712823
POL-015704,INS-00252,2023-08-05,2023-07-14,2024-07-13,APD,9,4.4,9,43.6,1.1,236.0,retail,ca,2,0,55702.72,250,100,13212.37,annual,50.13297619047619,1,1.0,,0.0,,0.0,0.5732308897746856
POL-015705,INS-00454,2023-05-29,2023-02-09,2024-02-09,APD,9,1.5,3,34.8,1.9,312.0,trucking,pa,0,2,22127.59,1000,100,4710.7,quarterly,50.44,2,0.0,,0.0,,0.0,0.47034824734055425
POL-017205,INS-00076,2024-03-12,2023-11-29,2024-11-28,AL,6,6.5,5,35.0,4.0,128.9,trucking,pa,0,0,0.0,1000,300,10304.52,quarterly,42.29,1,0.0,9999-01-01,-999.0,INVALID,-999.0,0.37345056930096454
POL-017206,INS-00664,2023-05-03,2023-02-28,2024-02-28,AL,10,0.8,11,43.1,7.9,499.9,retail,az,1,1,13660.61,5000,1000,16012.96,monthly,45.19,2,3.0,,0.0,,0.0,0.6996823528240633
POL-015706,INS-00643,2023-03-27,2022-09-30,2023-09-30,APD,10,5.0,13,22.6,2.8,255.3,retail,ga,0,0,0.0,5000,300,5449.88,monthly,14.4,1,0.0,,0.0,,0.0,0.39237232968387337
POL-015707,INS-00086,2024-04-15,2024-02-20,2025-02-19,APD,8,5.8,5,37.3,2.3,109.3,service,ca,3,0,19578.8,5000,1000,13516.49,annual,25.62,2,2.0,,0.0,,0.0,0.5460015931920078
POL-017207,INS-00613,2023-07-10,2023-03-02,2024-03-01,AL,7,4.9,8,41.7,1.9,0.0,rideshare,az,0,0,0.0,1000,300,13026.68,monthly,36.75,1,2.0,,0.0,,0.0,0.4420412723132331
POL-017208,INS-00181,2023-10-05,2023-09-21,2024-09-20,AL,5,5.7,4,38.2,7.6,318.4,other,co,0,0,0.0,5000,1000,14729.22,quarterly,39.02,0,0.0,,0.0,,0.0,0.3972137180542383
POL-015708,INS-00313,2023-07-13,2023-06-28,2024-06-27,APD,5,7.2,5,61.1,3.2,47.6,construction,tx,0,0,0.0,250,100,4509.3,monthly,3.58,0,0.0,,0.0,,0.0,0.24944940609500046
POL-015709,INS-00484,2023-11-07,2023-06-13,2024-06-12,APD,8,4.4,8,27.3,32.7,352.4,other,nc,1,0,0.0,1000,300,8576.71,annual,38.8,0,0.0,,0.0,,0.0,0.46724697475082366
POL-017209,INS-00696,2023-12-06,2023-06-20,2024-06-19,AL,4,4.7,7,43.7,6.4,177.7,other,ca,0,1,2369.76,500,300,27365.41,monthly,22.33,2,0.0,9999-01-01,-999.0,INVALID,-999.0,0.2782500941919279
POL-017210,INS-00232,2024-05-14,2024-02-26,2025-02-25,AL,8,2.7,8,29.3,6.3,169.6,trucking,tx,1,0,6127.42,1000,300,24117.47,quarterly,59.95,2,2.0,,0.0,,0.0,0.5399990725222688
POL-015710,INS-00740,2024-04-29,2024-03-26,2025-03-26,APD,8,7.9,8,29.3,4.6,667.3,trucking,co,1,0,5721.08,500,300,2712.9,annual,89.67,3,4.0,,0.0,,0.0,0.8036266632908304
POL-015711,INS-00750,2023-08-03,2023-07-19,2024-07-18,APD,7,3.4,6,44.2,11.5,441.1,trucking,ga,0,2,37518.46,250,300,12185.58,monthly,15.45,4,2.0,,0.0,,0.0,0.4333738285812089
POL-017211,INS-00149,2023-08-11,2023-04-22,2024-04-21,AL,6,6.3,4,42.3,4.7,116.1,construction,ga,1,0,7090.36,250,100,4547.16,annual,59.57,1,1.0,,0.0,,0.0,0.34149884794512486
POL-017212,INS-00051,2024-04-16,2024-02-23,2025-02-22,AL,9,7.9,8,48.5,5.2,251.8,trucking,nc,0,0,0.0,2500,100,6588.37,monthly,39.37,1,1.0,,0.0,,0.0,0.4296043686603697
POL-015712,INS-00490,2023-06-10,2023-05-20,2024-05-19,APD,9,2.0,5,34.8,7.3,112.7,retail,az,1,0,12116.98,250,100,6141.83,monthly,77.48,3,0.0,,0.0,,0.0,0.5286605774223551
POL-015713,INS-00158,2024-01-25,2023-12-21,2024-12-20,APD,8,5.5,6,46.2,4.7,86.1,service,tx,0,0,0.0,5000,300,3699.59,quarterly,29.05,4,3.0,,0.0,,0.0,0.387748344705132
POL-017213,INS-00218,2023-05-09,2023-04-01,2024-03-31,AL,11,3.4,6,30.5,12.7,404.1,trucking,nc,0,0,0.0,2500,500,11217.44,monthly,63.78,2,3.0,,0.0,,0.0,0.656136721929075
POL-017214,INS-00388,2024-01-21,2023-09-02,2024-09-01,AL,4,7.3,7,38.0,12.7,274.7,retail,fl,0,0,0.0,2500,300,6043.74,monthly,67.2,0,1.0,,0.0,,0.0,0.31762965103571783
POL-015714,INS-00502,2023-08-21,2023-03-25,2024-03-24,APD,7,2.5,6,28.5,11.0,172.6,construction,az,0,0,0.0,250,300,3254.75,quarterly,43.28,2,2.0,,0.0,,0.0,0.3899513735922119
POL-015715,INS-00262,2023-06-07,2023-04-06,2024-04-05,APD,7,4.7,5,28.4,1.7,150.4,retail,ga,0,0,0.0,250,1000,8912.69,monthly,68.86,1,0.0,,0.0,,0.0,0.43208127352080156
POL-017215,INS-00432,2024-02-26,2023-09-22,2024-09-21,AL,9,6.2,7,37.8,20.9,356.8,construction,tx,0,1,6450.19,1000,300,9110.34,annual,2.23,0,1.0,,0.0,,0.0,0.3829851799220751
POL-017216,INS-00331,2023-04-13,2022-11-06,2023-11-06,AL,9,4.4,5,44.6,1.5,355.2,trucking,fl,3,0,31490.73,5000,300,12864.72,annual,13.55,2,0.0,,0.0,,0.0,0.4610779450582062
POL-015716,INS-00318,2023-07-22,2023-06-26,2024-06-25,APD,5,4.0,6,42.5,20.1,135.1,retail,tx,0,2,23377.78,250,1000,6794.49,quarterly,59.36,1,3.0,,0.0,,0.0,0.3855016179823306
POL-015717,INS-00450,2023-05-06,2023-04-30,2024-04-29,APD,14,6.9,10,50.8,2.6,408.7,other,ca,1,0,4783.78,2500,300,18307.4,annual,59.3,3,1.0,,0.0,,0.0,0.713100653655375
POL-017217,INS-00092,2024-05-02,2023-11-26,2024-11-25,AL,12,3.8,3,40.5,24.6,172.2,retail,fl,4,0,35074.32,250,300,8536.19,monthly,46.63,3,0.0,9999-01-01,-999.0,INVALID,-999.0,0.49079548751041896
POL-017218,INS-00491,2023-12-30,2023-08-03,2024-08-02,AL,9,6.4,6,52.0,1.1,217.7,construction,fl,2,0,17082.6,5000,500,11463.59,annual,70.56,1,0.0,,0.0,,0.0,0.5102906764650803
POL-015718,INS-00389,2024-05-26,2024-04-20,2025-04-20,APD,7,2.2,10,42.2,9.3,218.0,construction,tx,0,1,2714.14,2500,1000,10886.41,quarterly,83.52,2,2.0,,0.0,,0.0,0.5095674240468705
POL-015719,INS-00658,2023-08-06,2023-03-25,2024-03-24,APD,14,2.1,4,29.8,19.5,0.0,retail,az,1,1,24865.69,2500,500,10013.2,monthly,13.48,1,1.0,,0.0,,0.0,0.5927985565683982
POL-017219,INS-00503,2024-01-18,2023-09-04,2024-09-03,AL,6,6.2,5,35.1,2.5,72.7,other,ca,0,0,0.0,1000,300,16462.91,quarterly,75.41,0,2.0,,0.0,,0.0,0.4235799272469476
POL-017220,INS-00662,2023-05-05,2022-12-30,2023-12-30,AL,6,3.1,6,47.8,7.7,337.7,retail,ca,1,0,4898.17,1000,500,8137.17,quarterly,12.89,1,0.0,,0.0,,0.0,0.323479915255272
POL-015720,INS-00155,2023-02-18,2022-09-11,2023-09-11,APD,4,5.7,4,41.8,20.0,70.1,construction,oh,0,0,0.0,2500,100,9088.39,monthly,60.66,1,0.0,,0.0,,0.0,0.30114031271779174
POL-015721,INS-00561,2023-09-28,2023-08-25,2024-08-24,APD,8,3.0,3,26.5,12.9,280.9,trucking,ca,1,2,1704.47,250,100,6491.54,annual,44.38,0,0.0,,0.0,,0.0,0.508845824971996
POL-017221,INS-00487,2023-04-17,2023-02-23,2024-02-23,AL,7,8.2,9,50.9,16.2,221.4,service,tx,1,0,27619.63,1000,100,16912.28,monthly,76.16,1,0.0,,0.0,,0.0,0.37376660014923924
POL-017222,INS-00187,2024-04-13,2023-12-25,2024-12-24,AL,9,4.5,7,54.7,1.6,372.7,service,pa,0,0,0.0,2500,300,10875.19,monthly,10.52,2,1.0,9999-01-01,-999.0,INVALID,-999.0,0.3750763263917166
POL-015722,INS-00662,2023-09-26,2023-07-26,2024-07-25,APD,7,1.6,4,45.5,10.2,297.3,trucking,wa,1,0,24042.28,1000,300,8393.07,monthly,62.21,0,2.0,,0.0,,0.0,0.5576601454767863
POL-015723,INS-00630,2023-11-14,2023-09-20,2024-09-19,APD,8,6.2,7,30.6,1.0,203.2,retail,nc,0,0,0.0,250,100,13830.8,annual,44.68,2,1.0,,0.0,,0.0,0.44777897394477434
POL-017223,INS-00077,2023-06-03,2023-02-24,2024-02-24,AL,7,6.2,8,30.1,33.9,83.4,construction,oh,2,1,45355.4,250,100,9140.17,monthly,51.66,1,0.0,,0.0,,0.0,0.39741647507089867
POL-017224,INS-00668,2023-07-20,2023-07-20,2024-07-19,AL,5,0.9,7,38.9,16.7,142.7,retail,tx,0,1,19981.47,1000,100,22012.25,quarterly,13.99,1,2.0,,0.0,,0.0,0.3494164472857914
POL-015724,INS-00601,2023-08-12,2023-04-14,2024-04-13,APD,7,5.1,11,40.1,11.1,170.9,trucking,pa,1,1,7718.21,500,500,8717.87,quarterly,2.84,2,0.0,,0.0,,0.0,0.34100824197949886
POL-015725,INS-00598,2024-04-20,2023-11-29,2024-11-28,APD,8,8.5,4,0.0,29.6,138.9,construction,co,0,0,0.0,250,500,3096.46,quarterly,93.9,2,0.0,,0.0,,0.0,0.5126236497619009
POL-017225,INS-00256,2024-02-21,2023-10-30,2024-10-29,AL,8,8.0,3,0.0,1.0,153.1,trucking,fl,2,0,0.0,250,1000,11264.13,quarterly,61.74,0,0.0,,0.0,,0.0,0.48401624711436625
POL-017226,INS-00516,2023-05-11,2023-03-09,2024-03-08,AL,11,2.2,9,37.9,9.5,239.2,service,ca,0,1,16908.33,2500,500,17130.31,annual,97.22,1,0.0,9999-01-01,-999.0,INVALID,-999.0,0.6177592235239038
POL-015726,INS-00227,2023-08-15,2023-05-20,2024-05-19,APD,7,7.8,5,51.7,25.8,229.6,trucking,co,0,3,47159.5,250,500,11574.45,annual,65.32,1,2.0,,0.0,,0.0,0.5174240248125929
POL-015727,INS-00482,2023-03-06,2023-01-31,2024-01-31,APD,8,5.8,6,29.9,6.6,212.4,retail,wa,1,0,10170.55,250,500,2886.56,monthly,45.37,2,0.0,,0.0,,0.0,0.4732705461998118
POL-017227,INS-00152,2023-03-23,2022-10-12,2023-10-12,AL,8,1.5,13,48.7,2.9,240.4,service,il,0,1,10080.47,1000,100,20434.13,monthly,24.85,3,0.0,,0.0,,0.0,0.39065223896147994
POL-017228,INS-00355,2023-07-08,2023-01-12,2024-01-12,AL,10,5.8,10,41.4,1.0,272.8,retail,il,1,1,0.0,5000,1000,22760.38,quarterly,52.90282967032967,2,0.0,,0.0,,0.0,0.6448387620385295
POL-015728,INS-00389,2024-01-09,2023-08-26,2024-08-25,APD,5,2.6,4,46.8,3.3,261.6,retail,ca,1,0,6026.64,2500,100,13304.41,quarterly,78.8,1,1.0,,0.0,,0.0,0.4646489566823022
POL-015729,INS-00617,2023-02-14,2022-12-21,2023-12-21,APD,11,7.0,3,38.5,1.0,220.2,service,oh,0,0,0.0,2500,300,12061.81,annual,60.59,3,0.0,,0.0,,0.0,0.5452686275924191
POL-017229,INS-00404,2023-10-01,2023-09-21,2024-09-20,AL,12,9.5,2,41.9,4.7,190.6,retail,fl,2,0,7171.67,5000,500,15924.04,quarterly,56.63,1,1.0,,0.0,,0.0,0.5923241422584297
POL-017230,INS-00236,2023-09-15,2023-08-06,2024-08-05,AL,11,3.7,7,35.3,17.6,108.7,construction,ga,0,0,0.0,5000,100,19142.87,monthly,70.4,1,0.0,,0.0,,0.0,0.499661184124939
POL-015730,INS-00386,2023-02-09,2022-10-31,2023-10-31,APD,7,8.1,6,45.3,3.4,355.2,retail,il,1,1,20743.13,500,500,7651.24,monthly,10.47,3,1.0,,0.0,,0.0,0.43780259154569906
POL-015731,INS-00531,2024-01-03,2023-11-15,2024-11-14,APD,8,9.4,2,37.8,4.5,165.1,construction,ga,1,0,27966.92,500,1000,6181.89,annual,23.42,0,0.0,,0.0,,0.0,0.4525074436240156
POL-017231,INS-00051,2023-01-14,2022-08-30,2023-08-30,AL,9,3.7,7,35.4,3.4,0.0,trucking,ca,1,0,0.0,5000,300,15177.74,quarterly,93.97,3,3.0,,0.0,,0.0,0.7881790913339483
POL-017232,INS-00497,2023-07-25,2023-02-20,2024-02-20,AL,8,4.7,9,35.6,1.0,104.4,trucking,fl,1,0,3963.07,5000,500,15140.82,annual,96.63,0,1.0,,0.0,,0.0,0.5536431941799611
POL-015732,INS-00626,2024-03-09,2023-09-25,2024-09-24,APD,7,3.2,8,57.3,1.0,206.9,other,oh,0,0,0.0,5000,500,17678.13,quarterly,98.71,1,2.0,,0.0,,0.0,0.5146207567658302
POL-015733,INS-00502,2023-02-04,2022-12-21,2023-12-21,APD,4,8.6,5,47.2,26.2,117.6,service,wa,0,0,0.0,5000,300,3821.46,monthly,25.59,0,0.0,,0.0,,0.0,0.2434329331318642
POL-017233,INS-00663,2023-03-03,2022-12-30,2023-12-30,AL,7,11.0,6,49.0,10.3,155.5,construction,tx,1,0,15106.8,1000,500,11591.64,quarterly,25.84,0,0.0,9999-01-01,-999.0,INVALID,-999.0,0.33524057198127927
POL-017234,INS-00202,2023-12-29,2023-12-07,2024-12-06,AL,7,4.1,6,32.6,1.0,201.5,retail,nc,0,1,3337.8,5000,300,16243.21,annual,56.96,0,1.0,,0.0,,0.0,0.45678647138932665
POL-015734,INS-00588,2024-06-07,2024-04-26,2025-04-26,APD,8,2.2,9,36.1,1.0,89.0,retail,ny,3,0,18980.99,5000,500,4743.88,monthly,50.13297619047619,2,0.0,,0.0,,0.0,0.5121464372426622
POL-017235,INS-00267,2023-09-15,2023-08-23,2024-08-22,AL,5,4.5,5,46.9,6.7,135.4,retail,oh,0,0,0.0,500,500,11310.08,annual,64.52,1,1.0,,0.0,,0.0,0.3408649053699831
POL-015735,INS-00064,2023-11-20,2023-07-20,2024-07-19,APD,11,4.2,6,34.4,8.0,402.9,service,ca,2,3,76534.52,2500,100,4236.61,monthly,93.42,5,1.0,,0.0,,0.0,0.7187416072249747
POL-015736,INS-00357,2023-02-22,2022-11-06,2023-11-06,APD,6,1.9,5,22.6,15.0,91.4,trucking,il,0,1,10489.14,2500,1000,6686.27,annual,41.19,2,0.0,,0.0,,0.0,0.325521958676361
POL-017236,INS-00454,2023-01-09,2022-11-14,2023-11-14,AL,8,3.6,8,50.7,6.1,133.5,retail,oh,3,0,48508.27,500,1000,13723.25,quarterly,8.56,5,0.0,9999-01-01,-999.0,INVALID,-999.0,0.47426411712808836
POL-017237,INS-00644,2024-05-23,2024-02-21,2025-02-20,AL,8,4.5,5,44.1,2.2,339.7,trucking,wa,0,0,0.0,1000,500,18832.99,annual,45.63,3,0.0,,0.0,,0.0,0.4809773750465915
POL-015737,INS-00069,2024-06-11,2024-04-25,2025-04-25,APD,13,9.0,5,34.5,2.5,221.0,retail,nc,1,0,3007.03,500,500,5593.72,monthly,72.97,4,1.0,,0.0,,0.0,0.6900084650550125
POL-015738,INS-00474,2023-09-05,2023-05-31,2024-05-30,APD,3,4.6,4,45.9,2.3,42.1,other,pa,0,1,17660.09,500,1000,2563.75,monthly,4.63,2,0.0,,0.0,,0.0,0.16285999252807806
POL-017238,INS-00196,2023-01-03,2022-09-18,2023-09-18,AL,12,4.3,9,45.3,13.8,278.3,trucking,wa,3,0,40298.71,1000,1000,10322.34,quarterly,41.37,2,1.0,,0.0,,0.0,0.6446537534991552
POL-017239,INS-00135,2023-05-22,2023-03-06,2024-03-05,AL,9,7.5,6,40.1,12.6,348.5,retail,tx,2,0,49895.15,5000,100,9917.76,quarterly,2.42,1,0.0,,0.0,,0.0,0.40810410550436027
POL-015739,INS-00183,2023-09-15,2023-05-05,2024-05-04,APD,3,5.6,4,46.0,3.2,61.7,service,oh,1,0,19329.14,250,500,5922.93,quarterly,15.91,1,2.0,,0.0,,0.0,0.2550890392570922
POL-015740,INS-00413,2023-07-28,2023-05-24,2024-05-23,APD,5,5.6,2,31.6,18.6,283.3,trucking,oh,0,0,0.0,5000,500,4913.49,monthly,47.86,2,1.0,,0.0,,0.0,0.3662879813535377
POL-017240,INS-00442,2024-03-01,2024-02-02,2025-02-01,AL,4,5.7,9,42.1,3.5,0.0,other,co,0,0,0.0,1000,500,15038.42,annual,72.28,0,2.0,,0.0,,0.0,0.42798355071747757
POL-015741,INS-00310,2024-06-12,2024-03-22,2025-03-22,APD,11,9.3,5,31.8,1.0,687.3,trucking,ga,2,0,73365.3,2500,500,10999.72,monthly,88.64,3,0.0,,0.0,,0.0,0.8099345197271857
POL-017241,INS-00641,2024-06-02,2023-12-27,2024-12-26,AL,4,0.0,6,32.1,7.2,93.3,service,ca,1,1,13946.29,1000,300,13285.25,annual,35.81,0,1.0,,0.0,,0.0,0.27733488771467957
POL-017242,INS-00742,2023-10-28,2023-06-02,2024-06-01,AL,9,5.2,12,38.0,9.2,116.6,construction,fl,2,0,15998.14,250,300,8513.69,annual,83.66,0,0.0,9999-01-01,-999.0,INVALID,-999.0,0.43062544921660345
POL-015742,INS-00368,2023-06-17,2023-04-26,2024-04-25,APD,8,7.5,4,31.7,1.3,0.0,retail,il,1,0,42962.79,5000,300,13328.58,quarterly,29.36,2,0.0,,0.0,,0.0,0.47161267505433235
POL-015743,INS-00083,2024-04-19,2023-11-23,2024-11-22,APD,4,8.0,7,35.6,10.8,97.5,trucking,az,1,0,22798.67,2500,100,7836.8,missing,94.68,1,0.0,,0.0,,0.0,0.42338192695545623
POL-017243,INS-00214,2024-04-29,2023-12-23,2024-12-22,AL,5,1.8,5,0.0,7.1,153.2,construction,nc,0,0,0.0,2500,1000,12845.78,quarterly,73.99,0,1.0,,0.0,,0.0,0.452928871661483
POL-017244,INS-00363,2023-08-11,2023-04-24,2024-04-23,AL,9,2.2,5,37.7,23.8,431.6,trucking,oh,2,0,7592.67,250,1000,29166.44,quarterly,99.77,2,0.0,,0.0,,0.0,0.6885195678128634
POL-015744,INS-00040,2024-06-22,2024-05-31,2025-05-31,APD,6,0.5,2,47.7,3.2,166.5,trucking,az,2,0,29398.65,1000,300,7148.44,monthly,76.26,3,1.0,,0.0,,0.0,0.5205602994328113
POL-015745,INS-00050,2023-05-28,2023-03-12,2024-03-11,APD,8,2.6,7,42.7,4.0,113.4,retail,fl,0,0,0.0,1000,100,5737.14,quarterly,90.71,1,3.0,,0.0,,0.0,0.5403139240726077
POL-017245,INS-00612,2023-09-19,2023-07-27,2024-07-26,AL,9,2.2,7,36.5,9.4,382.8,retail,az,1,1,0.0,1000,1000,14867.2,quarterly,18.71,3,0.0,9999-01-01,-999.0,INVALID,-999.0,0.5555228035584335
POL-017246,INS-00309,2023-03-26,2023-01-16,2024-01-16,AL,4,6.0,6,30.7,1.0,0.0,retail,oh,0,0,0.0,1000,1000,17170.47,annual,25.61,1,0.0,,0.0,,0.0,0.34529919700419637
POL-015746,INS-00705,2023-01-21,2022-11-06,2023-11-06,APD,6,4.1,8,48.3,16.0,188.9,construction,oh,0,1,13585.08,2500,300,5257.94,monthly,6.52,1,0.0,,0.0,,0.0,0.27806401863108
POL-017247,INS-00015,2023-08-26,2023-04-17,2024-04-16,AL,4,2.2,7,33.7,1.8,83.4,retail,pa,0,0,0.0,5000,300,11831.05,quarterly,73.11,1,0.0,9999-01-01,-999.0,INVALID,-999.0,0.38424386641544733
POL-015747,INS-00140,2023-05-06,2023-04-30,2024-04-29,APD,9,8.8,3,45.1,1.0,631.3,retail,ny,2,1,0.0,5000,1000,7121.2,monthly,76.03,1,0.0,,0.0,,0.0,0.7372148644273062
POL-015748,INS-00182,2024-05-02,2024-02-08,2025-02-07,APD,8,3.2,6,49.9,1.0,382.1,retail,nc,1,0,7597.05,2500,100,5853.66,annual,24.65,1,0.0,,0.0,,0.0,0.46373901491986935
POL-017248,INS-00743,2023-12-11,2023-07-12,2024-07-11,AL,6,13.6,3,28.2,5.6,0.0,service,az,1,0,19475.76,2500,300,10554.01,monthly,52.87,0,0.0,,0.0,,0.0,0.39147529360579963
POL-017249,INS-00551,2023-06-26,2023-01-31,2024-01-31,AL,9,6.8,3,28.6,1.0,167.6,construction,az,0,0,0.0,5000,300,14811.44,monthly,89.69,3,0.0,,0.0,,0.0,0.5673475402572011
POL-015749,INS-00057,2023-12-30,2023-11-14,2024-11-13,APD,6,3.1,7,35.6,9.1,83.5,rideshare,nc,0,0,0.0,500,100,2000.0,monthly,48.06,3,1.0,,0.0,,0.0,0.34432790361169086
POL-015750,INS-00332,2023-12-11,2023-10-26,2024-10-25,APD,7,6.6,5,37.9,7.2,158.3,service,oh,2,0,36017.73,1000,300,10951.03,annual,54.58,2,0.0,,0.0,,0.0,0.5079434870532713
POL-017250,INS-00301,2023-04-24,2022-12-19,2023-12-19,AL,5,7.5,12,34.7,10.1,117.0,retail,co,0,0,0.0,2500,500,24944.23,annual,24.37,0,2.0,,0.0,,0.0,0.2799730317579302
POL-017251,INS-00229,2023-07-06,2023-02-25,2024-02-25,AL,9,5.0,8,28.1,12.3,429.6,retail,ny,0,0,0.0,250,300,5697.38,quarterly,26.78,1,1.0,,0.0,,0.0,0.4359133521518361
POL-015751,INS-00573,2023-07-31,2023-05-21,2024-05-20,APD,15,4.5,8,37.6,5.6,265.0,trucking,tx,2,0,99243.48,500,100,14163.06,monthly,37.84,5,3.0,,0.0,,0.0,0.6931101849754338
POL-015752,INS-00134,2023-09-29,2023-04-30,2024-04-29,APD,14,0.3,1,30.4,1.0,403.8,retail,fl,2,2,56466.6,1000,500,9365.48,annual,36.6,3,0.0,,0.0,,0.0,0.6377487381923691
POL-017252,INS-00675,2023-10-31,2023-10-08,2024-10-07,AL,3,7.0,4,42.0,1.0,45.5,construction,pa,1,0,0.0,1000,500,7154.22,monthly,47.37,0,0.0,,0.0,,0.0,0.23316705300477977
POL-017253,INS-00141,2024-04-14,2023-10-30,2024-10-29,AL,8,6.3,3,27.8,22.6,438.6,service,fl,0,0,0.0,5000,1000,8719.22,monthly,28.23,3,1.0,,0.0,,0.0,0.5085202658508601
POL-015753,INS-00495,2023-09-30,2023-05-17,2024-05-16,APD,2,4.1,7,43.3,5.7,24.8,trucking,wa,0,0,0.0,1000,1000,7695.83,annual,41.85,0,4.0,,0.0,,0.0,0.2678690397814498
POL-015754,INS-00608,2024-05-10,2024-03-04,2025-03-04,APD,11,4.0,3,42.7,4.3,301.2,construction,az,0,0,0.0,1000,300,13145.6,annual,99.25,1,0.0,,0.0,,0.0,0.6533570787421942
POL-017254,INS-00227,2023-06-12,2023-03-03,2024-03-02,AL,8,0.3,7,44.5,1.0,98.9,rideshare,pa,0,0,0.0,1000,300,9982.31,monthly,89.58,3,2.0,9999-01-01,-999.0,INVALID,-999.0,0.5286196466349676
POL-017255,INS-00338,2024-02-18,2024-01-02,2025-01-01,AL,10,5.0,10,29.8,21.2,191.0,retail,pa,2,0,57256.82,5000,500,19724.49,annual,97.08,1,1.0,,0.0,,0.0,0.6146571356729776
POL-015755,INS-00313,2023-10-17,2023-08-12,2024-08-11,APD,8,7.6,9,28.8,1.6,397.8,service,fl,2,1,36398.38,2500,100,14264.32,annual,9.95,1,0.0,,0.0,,0.0,0.5121493199037574
POL-015756,INS-00168,2024-05-05,2023-11-15,2024-11-14,APD,12,5.3,5,25.3,19.6,211.4,trucking,tx,2,0,6825.04,250,300,5867.88,monthly,35.7,5,0.0,,0.0,,0.0,0.5938332396291428
POL-017256,INS-00588,2023-04-28,2023-03-29,2024-03-28,AL,6,3.4,3,48.2,1.7,208.9,construction,il,0,0,0.0,1000,500,17887.28,quarterly,37.0,0,3.0,,0.0,,0.0,0.4023358576970924
POL-017257,INS-00458,2024-01-28,2023-08-26,2024-08-25,AL,9,2.7,10,37.6,6.4,346.0,trucking,pa,0,0,0.0,250,500,4968.76,quarterly,34.82,1,1.0,9999-01-01,-999.0,INVALID,-999.0,0.4925173326240565
POL-015757,INS-00305,2024-06-17,2024-01-19,2025-01-18,APD,7,3.9,9,0.0,3.0,207.6,construction,co,0,1,19054.09,5000,1000,10745.45,annual,81.66,1,0.0,,0.0,,0.0,0.47566154886204853
POL-015758,INS-00649,2024-05-09,2024-01-23,2025-01-22,APD,9,2.9,11,34.9,22.9,136.6,retail,pa,2,0,9712.6,250,500,8290.2,annual,44.46,1,0.0,,0.0,,0.0,0.5119414812076948
POL-017258,INS-00265,2024-06-08,2024-01-23,2025-01-22,AL,4,5.2,4,45.0,6.2,123.3,trucking,oh,1,1,14933.03,500,500,8246.06,annual,13.34,1,0.0,,0.0,,0.0,0.293645177274941
POL-017259,INS-00630,2023-01-08,2022-09-26,2023-09-26,AL,9,5.7,7,30.6,2.7,136.5,construction,oh,0,0,0.0,5000,500,10424.85,quarterly,71.14,0,0.0,,0.0,,0.0,0.5132951218172696
POL-015759,INS-00701,2024-05-01,2024-01-26,2025-01-25,APD,10,2.0,4,37.7,2.9,213.1,trucking,oh,2,3,225401.16,2500,300,13790.82,annual,64.56,0,2.0,9999-01-01,-999.0,INVALID,-999.0,0.5548755522354912
POL-015760,INS-00164,2023-05-01,2022-12-31,2023-12-31,APD,8,2.6,5,40.4,1.3,71.4,construction,ca,1,0,8503.42,2500,100,21038.54,monthly,97.25,1,1.0,,0.0,,0.0,0.6008761791628611
POL-017260,INS-00512,2023-08-18,2023-07-01,2024-06-30,AL,5,8.1,2,40.6,4.4,73.6,trucking,ny,0,0,0.0,500,500,10440.43,quarterly,0.33,0,0.0,,0.0,,0.0,0.257495551637855
POL-017261,INS-00661,2023-05-03,2022-12-28,2023-12-28,AL,7,3.6,2,0.0,6.4,419.9,service,nc,0,0,0.0,500,1000,10366.28,quarterly,41.28,1,0.0,,0.0,,0.0,0.4353436885608624
POL-015761,INS-00518,2023-02-01,2022-09-21,2023-09-21,APD,7,4.6,6,36.2,5.5,205.3,trucking,az,0,0,0.0,500,500,11321.06,missing,27.47,1,0.0,9999-01-01,-999.0,INVALID,-999.0,0.34124309643297973
POL-015762,INS-00450,2024-06-12,2023-12-21,2024-12-20,APD,8,4.8,3,42.8,1.0,112.5,service,tx,1,0,11117.24,500,100,6918.92,annual,42.38,0,0.0,,0.0,,0.0,0.46818734107422216
POL-017262,INS-00196,2023-05-12,2023-03-03,2024-03-02,AL,4,1.5,5,44.0,4.6,115.7,retail,tx,0,0,0.0,250,500,5972.38,monthly,60.97,0,1.0,,0.0,,0.0,0.2807989559984747
POL-017263,INS-00282,2024-01-12,2023-08-10,2024-08-09,AL,8,6.9,5,38.7,4.5,261.0,trucking,nc,0,0,0.0,500,1000,15827.64,monthly,76.38,1,1.0,,0.0,,0.0,0.5328563747598171
POL-015763,INS-00688,2023-04-25,2023-01-18,2024-01-18,APD,7,4.7,4,26.0,1.0,201.1,trucking,fl,0,1,6195.12,500,100,3271.22,quarterly,40.11,2,0.0,,0.0,,0.0,0.3851373174373312
POL-015764,INS-00197,2023-03-12,2022-12-04,2023-12-04,APD,8,1.4,5,37.8,9.1,173.7,service,ga,0,0,0.0,250,300,7975.56,quarterly,6.02,2,1.0,,0.0,,0.0,0.31498418135344436
POL-017264,INS-00169,2023-02-05,2022-12-02,2023-12-02,AL,4,6.3,3,31.4,20.0,55.4,trucking,fl,0,0,0.0,250,1000,7381.64,annual,65.89,0,0.0,,0.0,,0.0,0.34340406757580877
POL-017265,INS-00458,2024-01-24,2023-09-20,2024-09-19,AL,6,4.6,7,50.9,9.1,0.0,trucking,fl,0,0,0.0,1000,1000,12090.91,quarterly,47.9,0,2.0,,0.0,,0.0,0.5600158554488105
POL-015765,INS-00656,2023-05-01,2023-02-20,2024-02-20,APD,10,4.4,6,25.1,3.7,155.2,service,oh,0,2,22626.63,2500,300,9548.51,annual,25.12,2,0.0,,0.0,,0.0,0.41598691400098764
POL-015766,INS-00322,2023-04-20,2022-11-12,2023-11-12,APD,11,3.8,4,42.1,1.4,42.7,trucking,ca,3,2,18654.27,500,300,7564.9,annual,66.12,1,0.0,,0.0,,0.0,0.6773555816114359
POL-017266,INS-00399,2023-06-05,2023-03-11,2024-03-10,AL,7,6.1,5,41.1,3.0,394.4,other,ga,0,0,0.0,5000,300,13996.81,annual,10.37,2,2.0,,0.0,,0.0,0.4030971481832187
POL-017267,INS-00210,2023-09-21,2023-06-29,2024-06-28,AL,6,1.6,5,39.7,2.9,0.0,retail,ny,1,0,2197.93,250,300,20313.93,monthly,14.79,3,2.0,9999-01-01,-999.0,INVALID,-999.0,0.41334480690012954
POL-015767,INS-00653,2024-05-27,2024-05-04,2025-05-04,APD,10,5.0,6,0.0,1.0,247.9,retail,pa,0,0,0.0,1000,100,7757.75,annual,67.89,2,0.0,9999-01-01,-999.0,INVALID,-999.0,0.5290170043319778
POL-015768,INS-00595,2024-05-24,2024-05-15,2025-05-15,APD,12,6.5,9,23.9,4.2,601.2,service,co,1,0,38224.73,250,100,7336.28,annual,32.48,4,0.0,,0.0,,0.0,0.6587306701087104
POL-017268,INS-00631,2024-04-18,2024-02-16,2025-02-15,AL,8,3.0,10,39.4,1.9,435.5,retail,il,0,0,0.0,1000,100,15729.97,monthly,36.01,2,0.0,,0.0,,0.0,0.38074627282466267
POL-017269,INS-00344,2024-06-12,2024-05-07,2025-05-07,AL,7,2.9,12,45.8,9.9,153.5,service,ga,0,0,0.0,5000,300,11827.54,quarterly,92.0,0,0.0,,0.0,,0.0,0.4685909025688554
POL-015769,INS-00358,2023-10-23,2023-10-04,2024-10-03,APD,5,9.7,4,29.2,7.2,185.6,retail,wa,0,0,0.0,1000,300,7970.18,missing,48.9,1,0.0,,0.0,,0.0,0.3250038075470608
POL-015770,INS-00214,2024-06-09,2024-03-10,2025-03-10,APD,6,5.9,7,23.9,1.8,172.0,construction,nc,0,0,0.0,2500,500,5922.02,quarterly,20.94,0,0.0,,0.0,,0.0,0.29832167642630314
POL-017270,INS-00105,2024-04-16,2023-12-30,2024-12-29,AL,7,5.3,7,48.5,2.1,193.5,retail,co,0,1,5504.07,2500,500,5047.6,annual,70.9,2,1.0,,0.0,,0.0,0.5215425665197965
POL-017271,INS-00539,2023-04-01,2022-12-19,2023-12-19,AL,11,4.5,5,47.1,1.0,257.2,retail,pa,1,0,16286.29,250,300,6722.56,annual,46.64,2,1.0,,0.0,,0.0,0.47552240611037416
POL-015771,INS-00140,2024-01-01,2023-08-24,2024-08-23,APD,13,1.4,3,41.9,7.7,268.1,trucking,az,1,1,3737.54,5000,300,9459.27,quarterly,4.68,3,0.0,,0.0,,0.0,0.47453251608909436
POL-015772,INS-00715,2023-02-21,2022-09-14,2023-09-14,APD,8,2.2,2,39.5,2.2,220.3,retail,co,0,0,0.0,5000,100,9898.61,monthly,77.0,1,0.0,,0.0,,0.0,0.4665611496347711
POL-017272,INS-00586,2024-01-21,2023-10-16,2024-10-15,AL,8,0.9,2,43.8,18.5,219.2,trucking,co,1,1,16795.3,1000,300,23304.37,annual,25.38,2,3.0,,0.0,,0.0,0.5184779073048738
POL-017273,INS-00453,2023-06-16,2023-05-16,2024-05-15,AL,8,4.2,6,40.4,4.6,193.4,trucking,fl,0,0,0.0,1000,1000,12678.04,quarterly,4.75,1,0.0,,0.0,,0.0,0.39927713127672404
POL-015773,INS-00070,2024-05-30,2024-04-05,2025-04-05,APD,7,4.4,3,40.2,17.8,208.4,trucking,fl,0,0,0.0,5000,500,12127.11,quarterly,11.21,2,0.0,9999-01-01,-999.0,INVALID,-999.0,0.2957892216927579
POL-015774,INS-00562,2023-07-25,2023-04-06,2024-04-05,APD,6,3.6,9,37.1,7.0,115.0,other,ny,0,0,0.0,5000,300,11216.05,quarterly,95.64,0,2.0,,0.0,,0.0,0.4546169364740874
POL-017274,INS-00454,2023-05-25,2023-05-23,2024-05-22,AL,5,4.5,10,0.0,1.9,287.6,trucking,nc,1,0,0.0,1000,1000,20323.93,quarterly,24.23,2,0.0,,0.0,,0.0,0.402398668692231
POL-017275,INS-00347,2023-03-21,2023-01-04,2024-01-04,AL,4,6.7,9,36.1,3.8,63.2,trucking,pa,1,1,76186.8,1000,300,6846.37,monthly,50.22245,1,0.0,,0.0,,0.0,0.3808718843092302
POL-015775,INS-00204,2023-09-08,2023-07-07,2024-07-06,APD,7,4.6,5,35.0,5.8,127.6,trucking,il,0,0,0.0,250,500,8766.98,annual,69.27,1,0.0,,0.0,,0.0,0.4461254928712957
POL-015776,INS-00405,2024-06-06,2024-02-27,2025-02-26,APD,9,9.7,7,55.9,14.2,336.2,construction,il,2,0,4300.32,1000,100,9277.91,quarterly,76.86,2,2.0,,0.0,,0.0,0.7137231145901806
POL-017276,INS-00542,2024-02-20,2023-12-10,2024-12-09,AL,4,4.2,9,35.7,1.5,83.8,trucking,ny,0,0,0.0,2500,1000,16176.38,monthly,39.53,2,0.0,,0.0,,0.0,0.35130649735164804
POL-015777,INS-00166,2023-02-11,2022-09-06,2023-09-06,APD,7,6.6,1,29.4,6.2,225.8,construction,ca,0,1,13107.35,5000,1000,5570.05,quarterly,3.65,2,2.0,,0.0,,0.0,0.342193984506231
POL-017277,INS-00710,2024-03-04,2023-11-14,2024-11-13,AL,11,6.5,7,32.3,19.2,371.3,service,oh,0,1,11884.26,1000,500,12193.15,annual,98.02,1,0.0,,0.0,,0.0,0.6247168220586278
POL-017278,INS-00451,2023-10-24,2023-04-28,2024-04-27,AL,9,5.1,2,50.5,3.6,287.9,trucking,ny,0,1,6536.36,500,500,10765.56,annual,25.03,1,0.0,,0.0,,0.0,0.459733175558777
POL-015778,INS-00555,2023-11-05,2023-05-28,2024-05-27,APD,10,3.8,6,46.4,11.9,152.3,trucking,co,1,0,21009.86,5000,300,5887.23,annual,80.35,2,0.0,,0.0,,0.0,0.5805725415073876
POL-015779,INS-00508,2023-01-11,2022-09-18,2023-09-18,APD,7,2.8,9,45.9,1.7,216.1,trucking,ny,0,1,8798.16,2500,300,8323.56,monthly,86.49,0,2.0,9999-01-01,-999.0,INVALID,-999.0,0.5572333220538592
POL-017279,INS-00546,2024-06-11,2024-02-09,2025-02-08,AL,10,7.9,12,40.5,7.1,712.8,trucking,ca,0,0,0.0,2500,1000,7950.18,annual,90.08,4,0.0,,0.0,,0.0,0.7591478278939445
POL-017280,INS-00358,2023-12-11,2023-08-21,2024-08-20,AL,10,5.3,6,53.5,1.2,154.5,service,az,1,1,5972.98,500,300,13390.2,annual,91.48,2,0.0,,0.0,,0.0,0.5549609975968144
POL-015780,INS-00137,2023-06-04,2023-05-16,2024-05-15,APD,14,2.6,5,42.1,1.2,245.3,service,wa,0,3,19993.01,500,1000,13185.8,annual,51.96,2,2.0,,0.0,,0.0,0.6351470752184469
POL-015781,INS-00017,2023-06-09,2023-05-12,2024-05-11,APD,7,0.0,2,39.5,2.1,207.3,service,tx,1,1,21964.98,250,500,12939.95,monthly,79.13,1,0.0,,0.0,,0.0,0.5121223815255574
POL-017281,INS-00289,2023-05-26,2023-03-26,2024-03-25,AL,10,5.8,4,36.8,15.4,104.4,trucking,fl,0,0,0.0,1000,1000,15700.6,monthly,72.32,2,0.0,,0.0,,0.0,0.5573523819270434
POL-017282,INS-00549,2023-10-30,2023-09-28,2024-09-27,AL,11,0.7,9,42.5,20.4,264.2,trucking,il,1,0,5323.36,250,1000,7404.07,monthly,38.53,0,4.0,,0.0,,0.0,0.5646757004635005
POL-015782,INS-00368,2024-01-16,2024-01-01,2024-12-31,APD,6,4.4,4,37.7,7.0,237.8,construction,pa,0,0,0.0,250,300,5164.8,annual,33.39,0,0.0,,0.0,,0.0,0.3507095424661331
POL-017283,INS-00016,2023-11-02,2023-08-22,2024-08-21,AL,11,5.6,5,32.6,4.8,130.1,trucking,ga,0,0,0.0,500,500,18040.67,monthly,91.12,2,1.0,,0.0,,0.0,0.6010756581966116
POL-015783,INS-00488,2024-04-11,2024-03-28,2025-03-28,APD,13,1.5,8,31.2,9.5,423.4,construction,pa,0,1,16279.49,2500,1000,3100.12,monthly,73.44,0,0.0,,0.0,,0.0,0.6570417607749952
POL-015784,INS-00427,2023-06-04,2023-05-25,2024-05-24,APD,11,6.1,9,43.7,1.4,259.5,trucking,wa,1,0,33531.04,500,500,10424.39,quarterly,69.42,2,4.0,,0.0,,0.0,0.7061341633821882
POL-017284,INS-00665,2024-06-23,2024-04-04,2025-04-04,AL,7,2.9,6,43.7,5.8,125.1,retail,co,0,0,0.0,5000,300,18378.11,quarterly,2.99,0,2.0,9999-01-01,-999.0,INVALID,-999.0,0.3424441598505829
POL-017285,INS-00462,2023-07-18,2023-02-05,2024-02-05,AL,6,5.0,5,43.2,12.2,65.0,service,co,1,0,15043.32,5000,500,8777.6,quarterly,51.5,2,1.0,,0.0,,0.0,0.45115625318272495
POL-015785,INS-00561,2023-01-05,2022-11-11,2023-11-11,APD,13,6.2,5,48.9,14.2,688.3,trucking,co,0,1,5313.78,5000,300,8003.86,monthly,24.38,4,0.0,,0.0,,0.0,0.6481879862673403
POL-015786,INS-00086,2023-03-25,2023-02-14,2024-02-14,APD,5,7.5,4,31.7,16.1,179.1,retail,az,0,0,0.0,500,500,9493.32,monthly,42.12,2,0.0,,0.0,,0.0,0.3181100583348731
POL-017286,INS-00302,2023-12-06,2023-08-05,2024-08-04,AL,7,7.7,5,43.7,8.7,157.9,service,tx,0,0,0.0,500,100,7840.29,monthly,78.51,1,0.0,,0.0,,0.0,0.35290720162365086
POL-017287,INS-00602,2023-07-19,2023-06-02,2024-06-01,AL,6,8.1,8,28.7,4.5,281.6,construction,nc,2,0,3618.59,5000,300,10973.89,monthly,78.88,1,0.0,,0.0,,0.0,0.4395160784587605
POL-015787,INS-00707,2023-12-24,2023-10-18,2024-10-17,APD,8,1.6,6,45.2,4.0,184.5,trucking,tx,1,0,17125.49,250,100,6530.69,quarterly,4.06,4,1.0,9999-01-01,-999.0,INVALID,-999.0,0.3644340232877467
POL-017288,INS-00161,2024-06-14,2024-03-18,2025-03-18,AL,7,5.9,8,37.6,3.0,123.8,service,wa,0,0,0.0,1000,100,17638.63,quarterly,47.27,2,0.0,,0.0,,0.0,0.3611043866580359
POL-015788,INS-00075,2023-04-10,2023-01-12,2024-01-12,APD,4,5.7,2,0.0,3.7,83.6,trucking,wa,0,0,0.0,500,1000,8355.91,monthly,73.18,0,2.0,,0.0,,0.0,0.3987881768596583
POL-015789,INS-00303,2024-01-26,2023-08-14,2024-08-13,APD,10,6.8,12,35.2,3.4,416.9,trucking,az,1,1,8574.24,250,1000,18801.68,monthly,29.37,1,0.0,,0.0,,0.0,0.597787315430776
POL-017289,INS-00383,2023-09-29,2023-05-04,2024-05-03,AL,11,2.6,7,45.5,10.6,176.6,service,wa,1,1,19847.78,2500,300,15520.48,annual,5.18,1,0.0,,0.0,,0.0,0.3977885212217626
POL-017290,INS-00316,2023-11-12,2023-08-05,2024-08-04,AL,3,3.4,4,48.6,6.0,103.9,construction,fl,0,1,5479.06,2500,500,3740.57,monthly,15.93,1,0.0,,0.0,,0.0,0.25747075758983157
POL-015790,INS-00571,2024-03-05,2023-10-25,2024-10-24,APD,7,6.2,10,36.8,6.9,111.5,service,il,0,0,0.0,2500,500,3961.57,monthly,53.34,0,0.0,,0.0,,0.0,0.39880345883541257
POL-015791,INS-00437,2024-01-26,2023-11-12,2024-11-11,APD,9,6.8,8,30.2,2.5,250.5,trucking,ca,0,0,0.0,1000,300,6370.62,quarterly,50.12,1,4.0,,0.0,,0.0,0.5758856333583654
POL-017291,INS-00538,2024-04-13,2024-02-18,2025-02-17,AL,11,5.9,5,42.5,11.4,205.8,service,fl,2,0,30391.97,250,1000,23032.81,annual,80.99,0,1.0,,0.0,,0.0,0.5343866638255087
POL-017292,INS-00324,2024-02-24,2024-01-26,2025-01-25,AL,5,10.9,7,32.2,11.7,190.8,service,pa,0,0,0.0,250,300,8224.47,quarterly,48.83,1,2.0,,0.0,,0.0,0.34612940281995325
POL-015792,INS-00211,2023-07-16,2023-01-23,2024-01-23,APD,2,6.5,5,41.0,1.0,79.4,trucking,ga,2,0,42608.15,250,300,11464.45,monthly,92.49,1,0.0,,0.0,,0.0,0.37600535044722305
POL-015793,INS-00135,2023-09-07,2023-05-12,2024-05-11,APD,9,4.3,7,26.7,2.3,254.0,service,wa,2,0,4836.77,1000,300,6337.77,monthly,44.92,3,0.0,,0.0,,0.0,0.5593652304464575
POL-017293,INS-00673,2023-03-07,2023-02-27,2024-02-27,AL,4,6.1,8,38.4,11.7,70.9,construction,tx,0,0,0.0,2500,100,19689.74,quarterly,13.68,2,0.0,,0.0,,0.0,0.2650147708459119
POL-017294,INS-00171,2023-01-04,2022-09-19,2023-09-19,AL,16,6.5,3,33.2,3.8,155.8,retail,az,0,1,22743.82,5000,500,16654.77,monthly,15.89,1,0.0,,0.0,,0.0,0.5729677625733959
POL-015794,INS-00388,2023-03-21,2023-02-19,2024-02-19,APD,13,6.5,8,34.0,25.8,607.8,construction,fl,2,0,16588.6,500,300,9145.26,monthly,12.56,2,0.0,9999-01-01,-999.0,INVALID,-999.0,0.6903665344942795
POL-017295,INS-00615,2023-07-01,2023-04-15,2024-04-14,AL,6,8.7,6,41.6,1.0,157.2,trucking,pa,0,0,0.0,1000,500,15004.52,annual,53.97,3,0.0,,0.0,,0.0,0.4159026413859336
POL-015795,INS-00528,2024-03-25,2023-12-02,2024-12-01,APD,7,7.7,10,49.0,7.3,215.5,trucking,ga,3,0,13437.53,1000,100,7117.33,annual,8.27,4,0.0,,0.0,,0.0,0.4697628471085846
POL-015796,INS-00541,2023-01-19,2022-10-30,2023-10-30,APD,14,2.6,9,46.3,34.2,260.6,construction,pa,0,0,0.0,1000,500,9991.05,monthly,98.12,3,3.0,,0.0,,0.0,0.7235419330967682
POL-017296,INS-00438,2024-06-29,2024-06-11,2025-06-11,AL,7,12.5,6,41.7,13.2,179.8,trucking,co,1,0,5907.31,250,500,14663.54,annual,59.22,1,1.0,,0.0,,0.0,0.42385290132184195
POL-017297,INS-00509,2024-01-01,2023-07-16,2024-07-15,AL,7,5.9,4,30.1,22.6,295.8,retail,az,1,0,0.0,250,300,12706.95,annual,75.03,1,1.0,,0.0,,0.0,0.4201532563970779
POL-015797,INS-00007,2023-01-21,2022-09-13,2023-09-13,APD,15,3.5,9,0.0,12.2,403.8,trucking,fl,0,0,0.0,1000,100,15427.7,quarterly,50.350069284064666,3,0.0,,0.0,,0.0,0.6285593069240928
POL-015798,INS-00596,2023-10-06,2023-10-03,2024-10-02,APD,6,3.0,2,46.5,22.0,174.9,service,wa,0,0,0.0,2500,500,6897.57,quarterly,48.26,1,1.0,,0.0,,0.0,0.3497476372332697
POL-017298,INS-00165,2023-10-07,2023-05-27,2024-05-26,AL,9,2.8,7,0.0,1.0,166.5,retail,ga,0,2,2382.12,500,300,17893.06,annual,84.0,1,0.0,,0.0,,0.0,0.5682533803833062
POL-015799,INS-00561,2023-09-28,2023-05-20,2024-05-19,APD,13,4.1,5,43.1,1.0,1008.9,service,pa,2,1,252323.21,250,300,9474.0,quarterly,38.5,4,1.0,9999-01-01,-999.0,INVALID,-999.0,0.7429405782403611
POL-017299,INS-00043,2023-09-06,2023-04-21,2024-04-20,AL,6,9.5,3,29.4,19.1,101.7,trucking,pa,2,0,17589.45,1000,500,5202.66,monthly,62.45,1,2.0,9999-01-01,-999.0,INVALID,-999.0,0.4349916078784493
POL-017300,INS-00663,2024-06-14,2024-03-19,2025-03-19,AL,5,3.0,9,36.6,3.7,150.8,construction,az,0,0,0.0,1000,500,40000.0,missing,89.43,0,0.0,,0.0,,0.0,0.38814836058636965
POL-015800,INS-00500,2023-04-15,2023-04-06,2024-04-05,APD,8,0.8,5,32.1,1.0,231.7,retail,co,1,0,9023.05,5000,300,7858.09,missing,29.23,1,3.0,,0.0,,0.0,0.4474655736410063
POL-015801,INS-00624,2023-03-30,2023-02-16,2024-02-16,APD,7,5.7,2,51.5,5.0,113.3,service,fl,0,0,0.0,250,1000,11412.66,monthly,84.68,0,2.0,,0.0,,0.0,0.5355642450870253
POL-017301,INS-00345,2023-06-25,2023-04-08,2024-04-07,AL,9,2.8,7,0.0,3.4,154.4,construction,fl,2,0,0.0,5000,500,6869.23,annual,94.18,3,1.0,,0.0,,0.0,0.6157508567305405
POL-017302,INS-00196,2023-03-31,2023-01-26,2024-01-26,AL,4,5.2,6,34.6,1.0,112.1,trucking,pa,1,0,9265.71,1000,500,11255.65,annual,50.22245,2,0.0,,0.0,,0.0,0.3330692433724042
POL-015802,INS-00016,2023-03-09,2022-09-19,2023-09-19,APD,12,3.4,9,30.5,1.3,82.4,service,nc,0,0,0.0,1000,300,10520.3,quarterly,91.05,2,0.0,,0.0,,0.0,0.580792385475489
POL-017303,INS-00308,2023-11-07,2023-10-15,2024-10-14,AL,9,0.0,6,61.4,32.4,419.3,trucking,wa,0,0,0.0,500,1000,19712.71,annual,76.66,2,1.0,,0.0,,0.0,0.6182271798741797
POL-015803,INS-00559,2024-01-28,2024-01-17,2025-01-16,APD,11,2.9,3,41.8,22.9,368.6,construction,ca,2,0,63838.72,250,500,15628.88,annual,71.48,3,0.0,9999-01-01,-999.0,INVALID,-999.0,0.66368064283215
POL-015804,INS-00238,2023-07-04,2023-06-17,2024-06-16,APD,7,4.8,6,57.8,1.2,227.5,construction,ga,0,0,0.0,5000,100,3213.57,annual,23.91,1,0.0,,0.0,,0.0,0.3380431332077882
POL-017304,INS-00214,2023-07-15,2023-03-30,2024-03-29,AL,7,5.2,8,30.5,4.2,195.5,retail,ca,0,0,0.0,1000,300,11775.28,quarterly,92.74,1,0.0,,0.0,,0.0,0.4708600282879283
POL-017305,INS-00265,2024-03-05,2023-09-11,2024-09-10,AL,10,7.6,1,23.4,6.2,175.5,retail,co,2,1,52436.77,1000,300,27006.87,monthly,75.36,4,2.0,,0.0,,0.0,0.6566068315423176
POL-015805,INS-00556,2023-05-19,2022-12-08,2023-12-08,APD,11,4.7,3,41.3,1.0,518.7,retail,fl,0,1,6001.85,250,500,4684.14,monthly,47.03,0,2.0,,0.0,,0.0,0.6589040343233995
POL-015806,INS-00039,2023-04-05,2022-10-22,2023-10-22,APD,10,6.0,5,39.4,1.5,0.0,service,tx,0,0,0.0,500,100,4038.26,quarterly,54.56,2,0.0,,0.0,,0.0,0.5502163153447165
POL-017306,INS-00551,2024-04-30,2023-12-30,2024-12-29,AL,10,5.6,4,37.6,11.4,0.0,trucking,oh,0,2,5405.62,1000,1000,6287.46,annual,25.58,2,4.0,,0.0,,0.0,0.7573731066232079
POL-017307,INS-00615,2023-05-28,2022-12-06,2023-12-06,AL,13,5.5,7,29.9,2.4,198.1,retail,fl,2,1,9591.13,250,300,27907.08,monthly,88.14,4,4.0,,0.0,,0.0,0.747088804483419
POL-015807,INS-00659,2024-05-27,2024-02-09,2025-02-08,APD,11,4.5,5,32.9,18.5,704.5,construction,oh,0,1,6592.35,500,500,11290.05,monthly,35.96,5,2.0,9999-01-01,-999.0,INVALID,-999.0,0.6749011107101865
POL-015808,INS-00238,2024-06-13,2024-03-07,2025-03-07,APD,13,5.3,9,44.6,1.4,868.3,construction,il,1,1,3240.47,250,300,5758.75,monthly,8.02,3,3.0,,0.0,,0.0,0.7747585586782828
POL-017308,INS-00055,2023-10-13,2023-07-15,2024-07-14,AL,6,1.5,7,42.6,16.5,160.6,trucking,ca,0,0,0.0,2500,300,22363.14,annual,32.89,1,0.0,,0.0,,0.0,0.3315506323445047
POL-017309,INS-00104,2024-06-19,2024-03-01,2025-03-01,AL,11,4.9,4,29.5,1.5,816.5,construction,il,1,0,6626.88,2500,500,11149.19,quarterly,26.65,4,0.0,,0.0,,0.0,0.6766724637724254
POL-015809,INS-00429,2024-04-04,2024-02-29,2025-02-28,APD,7,5.1,2,42.2,2.8,290.9,construction,fl,1,0,1515.73,1000,100,3619.73,annual,81.24,3,4.0,,0.0,,0.0,0.6463083138965929
POL-015810,INS-00209,2023-08-06,2023-06-17,2024-06-16,APD,10,6.9,7,39.9,31.3,0.0,retail,il,0,0,0.0,250,100,3291.2,quarterly,2.49,0,0.0,,0.0,,0.0,0.41763966515797013
POL-017310,INS-00602,2023-08-23,2023-05-20,2024-05-19,AL,5,0.7,6,46.7,8.7,124.0,rideshare,az,0,0,0.0,2500,1000,15304.17,annual,19.07,0,1.0,,0.0,,0.0,0.28577900998515715
POL-017311,INS-00209,2024-02-08,2023-11-03,2024-11-02,AL,9,7.5,8,40.3,4.5,239.5,trucking,az,1,1,20664.83,2500,1000,10332.18,missing,97.4,2,0.0,,0.0,,0.0,0.7098293391402771
POL-015811,INS-00223,2024-06-27,2024-03-31,2025-03-31,APD,8,7.8,8,37.5,12.8,357.5,construction,pa,1,0,3096.77,500,300,14120.8,annual,83.78,1,0.0,,0.0,,0.0,0.642574398849984
POL-015812,INS-00529,2023-12-27,2023-12-26,2024-12-25,APD,7,6.9,5,43.4,4.8,183.2,construction,ca,0,3,0.0,1000,500,8556.17,monthly,10.63,3,1.0,,0.0,,0.0,0.3403551395922254
POL-017312,INS-00005,2023-04-07,2022-11-05,2023-11-05,AL,8,6.8,9,35.4,32.3,811.0,other,pa,0,0,0.0,500,500,14058.92,quarterly,45.134166666666665,1,1.0,,0.0,,0.0,0.56315935570143
POL-015813,INS-00578,2023-11-13,2023-10-24,2024-10-23,APD,9,4.3,4,47.6,3.4,195.8,trucking,ga,0,0,0.0,500,100,4797.95,quarterly,27.95,0,2.0,,0.0,,0.0,0.4518560203322835
POL-017313,INS-00154,2023-01-16,2022-10-05,2023-10-05,AL,8,3.9,7,40.0,26.3,98.3,construction,nc,1,0,3454.91,250,500,7078.42,quarterly,68.18,3,1.0,,0.0,,0.0,0.5279439064374231
POL-017314,INS-00152,2024-01-25,2023-12-21,2024-12-20,AL,5,3.7,11,40.1,3.0,124.9,trucking,ca,1,0,11397.83,250,100,6121.64,annual,85.95,1,0.0,,0.0,,0.0,0.37564775326339844
POL-015814,INS-00002,2023-06-14,2023-02-25,2024-02-25,APD,8,3.1,4,45.4,2.0,261.2,trucking,oh,1,0,8925.06,5000,300,3397.64,monthly,99.34,0,1.0,,0.0,,0.0,0.6372082727009994
POL-017315,INS-00293,2023-05-06,2023-04-07,2024-04-06,AL,8,3.5,7,34.9,4.1,128.2,retail,pa,0,0,0.0,250,1000,14037.8,monthly,44.28,0,0.0,,0.0,,0.0,0.35420541000477973
POL-015815,INS-00029,2024-02-09,2023-09-15,2024-09-14,APD,7,8.5,5,0.0,1.0,138.2,trucking,ca,1,0,13481.2,5000,100,5446.06,monthly,71.84,1,1.0,,0.0,,0.0,0.5432545149774451
POL-015816,INS-00223,2024-05-24,2023-12-14,2024-12-13,APD,8,2.2,7,29.1,3.1,162.4,construction,ny,1,0,17986.9,2500,100,14245.77,quarterly,65.77,1,3.0,,0.0,,0.0,0.5595136702770949
POL-017316,INS-00675,2023-02-22,2022-09-21,2023-09-21,AL,4,4.7,7,41.9,1.4,137.1,construction,il,1,0,1135.22,500,500,13847.73,monthly,9.66,0,1.0,,0.0,,0.0,0.2099167093346043
POL-017317,INS-00428,2023-04-14,2023-04-06,2024-04-05,AL,5,4.6,6,43.9,1.4,152.6,retail,co,1,0,16837.9,500,500,9555.21,annual,13.43,1,0.0,,0.0,,0.0,0.23874902227213388
POL-015817,INS-00509,2024-02-14,2023-09-14,2024-09-13,APD,9,9.2,5,28.1,14.6,313.2,service,nc,1,1,40585.52,5000,500,17725.79,monthly,24.33,1,0.0,,0.0,,0.0,0.4962233227858539
POL-015818,INS-00515,2024-06-20,2024-03-26,2025-03-26,APD,6,6.7,9,49.1,9.3,170.4,trucking,az,1,0,21104.78,5000,100,2441.23,monthly,17.56,0,1.0,,0.0,,0.0,0.372581079259637
POL-017318,INS-00371,2024-01-04,2023-08-13,2024-08-12,AL,8,7.2,8,21.0,1.1,205.9,construction,pa,0,0,0.0,5000,1000,10031.98,quarterly,49.91827464788733,1,2.0,,0.0,,0.0,0.5595050191572253
POL-017319,INS-00724,2023-09-21,2023-04-19,2024-04-18,AL,7,3.7,5,30.4,1.0,98.8,construction,ga,1,0,16051.64,2500,500,9046.82,monthly,20.53,2,3.0,9999-01-01,-999.0,INVALID,-999.0,0.4057747025395464
POL-015819,INS-00110,2023-06-20,2023-06-05,2024-06-04,APD,6,2.0,3,34.2,4.5,549.1,trucking,pa,0,0,0.0,5000,100,8537.31,annual,89.06,1,1.0,,0.0,,0.0,0.5778525098628933
POL-015820,INS-00337,2023-05-27,2023-03-08,2024-03-07,APD,10,4.8,6,0.0,1.4,300.8,construction,ga,0,0,0.0,5000,300,8734.0,quarterly,55.24,1,0.0,,0.0,,0.0,0.5005654714181216
POL-017320,INS-00059,2024-03-01,2023-11-19,2024-11-18,AL,12,4.5,5,58.9,8.4,221.3,trucking,ca,0,0,0.0,2500,1000,12158.93,quarterly,5.09,3,1.0,,0.0,,0.0,0.5810125668111736
POL-017321,INS-00581,2024-05-21,2024-05-10,2025-05-10,AL,10,1.7,7,21.0,40.0,171.4,trucking,fl,1,1,6945.5,1000,300,24629.18,monthly,95.41,0,3.0,9999-01-01,-999.0,INVALID,-999.0,0.6452947426495315
POL-015821,INS-00462,2024-02-23,2023-11-26,2024-11-25,APD,6,4.9,9,46.8,2.8,225.1,retail,co,0,0,0.0,500,500,2777.43,monthly,47.84,1,1.0,,0.0,,0.0,0.3847492752751372
POL-015822,INS-00275,2024-04-29,2024-01-12,2025-01-11,APD,11,6.2,5,29.4,5.2,0.0,construction,oh,1,0,20804.03,250,300,6112.73,annual,90.35,4,1.0,,0.0,,0.0,0.7287324034683451
POL-017322,INS-00628,2023-09-18,2023-06-02,2024-06-01,AL,8,2.4,12,36.4,1.9,362.1,trucking,az,3,1,41002.31,5000,300,6024.16,quarterly,21.95,2,4.0,,0.0,,0.0,0.6571024800093187
POL-017323,INS-00270,2023-06-27,2023-05-15,2024-05-14,AL,11,5.7,6,38.2,1.0,241.3,retail,oh,0,0,0.0,1000,300,15197.04,monthly,57.43,1,0.0,9999-01-01,-999.0,INVALID,-999.0,0.44298697950972077
POL-015823,INS-00691,2023-04-21,2023-03-01,2024-02-29,APD,10,5.5,6,44.9,1.0,0.0,trucking,tx,3,0,56128.22,5000,100,12700.72,monthly,16.59,2,2.0,9999-01-01,-999.0,INVALID,-999.0,0.6464814181046882
POL-015824,INS-00199,2023-02-18,2022-09-19,2023-09-19,APD,10,7.3,6,46.2,5.7,300.5,rideshare,oh,1,0,11946.2,250,300,14883.64,quarterly,48.23,2,1.0,,0.0,,0.0,0.5970160631844328
POL-017324,INS-00474,2023-12-19,2023-07-05,2024-07-04,AL,7,4.6,2,34.1,1.0,230.4,other,tx,1,2,19933.96,1000,1000,11087.69,annual,4.95,3,0.0,9999-01-01,-999.0,INVALID,-999.0,0.47465587038245655
POL-017325,INS-00686,2023-10-07,2023-08-24,2024-08-23,AL,8,1.9,2,36.0,13.2,0.0,trucking,ny,0,0,0.0,5000,1000,14692.06,quarterly,50.22245,3,4.0,,0.0,,0.0,0.7591798699591742
POL-015825,INS-00067,2023-08-09,2023-05-14,2024-05-13,APD,9,2.6,8,41.1,1.0,279.5,retail,az,3,2,16717.64,500,300,10091.21,monthly,70.23,2,0.0,,0.0,,0.0,0.6528117194890496
POL-015826,INS-00741,2024-03-19,2024-01-20,2025-01-19,APD,9,6.6,4,39.2,16.3,305.3,retail,wa,0,1,13852.27,5000,500,9904.44,monthly,1.65,1,0.0,,0.0,,0.0,0.3755743536584553
POL-017326,INS-00342,2023-05-02,2023-02-24,2024-02-24,AL,6,7.8,3,49.5,1.1,112.4,construction,fl,0,0,0.0,1000,500,18483.62,monthly,15.99,1,2.0,,0.0,,0.0,0.3044945641142638
POL-017327,INS-00081,2024-01-10,2023-07-22,2024-07-21,AL,8,3.5,3,36.6,2.6,174.6,retail,tx,0,1,7756.0,2500,300,40000.0,annual,36.34,2,3.0,,0.0,,0.0,0.5040557446294928
POL-015827,INS-00411,2023-02-17,2022-10-24,2023-10-24,APD,11,5.6,4,47.6,9.7,224.5,trucking,tx,1,1,18163.65,250,100,12174.66,monthly,43.67,2,0.0,,0.0,,0.0,0.5733754844622908
POL-015828,INS-00405,2024-02-27,2023-09-21,2024-09-20,APD,8,8.3,5,39.1,3.4,142.4,construction,tx,1,0,11172.07,2500,100,5219.6,missing,51.33,2,0.0,,0.0,,0.0,0.46443522952513255
POL-017328,INS-00565,2024-06-15,2024-01-07,2025-01-06,AL,5,4.9,11,43.3,28.4,171.2,retail,oh,0,0,0.0,5000,500,3592.41,quarterly,20.48,1,1.0,,0.0,,0.0,0.34380663226125535
POL-017329,INS-00001,2023-06-27,2023-04-06,2024-04-05,AL,11,6.4,4,22.3,17.4,321.2,service,pa,0,1,11250.66,250,300,12273.9,annual,31.84,1,0.0,,0.0,,0.0,0.4497601289808134
POL-015829,INS-00494,2024-06-06,2024-06-03,2025-06-03,APD,8,8.6,8,37.4,3.5,110.9,construction,il,2,0,29779.28,250,500,5764.96,annual,56.89,3,1.0,,0.0,,0.0,0.5668833360980403
POL-015830,INS-00356,2023-10-29,2023-08-28,2024-08-27,APD,9,7.2,6,37.8,10.9,289.2,retail,ga,0,0,0.0,1000,300,5099.41,quarterly,46.71,2,1.0,,0.0,,0.0,0.47933900858799433
POL-017330,INS-00561,2024-05-04,2024-04-27,2025-04-27,AL,8,2.9,7,39.7,1.0,263.6,service,co,1,0,5739.74,5000,300,12663.34,quarterly,9.16,4,1.0,,0.0,,0.0,0.45722799330346575
POL-015831,INS-00451,2023-12-16,2023-09-19,2024-09-18,APD,13,8.6,5,22.2,4.4,401.5,service,tx,0,0,0.0,1000,100,11824.0,annual,45.59,1,0.0,,0.0,,0.0,0.630288343085012
POL-017331,INS-00466,2023-07-13,2023-06-03,2024-06-02,AL,6,5.1,2,37.5,7.5,232.2,construction,il,1,1,30954.72,250,100,4387.63,quarterly,14.48,0,3.0,9999-01-01,-999.0,INVALID,-999.0,0.3966919822097884
POL-017332,INS-00544,2024-06-20,2024-02-10,2025-02-09,AL,9,8.4,10,45.2,1.0,288.5,trucking,nc,0,0,0.0,500,500,7520.34,quarterly,80.1,2,1.0,,0.0,,0.0,0.6039972237753296
POL-015832,INS-00383,2023-02-15,2022-09-13,2023-09-13,APD,3,6.3,9,52.3,3.2,32.9,retail,tx,1,0,0.0,250,300,8615.46,annual,17.49,1,0.0,,0.0,,0.0,0.2267971774406307
POL-015833,INS-00478,2023-05-11,2023-01-20,2024-01-20,APD,6,6.1,5,42.2,4.2,125.3,trucking,tx,0,0,0.0,1000,500,7592.53,annual,76.26,1,0.0,,0.0,,0.0,0.4356800051532619
POL-017333,INS-00624,2023-06-25,2023-05-14,2024-05-13,AL,9,4.0,10,47.3,3.9,168.5,trucking,az,0,0,0.0,500,300,8125.03,quarterly,72.38,1,2.0,9999-01-01,-999.0,INVALID,-999.0,0.5544492276049996
POL-017334,INS-00642,2024-01-12,2023-08-01,2024-07-31,AL,6,0.0,6,42.7,1.0,83.0,trucking,az,1,0,13765.04,5000,300,5316.05,monthly,4.77,2,1.0,,0.0,,0.0,0.34671208146973265
POL-015834,INS-00202,2023-03-05,2023-01-24,2024-01-24,APD,7,0.2,4,34.8,9.3,364.6,service,ca,2,0,25886.3,1000,1000,22391.66,annual,49.43019157088123,1,0.0,,0.0,,0.0,0.5326656290425696
POL-015835,INS-00426,2023-12-07,2023-08-24,2024-08-23,APD,2,4.8,3,47.1,8.5,77.1,trucking,pa,0,0,0.0,500,500,7806.66,quarterly,11.73,0,2.0,,0.0,,0.0,0.17335048522455318
POL-017335,INS-00110,2024-06-18,2024-03-21,2025-03-21,AL,4,2.1,7,32.2,1.0,214.6,retail,oh,1,0,41008.43,2500,300,8826.18,monthly,33.45,0,0.0,,0.0,,0.0,0.24916331197122957
POL-017336,INS-00287,2023-05-01,2023-01-16,2024-01-16,AL,4,7.6,1,41.0,1.0,84.0,service,wa,0,1,19828.51,500,500,8162.85,monthly,75.84,2,1.0,,0.0,,0.0,0.40659304013966885
POL-015836,INS-00322,2023-09-01,2023-06-26,2024-06-25,APD,9,1.5,8,40.5,6.7,132.3,retail,ga,0,2,98931.2,2500,100,21823.19,annual,29.75,2,0.0,,0.0,,0.0,0.3357181809086172
POL-017337,INS-00037,2023-02-18,2022-09-26,2023-09-26,AL,12,1.7,3,39.6,1.0,435.7,construction,nc,1,0,10929.49,2500,300,14363.85,monthly,44.61,5,0.0,,0.0,,0.0,0.6120861254293004
POL-015837,INS-00673,2024-06-14,2024-05-19,2025-05-19,APD,8,6.8,3,0.0,11.1,119.6,trucking,az,1,0,15019.48,1000,300,10268.34,annual,71.44,3,2.0,,0.0,,0.0,0.5842166994597853
POL-015838,INS-00681,2023-01-18,2022-08-28,2023-08-28,APD,12,7.5,2,43.4,2.1,261.5,service,co,2,1,59126.07,500,100,13991.92,annual,53.69,3,1.0,9999-01-01,-999.0,INVALID,-999.0,0.672740225981185
POL-017338,INS-00005,2023-03-09,2023-02-01,2024-02-01,AL,4,0.9,9,28.5,13.1,95.7,service,pa,0,0,0.0,500,1000,7524.54,quarterly,79.26,1,0.0,,0.0,,0.0,0.38052128164550725
POL-015839,INS-00324,2024-02-27,2024-02-27,2025-02-26,APD,8,0.4,7,34.8,6.2,337.1,trucking,ga,0,1,11790.77,250,100,8811.14,annual,32.62,1,0.0,,0.0,,0.0,0.4328368901622469
POL-017339,INS-00713,2023-02-08,2022-09-21,2023-09-21,AL,3,9.7,3,37.9,5.0,47.4,retail,fl,0,0,0.0,1000,1000,8705.56,quarterly,23.47,1,0.0,,0.0,,0.0,0.2673427158432351
POL-017340,INS-00374,2024-04-11,2024-04-05,2025-04-05,AL,6,8.0,6,42.4,26.7,246.7,other,az,0,0,0.0,2500,1000,7603.48,quarterly,83.54,0,2.0,,0.0,,0.0,0.5242432865525279
POL-015840,INS-00200,2024-03-17,2024-01-31,2025-01-30,APD,13,5.2,4,35.2,7.2,380.9,retail,ca,0,0,0.0,1000,300,6239.95,annual,56.99,4,1.0,,0.0,,0.0,0.618687373209983
POL-015841,INS-00609,2023-05-03,2023-01-23,2024-01-23,APD,9,10.7,5,45.2,6.0,315.6,trucking,il,0,0,0.0,5000,300,10526.04,quarterly,14.73,2,0.0,,0.0,,0.0,0.42387490152403734
POL-017341,INS-00456,2023-10-19,2023-07-10,2024-07-09,AL,7,6.8,2,0.0,25.6,218.0,trucking,tx,2,0,20119.35,5000,300,11378.03,quarterly,97.38,0,2.0,9999-01-01,-999.0,INVALID,-999.0,0.6077906631565194
POL-017342,INS-00101,2024-03-07,2023-11-01,2024-10-31,AL,11,4.5,10,0.0,4.6,369.4,trucking,il,0,0,0.0,250,300,22787.73,annual,98.55,3,0.0,,0.0,,0.0,0.6409226077569921
POL-015842,INS-00493,2023-04-14,2023-03-08,2024-03-07,APD,6,5.6,2,33.2,12.6,246.0,service,pa,0,1,10816.73,5000,300,12618.21,monthly,7.51,2,0.0,,0.0,,0.0,0.29724067675293653
POL-015843,INS-00647,2023-08-04,2023-06-16,2024-06-15,APD,9,4.2,13,23.7,2.4,244.6,other,pa,1,0,4808.9,500,500,6490.26,quarterly,2.3,1,1.0,,0.0,,0.0,0.4058786916107251
POL-017343,INS-00386,2023-09-30,2023-07-03,2024-07-02,AL,9,5.1,6,33.5,13.2,280.2,service,il,1,1,60910.06,250,300,11113.38,quarterly,3.39,1,1.0,,0.0,,0.0,0.43093248534691186
POL-017344,INS-00500,2023-10-01,2023-07-06,2024-07-05,AL,6,6.3,6,51.7,15.8,145.5,service,ga,2,0,22633.78,250,1000,17315.93,quarterly,19.77,1,0.0,,0.0,,0.0,0.3257959119483647
POL-015844,INS-00112,2023-07-27,2023-03-01,2024-02-29,APD,6,2.5,2,44.3,37.7,130.5,retail,wa,0,0,0.0,250,500,4727.96,annual,7.97,1,2.0,,0.0,,0.0,0.27935469558749754
POL-015845,INS-00646,2023-07-29,2023-05-04,2024-05-03,APD,7,7.9,7,42.9,12.5,122.4,retail,pa,0,0,0.0,1000,100,8697.59,quarterly,23.37,2,1.0,,0.0,,0.0,0.3369823995573076
POL-017345,INS-00041,2024-05-14,2024-04-04,2025-04-04,AL,4,5.8,5,49.6,1.9,32.1,construction,tx,0,0,0.0,2500,1000,8357.51,quarterly,58.77,1,1.0,,0.0,,0.0,0.42162108134856585
POL-017346,INS-00175,2023-05-25,2023-04-06,2024-04-05,AL,5,0.0,5,27.4,38.6,142.9,retail,il,1,0,22787.3,5000,500,15613.03,missing,66.33,2,0.0,,0.0,,0.0,0.4336308522439788
POL-015846,INS-00571,2023-03-24,2023-01-08,2024-01-08,APD,9,5.7,8,25.3,4.5,341.7,trucking,fl,1,0,0.0,5000,1000,12366.11,quarterly,18.0,4,1.0,,0.0,,0.0,0.46792726469673795
POL-015847,INS-00507,2024-04-25,2024-01-05,2025-01-04,APD,14,5.0,1,50.9,15.9,431.4,retail,tx,4,0,105612.2,1000,1000,9434.82,monthly,98.69,3,3.0,,0.0,,0.0,0.8614277488191634
POL-017347,INS-00048,2023-07-19,2023-04-18,2024-04-17,AL,5,1.6,8,47.5,1.2,72.8,retail,il,2,0,58322.1,250,100,9636.02,annual,61.79,0,0.0,,0.0,,0.0,0.2916844594428101
POL-017348,INS-00412,2023-03-31,2022-12-31,2023-12-31,AL,9,3.0,4,42.9,3.8,100.5,construction,pa,2,0,21107.26,5000,500,11840.09,annual,22.68,1,0.0,,0.0,,0.0,0.398761389422198
POL-015848,INS-00520,2023-01-15,2022-11-26,2023-11-26,APD,9,3.2,6,34.2,19.3,217.8,construction,az,0,0,0.0,1000,1000,14568.68,annual,2.88,1,2.0,,0.0,,0.0,0.39326378077830065
POL-017349,INS-00011,2023-08-10,2023-06-29,2024-06-28,AL,7,3.5,9,37.4,8.4,79.4,trucking,ca,0,1,3644.61,5000,300,12416.4,quarterly,35.54,3,1.0,,0.0,,0.0,0.5635213060796228
POL-015849,INS-00496,2024-04-28,2023-12-12,2024-12-11,APD,18,3.6,10,53.3,1.1,327.6,construction,tx,3,1,11323.39,500,500,6008.35,missing,37.63,1,0.0,,0.0,,0.0,0.7474212453251938
POL-015850,INS-00315,2023-03-08,2023-02-28,2024-02-28,APD,10,7.6,4,0.0,9.0,542.3,retail,oh,1,0,22010.69,5000,300,4137.69,monthly,15.57,2,0.0,,0.0,,0.0,0.5501101645516313
POL-017350,INS-00298,2023-11-28,2023-10-22,2024-10-21,AL,2,7.5,10,46.0,1.4,85.3,retail,pa,0,0,0.0,500,300,19374.73,monthly,55.96,0,0.0,9999-01-01,-999.0,INVALID,-999.0,0.1902041486744285
POL-015851,INS-00067,2024-06-27,2024-03-04,2025-03-04,APD,12,4.2,5,45.7,9.6,687.3,service,ca,2,1,120600.3,250,100,3023.36,monthly,92.31,1,4.0,,0.0,,0.0,0.8467807679762719
POL-017351,INS-00323,2024-06-26,2024-04-13,2025-04-13,AL,11,8.6,7,50.3,3.0,407.5,construction,pa,1,0,22896.98,2500,300,8345.49,annual,49.91827464788733,1,1.0,9999-01-01,-999.0,INVALID,-999.0,0.5285882889614011
POL-017352,INS-00612,2024-05-06,2024-01-26,2025-01-25,AL,8,3.8,8,44.5,18.1,172.7,construction,oh,1,0,1039.87,500,300,8649.07,monthly,22.27,1,0.0,,0.0,,0.0,0.3065860845839695
POL-015852,INS-00381,2023-07-07,2023-02-11,2024-02-11,APD,6,4.1,5,34.7,8.0,73.8,construction,nc,0,1,5896.79,1000,300,7728.33,monthly,39.76,0,2.0,,0.0,,0.0,0.39091146888048883
POL-015853,INS-00101,2023-07-03,2023-01-23,2024-01-23,APD,7,10.0,7,59.0,26.4,109.5,trucking,ca,1,0,0.0,1000,300,16355.75,annual,69.67,1,0.0,,0.0,,0.0,0.5167057658391788
POL-017353,INS-00076,2023-06-11,2023-05-03,2024-05-02,AL,9,3.9,7,36.8,5.6,316.6,trucking,ga,1,0,5360.25,5000,500,7419.97,quarterly,41.96,5,1.0,,0.0,,0.0,0.6551339284863805
POL-017354,INS-00463,2023-01-09,2022-09-02,2023-09-02,AL,11,8.9,12,43.0,2.7,208.1,service,fl,1,0,10221.96,2500,500,15082.9,quarterly,48.86,2,0.0,,0.0,,0.0,0.5120341105774946
POL-015854,INS-00174,2023-12-19,2023-12-16,2024-12-15,APD,10,3.8,4,39.9,2.7,307.1,rideshare,pa,0,1,19448.66,1000,500,9033.23,monthly,88.23,1,0.0,9999-01-01,-999.0,INVALID,-999.0,0.6151236339761613
POL-015855,INS-00181,2024-06-15,2024-02-18,2025-02-17,APD,7,1.9,5,37.1,7.1,198.9,trucking,fl,0,0,0.0,2500,300,7833.28,monthly,11.36,0,0.0,,0.0,,0.0,0.31318003381886705
POL-017355,INS-00071,2023-09-29,2023-05-23,2024-05-22,AL,7,2.2,5,47.3,5.9,233.2,trucking,ny,0,0,0.0,5000,300,14248.49,quarterly,1.34,0,0.0,,0.0,,0.0,0.3486054105966964
POL-017356,INS-00255,2024-04-28,2023-12-20,2024-12-19,AL,10,4.0,4,49.5,11.4,233.9,trucking,ga,0,1,9204.99,500,100,6499.52,monthly,28.85,1,0.0,,0.0,,0.0,0.44846244264864843
POL-015856,INS-00074,2024-04-27,2023-11-11,2024-11-10,APD,7,5.0,3,33.0,15.7,228.7,retail,fl,1,0,14752.85,500,1000,4740.16,quarterly,83.75,1,0.0,,0.0,,0.0,0.5196187756039676
POL-017357,INS-00407,2023-05-25,2023-04-17,2024-04-16,AL,8,0.7,7,32.8,28.3,217.1,trucking,nc,1,1,16240.7,1000,500,40000.0,monthly,66.06,4,1.0,,0.0,,0.0,0.615774434013206
POL-015857,INS-00713,2023-06-14,2023-04-06,2024-04-05,APD,6,7.5,2,37.5,1.0,0.0,service,oh,1,0,28165.74,1000,300,11566.75,annual,51.82,1,0.0,,0.0,,0.0,0.5189736164982673
POL-015858,INS-00432,2024-01-06,2023-08-17,2024-08-16,APD,12,5.2,8,27.0,3.7,389.9,trucking,pa,0,0,0.0,250,500,16861.56,annual,50.350069284064666,1,0.0,,0.0,,0.0,0.6113607932869224
POL-017358,INS-00589,2023-09-24,2023-08-04,2024-08-03,AL,9,2.4,5,44.4,3.2,500.9,trucking,oh,1,0,14942.57,2500,300,5139.3,annual,14.12,1,0.0,,0.0,,0.0,0.43434325518417477
POL-015859,INS-00448,2023-05-27,2023-04-13,2024-04-12,APD,8,3.6,7,35.0,1.7,264.6,trucking,ny,4,0,31005.77,5000,1000,6634.94,quarterly,52.27,2,0.0,,0.0,,0.0,0.6106716622173377
POL-017359,INS-00462,2023-10-31,2023-05-24,2024-05-23,AL,8,5.6,10,39.9,38.9,196.5,trucking,tx,2,0,21149.68,1000,500,17034.03,monthly,31.06,2,2.0,,0.0,,0.0,0.4505588627526714
POL-015860,INS-00293,2023-01-01,2022-08-09,2023-08-09,APD,10,5.6,8,46.4,15.5,115.9,trucking,ga,3,1,45142.9,500,500,5606.95,annual,22.3,2,3.0,,0.0,,0.0,0.6110450181058632
POL-017360,INS-00707,2023-11-28,2023-10-12,2024-10-11,AL,10,8.1,3,30.4,2.6,279.6,other,ny,1,0,11639.06,1000,1000,12565.68,annual,45.134166666666665,0,1.0,,0.0,,0.0,0.46279685069563237
POL-017361,INS-00239,2024-01-17,2023-08-07,2024-08-06,AL,3,5.4,8,43.5,1.0,93.6,service,tx,0,0,0.0,5000,500,9172.72,annual,79.11,0,1.0,,0.0,,0.0,0.3181639491629626
POL-015861,INS-00140,2023-11-23,2023-07-30,2024-07-29,APD,8,2.8,4,44.3,3.0,189.0,trucking,nc,1,2,24894.85,250,100,4347.44,annual,59.6,0,1.0,,0.0,,0.0,0.535487567350902
POL-015862,INS-00683,2023-03-27,2022-11-15,2023-11-15,APD,11,2.5,7,24.0,19.7,326.2,trucking,ny,0,0,0.0,1000,100,6722.15,monthly,82.11,2,1.0,,0.0,,0.0,0.6268147332664701
POL-017362,INS-00438,2024-02-27,2024-02-13,2025-02-12,AL,11,1.0,14,49.8,10.9,0.0,construction,co,2,1,30773.76,2500,1000,8994.68,annual,92.18,3,1.0,,0.0,,0.0,0.7968766009756001
POL-017363,INS-00089,2023-09-06,2023-03-27,2024-03-26,AL,10,2.3,1,32.7,11.0,273.9,service,pa,1,1,23400.98,500,100,5738.42,quarterly,80.89,1,1.0,,0.0,,0.0,0.5927170311335476
POL-015863,INS-00421,2024-04-25,2024-03-16,2025-03-16,APD,5,6.1,11,45.1,3.1,409.5,construction,fl,0,1,0.0,1000,300,5299.49,annual,63.52,1,2.0,9999-01-01,-999.0,INVALID,-999.0,0.4841884489190836
POL-015864,INS-00385,2024-01-30,2023-12-19,2024-12-18,APD,12,2.4,6,28.3,3.8,436.5,service,wa,0,1,15160.94,500,500,7759.04,monthly,66.64,2,1.0,,0.0,,0.0,0.6589228945224247
POL-017364,INS-00050,2023-06-02,2023-01-24,2024-01-24,AL,8,3.7,4,64.2,7.6,124.2,service,ca,1,0,14594.48,500,500,9731.27,quarterly,1.0,0,0.0,,0.0,,0.0,0.2810959176523843
POL-017365,INS-00370,2023-04-02,2022-12-02,2023-12-02,AL,8,4.2,4,36.5,6.2,223.0,retail,ny,0,1,4821.84,500,1000,21306.72,annual,83.34,3,1.0,,0.0,,0.0,0.6153560375386169
POL-015865,INS-00516,2024-02-04,2023-12-15,2024-12-14,APD,9,2.3,6,47.5,1.2,249.5,service,tx,1,2,9630.75,250,300,15709.88,annual,78.35,2,4.0,,0.0,,0.0,0.6807831943746764
POL-015866,INS-00492,2024-02-18,2023-12-25,2024-12-24,APD,8,3.7,4,45.3,1.8,155.9,service,tx,0,1,3899.37,250,100,9181.73,annual,40.28,2,0.0,,0.0,,0.0,0.41218170877469573
POL-017366,INS-00126,2023-11-01,2023-06-14,2024-06-13,AL,4,7.8,10,37.1,1.8,69.3,other,ny,0,0,0.0,5000,300,7977.59,monthly,32.75,1,1.0,,0.0,,0.0,0.28097191480071004
POL-017367,INS-00322,2023-01-01,2022-11-16,2023-11-16,AL,8,3.7,4,28.8,1.9,129.3,construction,ga,1,0,21227.73,250,300,11920.11,annual,65.8,0,2.0,9999-01-01,-999.0,INVALID,-999.0,0.4231644675477548
POL-015867,INS-00650,2024-06-14,2024-05-16,2025-05-16,APD,7,6.4,5,44.5,1.9,106.6,service,co,0,0,0.0,250,100,10478.19,annual,11.09,1,0.0,,0.0,,0.0,0.3184912911096883
POL-015868,INS-00381,2023-02-12,2022-09-15,2023-09-15,APD,9,5.8,3,39.9,19.8,239.8,service,il,1,0,10732.92,2500,300,4429.76,quarterly,57.97,2,1.0,,0.0,,0.0,0.5456826776182868
POL-017368,INS-00448,2024-04-20,2023-12-16,2024-12-15,AL,11,2.6,12,32.7,12.2,311.1,service,tx,3,1,158209.14,5000,500,8551.78,quarterly,31.99,2,4.0,,0.0,,0.0,0.7355948598976159
POL-015869,INS-00066,2023-02-19,2022-12-27,2023-12-27,APD,7,6.7,7,40.5,1.0,124.7,construction,ga,2,0,0.0,500,1000,5622.75,annual,49.768,2,0.0,,0.0,,0.0,0.48778487398358084
POL-017369,INS-00265,2023-05-28,2023-02-07,2024-02-07,AL,8,3.6,3,35.4,1.0,209.4,retail,tx,1,0,5248.62,2500,1000,9461.93,monthly,23.12,1,1.0,,0.0,,0.0,0.39448237835020117
POL-017370,INS-00385,2023-11-18,2023-06-21,2024-06-20,AL,7,2.9,4,31.2,2.1,292.3,trucking,az,0,0,0.0,1000,500,12969.13,quarterly,10.96,1,0.0,,0.0,,0.0,0.3719308082856722
POL-015870,INS-00070,2023-10-23,2023-05-19,2024-05-18,APD,9,0.0,6,24.9,3.1,249.1,retail,az,1,1,8366.66,2500,500,6407.39,quarterly,72.31,1,0.0,,0.0,,0.0,0.5259875579657356
POL-015871,INS-00685,2023-11-06,2023-08-03,2024-08-02,APD,2,4.5,11,39.8,13.8,42.9,trucking,wa,0,1,57583.91,2500,500,14228.59,quarterly,66.68,1,4.0,9999-01-01,-999.0,INVALID,-999.0,0.2813541107085701
POL-017371,INS-00708,2023-11-12,2023-09-29,2024-09-28,AL,8,4.3,5,44.5,2.2,95.8,trucking,ga,2,1,8432.25,2500,1000,14127.96,annual,54.5,3,0.0,,0.0,,0.0,0.5843802638366362
POL-017372,INS-00175,2023-10-24,2023-10-23,2024-10-22,AL,12,4.3,4,35.8,3.5,0.0,service,oh,1,1,45098.76,500,300,31727.4,annual,62.73,0,0.0,,0.0,,0.0,0.6059850666773117
POL-015872,INS-00302,2023-03-17,2022-12-24,2023-12-24,APD,10,5.3,3,36.1,3.3,178.0,retail,pa,0,1,45032.74,250,1000,4553.73,monthly,82.41,2,0.0,9999-01-01,-999.0,INVALID,-999.0,0.54303418153014
POL-015873,INS-00273,2024-04-24,2024-03-25,2025-03-25,APD,6,3.0,2,48.6,7.6,204.3,construction,tx,1,0,5038.1,2500,1000,2091.72,quarterly,67.08,3,0.0,,0.0,,0.0,0.4246391234927028
POL-017373,INS-00545,2023-12-31,2023-10-29,2024-10-28,AL,6,6.8,4,40.0,12.0,142.0,service,fl,1,1,0.0,1000,300,25275.82,quarterly,76.75,0,0.0,,0.0,,0.0,0.42545072330447886
POL-017374,INS-00675,2024-01-27,2024-01-01,2024-12-31,AL,12,7.4,6,32.7,1.1,159.2,trucking,nc,2,1,17743.31,1000,1000,4777.03,monthly,35.85,2,0.0,,0.0,,0.0,0.592478756828924
POL-015874,INS-00274,2023-10-05,2023-06-25,2024-06-24,APD,6,5.9,6,30.1,1.0,315.7,trucking,tx,1,0,38652.3,1000,1000,8835.05,monthly,62.58,0,3.0,,0.0,,0.0,0.5779314656952215
POL-015875,INS-00691,2024-06-05,2024-03-04,2025-03-04,APD,14,7.2,7,43.3,3.6,740.6,construction,oh,3,0,83099.26,250,300,4673.98,annual,87.79,1,0.0,,0.0,,0.0,0.868976402146894
POL-017375,INS-00411,2023-11-02,2023-11-01,2024-10-31,AL,7,4.8,7,33.5,1.8,0.0,trucking,ny,1,0,7132.0,500,500,17557.14,annual,49.69,1,1.0,,0.0,,0.0,0.5067503654913837
POL-017376,INS-00005,2023-01-05,2022-12-12,2023-12-12,AL,10,3.2,3,56.8,16.7,165.7,service,wa,0,0,0.0,2500,1000,9314.88,monthly,67.6,4,1.0,,0.0,,0.0,0.5841716426041392
POL-015876,INS-00176,2024-05-07,2024-03-10,2025-03-10,APD,7,6.3,4,0.0,5.7,256.0,retail,il,2,0,0.0,5000,500,7620.69,monthly,50.65,0,0.0,9999-01-01,-999.0,INVALID,-999.0,0.5034643428534222
POL-015877,INS-00231,2023-12-02,2023-07-24,2024-07-23,APD,5,9.1,3,45.6,1.9,136.5,retail,ca,0,0,0.0,500,100,6267.12,monthly,82.94,0,3.0,,0.0,,0.0,0.49379435801793164
POL-017377,INS-00383,2024-04-26,2024-02-28,2025-02-27,AL,14,4.7,1,24.5,18.5,579.5,trucking,nc,1,0,3750.52,500,300,11084.72,quarterly,51.51,2,0.0,,0.0,,0.0,0.6750788200339464
POL-017378,INS-00225,2024-06-27,2024-01-10,2025-01-09,AL,12,5.2,9,32.7,7.8,266.0,construction,ny,0,2,0.0,250,300,9518.74,monthly,63.18,2,0.0,,0.0,,0.0,0.6276977000166246
POL-015878,INS-00713,2023-05-19,2022-12-20,2023-12-20,APD,5,1.8,6,47.4,10.6,83.5,retail,ga,0,0,0.0,5000,500,13061.12,monthly,99.56,0,2.0,,0.0,,0.0,0.4401547568166323
POL-015879,INS-00673,2023-02-24,2022-10-14,2023-10-14,APD,12,6.5,6,35.7,2.7,118.9,trucking,il,5,0,35215.18,2500,300,14460.88,monthly,65.99,1,1.0,,0.0,,0.0,0.7902860755465272
POL-017379,INS-00599,2024-04-16,2024-01-14,2025-01-13,AL,8,6.3,7,34.3,2.7,359.8,trucking,ga,0,2,9201.08,5000,500,40000.0,annual,79.83,2,1.0,,0.0,,0.0,0.7162910837098203
POL-015880,INS-00519,2024-04-27,2024-03-08,2025-03-08,APD,12,4.7,2,31.6,5.4,600.0,other,ga,2,0,32420.43,5000,1000,15249.17,annual,31.99,2,0.0,,0.0,,0.0,0.6714542140222519
POL-017380,INS-00384,2023-03-14,2022-09-20,2023-09-20,AL,15,6.5,5,46.1,3.7,263.1,service,ga,0,2,11907.89,500,300,5197.15,monthly,54.43,5,1.0,,0.0,,0.0,0.7315348620911559
POL-015881,INS-00136,2024-03-16,2023-11-17,2024-11-16,APD,9,0.1,4,43.5,1.1,530.6,trucking,tx,2,0,54524.1,5000,100,11000.47,quarterly,29.22,2,1.0,,0.0,,0.0,0.5727561227349988
POL-017381,INS-00715,2023-05-21,2023-03-01,2024-02-29,AL,6,3.5,7,23.2,1.0,200.3,other,ca,1,1,20878.5,500,300,27452.91,quarterly,55.88,1,0.0,,0.0,,0.0,0.4334142507050451
POL-017382,INS-00215,2024-04-06,2024-03-23,2025-03-23,AL,8,0.7,5,0.0,3.2,337.7,trucking,il,0,1,2313.37,500,300,9158.77,quarterly,36.61,2,0.0,,0.0,,0.0,0.5267043279082896
POL-015882,INS-00695,2023-02-18,2022-12-15,2023-12-15,APD,6,7.2,5,38.7,36.1,178.6,retail,co,0,0,0.0,250,100,9738.45,annual,90.38,3,0.0,,0.0,,0.0,0.44503229898792607
POL-017383,INS-00176,2024-04-28,2023-11-06,2024-11-05,AL,4,4.6,3,35.5,1.3,285.9,retail,oh,0,0,0.0,1000,100,10485.62,quarterly,92.07,0,0.0,,0.0,,0.0,0.366347998207708
POL-015883,INS-00112,2023-07-21,2023-06-06,2024-06-05,APD,6,4.2,5,43.2,2.9,272.8,service,il,1,1,12907.38,500,300,21641.64,quarterly,49.43019157088123,2,0.0,,0.0,,0.0,0.43854719367861167
POL-017384,INS-00022,2023-12-09,2023-09-28,2024-09-27,AL,9,5.4,14,40.2,3.9,197.8,trucking,tx,0,2,32620.81,1000,1000,7829.72,quarterly,87.36,0,2.0,,0.0,,0.0,0.7397124204408613
POL-015884,INS-00560,2023-04-15,2022-12-27,2023-12-27,APD,8,6.0,8,35.2,21.8,368.7,construction,az,0,0,0.0,5000,300,7009.6,annual,74.47,1,1.0,,0.0,,0.0,0.5510914564813201
POL-017385,INS-00354,2024-04-11,2024-03-13,2025-03-13,AL,8,3.7,6,33.1,1.0,176.5,retail,wa,0,0,0.0,1000,1000,14832.2,quarterly,92.88,1,0.0,,0.0,,0.0,0.5454519067759426
POL-015885,INS-00598,2024-02-13,2023-09-06,2024-09-05,APD,3,0.1,5,44.2,14.2,71.3,retail,ga,0,0,0.0,5000,100,10062.17,monthly,22.4,0,0.0,,0.0,,0.0,0.16771448577564171
POL-017386,INS-00384,2023-11-15,2023-07-13,2024-07-12,AL,6,2.6,8,36.9,2.8,195.7,trucking,az,0,0,0.0,250,300,18010.87,monthly,48.97,2,0.0,,0.0,,0.0,0.3623473298581139
POL-015886,INS-00515,2024-02-25,2023-09-07,2024-09-06,APD,4,0.0,5,26.3,13.4,70.1,rideshare,ny,0,0,0.0,1000,500,9314.99,monthly,44.45,1,0.0,,0.0,,0.0,0.24880785229467547
POL-015887,INS-00672,2023-06-12,2023-06-05,2024-06-04,APD,11,5.8,7,46.7,4.8,601.0,trucking,nc,2,0,47780.14,500,300,5729.17,monthly,78.43,1,2.0,,0.0,,0.0,0.8080707515650657
POL-017387,INS-00698,2024-03-21,2024-01-23,2025-01-22,AL,10,4.3,4,39.5,9.8,112.4,retail,ga,1,0,15539.86,5000,300,6263.87,quarterly,88.49,1,2.0,,0.0,,0.0,0.6247712843767191
POL-015888,INS-00663,2023-04-20,2023-04-10,2024-04-09,APD,8,5.4,8,37.8,26.9,263.3,other,tx,0,1,14395.8,500,300,8575.8,annual,49.54,2,0.0,,0.0,,0.0,0.4317855070666254
POL-017388,INS-00687,2024-05-29,2024-01-29,2025-01-28,AL,9,3.6,1,30.1,7.4,183.2,service,ga,1,0,9409.01,5000,300,23179.6,annual,10.84,3,1.0,,0.0,,0.0,0.40485846939703113
POL-015889,INS-00703,2024-02-20,2024-01-29,2025-01-28,APD,9,0.6,5,42.0,24.2,380.6,retail,fl,1,0,4980.05,2500,300,4991.93,quarterly,49.46,0,0.0,9999-01-01,-999.0,INVALID,-999.0,0.5115521869651174
POL-017389,INS-00314,2023-08-01,2023-02-15,2024-02-15,AL,12,9.7,7,39.2,9.3,763.7,retail,fl,1,1,10730.72,2500,300,24805.4,monthly,75.94,2,1.0,,0.0,,0.0,0.7359686928790008
POL-017390,INS-00517,2024-05-24,2023-11-27,2024-11-26,AL,14,0.7,6,0.0,11.9,376.5,service,az,0,2,7466.07,2500,300,32846.13,quarterly,91.11,3,0.0,,0.0,,0.0,0.7921959349353868
POL-015890,INS-00645,2023-08-02,2023-05-12,2024-05-11,APD,9,5.4,10,41.2,10.5,165.9,construction,ca,2,1,36211.74,250,1000,3929.68,quarterly,64.29,5,0.0,,0.0,,0.0,0.5418710784447567
POL-015891,INS-00633,2023-03-25,2022-10-17,2023-10-17,APD,9,4.3,7,42.6,15.9,234.6,retail,az,0,1,0.0,5000,500,5250.75,monthly,3.89,3,2.0,,0.0,,0.0,0.3642765380398517
POL-017391,INS-00278,2023-12-22,2023-07-18,2024-07-17,AL,6,4.4,7,36.3,11.0,163.1,trucking,fl,0,0,0.0,500,1000,3000.0,monthly,92.99,0,0.0,,0.0,,0.0,0.455143001272105
POL-017392,INS-00157,2024-01-30,2023-12-24,2024-12-23,AL,4,4.6,4,31.4,4.3,125.6,retail,fl,1,0,2010.35,500,300,8405.5,quarterly,99.18,2,0.0,,0.0,,0.0,0.41555773539681096
POL-015892,INS-00184,2023-02-14,2022-11-22,2023-11-22,APD,8,2.0,7,53.9,1.0,162.4,construction,nc,0,0,0.0,2500,300,7263.09,monthly,22.27,0,1.0,,0.0,,0.0,0.37093930100958467
POL-015893,INS-00587,2023-08-05,2023-07-22,2024-07-21,APD,9,4.6,6,26.2,6.0,132.3,retail,tx,2,0,12080.13,2500,300,11294.09,monthly,45.36,0,3.0,,0.0,,0.0,0.6019216947758272
POL-017393,INS-00320,2023-09-11,2023-08-11,2024-08-10,AL,10,5.0,3,25.1,12.9,0.0,trucking,ny,1,1,27399.99,1000,300,20637.63,quarterly,93.52,5,1.0,,0.0,,0.0,0.8222825024574365
POL-017394,INS-00703,2023-03-21,2023-02-22,2024-02-22,AL,11,9.9,7,33.0,1.0,328.4,retail,fl,0,2,22811.59,500,300,25610.19,annual,44.42,1,0.0,,0.0,,0.0,0.5614932595677047
POL-015894,INS-00514,2023-05-10,2023-03-01,2024-02-29,APD,7,4.7,9,52.3,9.9,242.5,retail,az,1,0,9180.78,5000,100,5227.15,monthly,50.13297619047619,3,1.0,,0.0,,0.0,0.45819357951757755
POL-015895,INS-00028,2023-12-07,2023-08-31,2024-08-30,APD,9,5.0,14,56.9,2.6,180.6,trucking,co,0,1,10979.84,1000,300,6596.12,monthly,33.43,4,3.0,,0.0,,0.0,0.496154008130715
POL-017395,INS-00216,2023-01-13,2022-08-04,2023-08-04,AL,9,4.6,6,41.3,1.0,183.0,service,il,0,0,0.0,2500,500,19692.74,quarterly,27.39,4,3.0,,0.0,,0.0,0.5362136608114568
POL-017396,INS-00159,2023-02-20,2023-02-13,2024-02-13,AL,11,2.7,5,35.8,3.4,320.0,trucking,wa,2,0,0.0,2500,300,7772.03,monthly,4.86,1,0.0,,0.0,,0.0,0.40584657742749786
POL-015896,INS-00217,2023-03-27,2023-01-20,2024-01-20,APD,14,7.2,1,34.7,1.0,456.6,retail,wa,0,1,18556.3,2500,100,13597.69,annual,49.74,2,0.0,9999-01-01,-999.0,INVALID,-999.0,0.6592846187050729
POL-015897,INS-00531,2024-01-19,2023-11-07,2024-11-06,APD,4,0.5,3,35.0,25.6,85.5,construction,ca,0,0,0.0,5000,100,8968.86,quarterly,54.75,1,1.0,,0.0,,0.0,0.2602083609743371
POL-017397,INS-00500,2024-03-17,2023-10-12,2024-10-11,AL,8,7.5,6,43.2,1.8,191.1,construction,nc,0,0,0.0,2500,100,8438.54,monthly,2.52,1,0.0,,0.0,,0.0,0.27852642150905194
POL-017398,INS-00448,2023-01-26,2022-09-19,2023-09-19,AL,7,5.9,3,44.3,1.9,157.1,retail,az,0,0,0.0,250,500,11114.73,monthly,95.21,1,1.0,,0.0,,0.0,0.45243299223282524
POL-015898,INS-00725,2024-04-10,2023-12-23,2024-12-22,APD,9,6.9,10,47.9,30.2,170.4,construction,wa,0,0,0.0,2500,300,12430.1,annual,91.58,1,0.0,,0.0,,0.0,0.5528646332465817
POL-015899,INS-00436,2023-03-27,2023-02-13,2024-02-13,APD,6,3.9,6,31.0,4.8,210.5,other,oh,1,1,24670.25,5000,300,7692.04,annual,23.1,2,0.0,,0.0,,0.0,0.32337703089783554
POL-017399,INS-00338,2023-04-05,2022-12-19,2023-12-19,AL,7,3.2,7,22.3,14.9,321.1,retail,ga,2,0,10920.22,250,300,10163.33,annual,8.35,1,0.0,,0.0,,0.0,0.2776050015503655
POL-017400,INS-00525,2023-10-01,2023-05-02,2024-05-01,AL,7,5.4,10,46.5,4.8,269.4,other,ny,2,0,31147.56,500,100,9637.49,monthly,7.9,1,1.0,,0.0,,0.0,0.28207698636051315
POL-015900,INS-00249,2023-07-30,2023-03-18,2024-03-17,APD,9,3.7,4,51.6,1.0,241.3,trucking,co,2,1,70967.12,5000,1000,3470.15,quarterly,57.59,0,4.0,,0.0,,0.0,0.6321808272010481
POL-015901,INS-00436,2024-02-26,2023-12-28,2024-12-27,APD,8,3.4,6,44.4,1.1,163.1,trucking,fl,1,0,31049.71,1000,100,13364.69,monthly,0.32,2,0.0,,0.0,,0.0,0.36340684855503474
POL-017401,INS-00276,2023-10-27,2023-07-25,2024-07-24,AL,10,4.1,7,48.0,7.3,257.7,service,pa,1,0,8124.3,1000,300,19287.91,quarterly,12.18,1,1.0,,0.0,,0.0,0.390276670923932
POL-017402,INS-00288,2023-02-20,2022-10-13,2023-10-13,AL,7,5.4,4,35.4,10.2,151.0,other,fl,0,1,15235.96,500,500,13782.09,monthly,58.92,3,4.0,,0.0,,0.0,0.5650881363106891
POL-015902,INS-00020,2024-04-11,2023-12-01,2024-11-30,APD,9,3.2,7,45.3,14.4,98.3,construction,nc,3,1,53004.36,5000,300,4380.02,annual,52.69,1,0.0,9999-01-01,-999.0,INVALID,-999.0,0.545497977132911
POL-015903,INS-00130,2023-10-27,2023-05-19,2024-05-18,APD,13,4.7,5,52.3,19.0,237.7,construction,oh,0,2,9082.03,1000,100,8001.66,annual,8.98,0,0.0,,0.0,,0.0,0.48170821039437467
POL-017403,INS-00159,2024-03-19,2023-11-07,2024-11-06,AL,8,4.7,4,53.6,1.0,167.6,other,wa,2,1,21297.02,5000,500,10190.22,monthly,11.22,2,0.0,,0.0,,0.0,0.4239034103739011
POL-017404,INS-00730,2023-09-26,2023-04-28,2024-04-27,AL,9,4.9,5,28.7,1.0,175.3,retail,az,1,0,15717.04,250,1000,5035.31,quarterly,47.52,1,0.0,,0.0,,0.0,0.46953895515375965
POL-015904,INS-00251,2023-03-08,2022-09-22,2023-09-22,APD,13,0.5,7,42.4,13.9,285.6,construction,ny,3,1,126999.93,5000,300,8523.31,monthly,56.64,1,0.0,,0.0,,0.0,0.6345401961839104
POL-017405,INS-00499,2023-06-03,2023-04-08,2024-04-07,AL,5,5.8,9,33.6,1.2,51.8,construction,fl,0,0,0.0,5000,300,5822.23,monthly,80.69,0,0.0,,0.0,,0.0,0.37205298022282085
POL-015905,INS-00413,2023-12-28,2023-10-16,2024-10-15,APD,8,4.8,3,53.3,5.0,173.6,retail,tx,1,1,19416.42,1000,100,16833.04,quarterly,65.85,4,0.0,,0.0,,0.0,0.48523741734693115
POL-017406,INS-00175,2023-07-17,2023-05-20,2024-05-19,AL,11,7.9,5,45.3,23.0,311.5,other,ny,3,1,67985.21,2500,1000,16765.75,annual,4.54,0,0.0,,0.0,,0.0,0.4842209610418811
POL-015906,INS-00727,2023-06-27,2023-06-08,2024-06-07,APD,4,10.6,5,33.6,3.1,0.0,trucking,ca,1,0,1737.91,250,500,9219.4,monthly,67.43,2,0.0,,0.0,,0.0,0.5073852474029458
POL-015907,INS-00450,2023-07-31,2023-03-12,2024-03-11,APD,5,6.6,8,28.6,4.5,0.0,construction,nc,0,1,0.0,1000,100,12026.93,monthly,27.15,1,0.0,,0.0,,0.0,0.3657789700472977
POL-017407,INS-00550,2024-06-24,2024-05-28,2025-05-28,AL,5,3.3,7,36.2,2.7,119.7,construction,fl,0,1,6111.32,5000,500,19874.69,monthly,49.91827464788733,1,0.0,,0.0,,0.0,0.40510183556626866
POL-017408,INS-00285,2024-04-15,2024-01-19,2025-01-18,AL,10,2.1,4,36.8,2.5,0.0,retail,co,1,0,28852.93,500,300,5073.2,monthly,94.4,3,2.0,,0.0,,0.0,0.689817484504994
POL-015908,INS-00303,2023-12-01,2023-07-30,2024-07-29,APD,8,6.4,5,30.6,1.5,104.3,construction,ny,1,0,2433.63,2500,300,5553.64,monthly,45.98,0,1.0,9999-01-01,-999.0,INVALID,-999.0,0.5017208757834432
POL-015909,INS-00242,2023-11-24,2023-10-13,2024-10-12,APD,5,3.4,6,49.4,40.0,159.0,retail,co,0,0,0.0,1000,100,11898.59,annual,66.27,2,2.0,,0.0,,0.0,0.37455903987753125
POL-017409,INS-00376,2024-04-02,2023-11-02,2024-11-01,AL,8,1.4,8,38.1,13.8,104.1,rideshare,nc,0,1,3121.4,500,1000,25620.42,monthly,65.86,3,0.0,,0.0,,0.0,0.5373647082373617
POL-015910,INS-00079,2023-10-31,2023-07-17,2024-07-16,APD,5,3.8,2,32.1,2.4,122.7,construction,oh,0,0,0.0,5000,300,13576.98,annual,78.2,0,0.0,,0.0,,0.0,0.3788934796127559
POL-017410,INS-00533,2023-05-24,2023-02-25,2024-02-25,AL,15,8.1,8,30.8,5.9,379.2,construction,fl,3,0,24558.79,1000,500,15776.88,monthly,80.76,2,3.0,,0.0,,0.0,0.7199871273963109
POL-017411,INS-00490,2023-02-06,2023-01-06,2024-01-06,AL,3,6.9,8,45.7,2.3,124.7,service,ga,0,0,0.0,5000,300,32508.63,quarterly,43.42,1,0.0,,0.0,,0.0,0.28073094095209566
POL-015911,INS-00063,2024-05-24,2024-03-22,2025-03-22,APD,7,4.5,4,38.7,2.6,115.5,retail,ny,0,0,0.0,5000,100,7831.06,annual,86.19,2,2.0,,0.0,,0.0,0.4875204511637808
POL-015912,INS-00430,2023-11-20,2023-10-23,2024-10-22,APD,9,4.1,4,37.3,19.5,218.2,construction,fl,0,1,66022.64,5000,1000,8077.92,monthly,11.19,3,0.0,,0.0,,0.0,0.33086860606564583
POL-017412,INS-00299,2023-08-09,2023-05-29,2024-05-28,AL,8,5.0,7,52.3,1.9,275.1,construction,il,0,0,0.0,250,1000,11809.1,quarterly,1.58,1,4.0,,0.0,,0.0,0.45971680070566084
POL-017413,INS-00426,2023-08-16,2023-03-22,2024-03-21,AL,8,4.6,6,41.1,1.0,216.7,retail,il,1,1,59986.53,250,1000,9355.85,annual,65.79,2,0.0,,0.0,,0.0,0.5535012381450906
POL-015913,INS-00226,2023-10-23,2023-08-25,2024-08-24,APD,8,7.1,5,39.4,13.4,134.7,service,tx,0,0,0.0,2500,100,20382.18,quarterly,83.01,2,0.0,,0.0,,0.0,0.4907353920685066
POL-015914,INS-00467,2023-01-04,2022-12-05,2023-12-05,APD,8,2.6,5,35.1,3.7,158.4,service,ny,0,0,0.0,2500,100,7308.9,quarterly,1.35,4,0.0,,0.0,,0.0,0.274365293069457
POL-017414,INS-00583,2023-06-18,2023-04-16,2024-04-15,AL,9,9.9,3,35.8,1.0,197.0,trucking,oh,2,1,69841.61,250,300,15017.6,monthly,88.56,0,0.0,,0.0,,0.0,0.566403703538863
POL-017415,INS-00416,2024-02-14,2023-08-26,2024-08-25,AL,6,0.0,6,41.4,8.0,167.1,other,pa,0,1,0.0,250,1000,10437.27,annual,45.134166666666665,1,0.0,,0.0,,0.0,0.3982462761333758
POL-015915,INS-00388,2023-08-10,2023-02-27,2024-02-27,APD,5,4.0,5,29.4,9.8,326.6,trucking,co,0,0,0.0,250,300,4677.06,quarterly,94.05,2,4.0,,0.0,,0.0,0.5509941907866597
POL-015916,INS-00458,2023-11-28,2023-07-16,2024-07-15,APD,7,10.4,3,0.0,3.9,303.6,service,pa,1,0,4679.12,500,100,19086.14,monthly,53.25,1,0.0,,0.0,,0.0,0.5524151134763022
POL-017416,INS-00044,2024-01-31,2023-10-27,2024-10-26,AL,4,3.4,8,44.1,3.0,144.7,retail,ny,0,0,0.0,2500,300,10870.65,missing,41.98,2,0.0,9999-01-01,-999.0,INVALID,-999.0,0.30214321729190424
POL-017417,INS-00106,2023-01-28,2022-08-23,2023-08-23,AL,7,8.1,4,31.9,2.8,197.6,construction,il,0,0,0.0,5000,500,20775.03,monthly,6.13,0,0.0,,0.0,,0.0,0.2935073690465668
POL-015917,INS-00385,2023-02-10,2022-11-15,2023-11-15,APD,8,7.2,7,40.0,1.0,43.7,construction,oh,0,0,0.0,250,500,8371.94,annual,28.44,3,0.0,9999-01-01,-999.0,INVALID,-999.0,0.37463952975554693
POL-017418,INS-00415,2023-12-01,2023-11-27,2024-11-26,AL,4,6.2,7,21.0,9.1,47.6,trucking,fl,0,0,0.0,250,300,12714.81,quarterly,60.04,0,0.0,,0.0,,0.0,0.32827008626931087
POL-015918,INS-00006,2024-01-07,2023-09-04,2024-09-03,APD,8,9.0,7,44.3,1.7,170.3,retail,fl,1,0,7331.9,500,100,7653.51,quarterly,85.7,1,0.0,,0.0,,0.0,0.575035282700679
POL-017419,INS-00225,2023-02-24,2023-01-08,2024-01-08,AL,6,4.3,2,42.1,15.0,176.5,trucking,ny,0,0,0.0,5000,500,11372.65,missing,30.85,3,1.0,,0.0,,0.0,0.46639189193610203
POL-015919,INS-00565,2023-04-11,2022-12-04,2023-12-04,APD,8,9.5,4,28.5,1.0,305.5,trucking,fl,1,0,19675.27,5000,100,6508.47,monthly,67.23,2,1.0,,0.0,,0.0,0.6047649114876372
POL-015920,INS-00075,2023-01-25,2023-01-25,2024-01-25,APD,11,7.7,12,0.0,3.9,370.3,rideshare,co,1,2,69427.16,5000,300,7731.22,monthly,94.27,2,0.0,,0.0,,0.0,0.6852855184405406
POL-017420,INS-00150,2024-04-16,2023-11-30,2024-11-29,AL,10,8.1,7,41.5,14.9,283.5,trucking,nc,2,2,18939.2,250,1000,12748.26,quarterly,39.21,2,0.0,,0.0,,0.0,0.6739155476058003
POL-015921,INS-00175,2023-04-13,2022-11-11,2023-11-11,APD,6,4.8,5,48.7,1.0,65.1,construction,ga,0,0,0.0,250,500,7406.9,quarterly,97.71,0,1.0,9999-01-01,-999.0,INVALID,-999.0,0.48044919615695153
POL-017421,INS-00325,2024-04-05,2023-12-30,2024-12-29,AL,5,1.5,1,41.9,7.9,182.2,trucking,co,0,0,0.0,500,300,40000.0,monthly,66.94,0,0.0,,0.0,,0.0,0.33165933499503797
POL-017422,INS-00375,2023-10-01,2023-04-19,2024-04-18,AL,9,5.7,5,50.3,14.1,268.6,retail,fl,2,1,24261.22,5000,500,10624.52,annual,50.33,5,1.0,,0.0,,0.0,0.646150428080606
POL-015922,INS-00077,2023-09-23,2023-06-23,2024-06-22,APD,8,7.0,6,36.1,2.6,308.1,retail,ca,1,0,11484.03,2500,100,5928.74,annual,17.6,2,0.0,,0.0,,0.0,0.4397211276685116
POL-015923,INS-00172,2023-01-18,2022-09-07,2023-09-07,APD,7,5.9,4,48.1,9.7,115.1,trucking,il,2,1,15667.76,1000,1000,10447.91,monthly,28.92,2,0.0,,0.0,,0.0,0.4526005449900187
POL-017423,INS-00335,2023-08-07,2023-04-28,2024-04-27,AL,10,8.2,6,29.8,2.0,187.3,service,il,1,0,11401.69,2500,500,12935.73,monthly,13.49,4,2.0,,0.0,,0.0,0.4599701468904093
POL-017424,INS-00219,2023-01-08,2022-12-08,2023-12-08,AL,8,4.1,6,46.9,3.7,201.4,trucking,il,0,0,0.0,1000,1000,18687.5,annual,38.29,0,2.0,,0.0,,0.0,0.44863188985782954
POL-015924,INS-00705,2023-07-28,2023-02-26,2024-02-26,APD,8,8.1,4,33.8,11.4,183.0,construction,co,0,1,12635.83,250,300,10768.19,monthly,21.67,1,0.0,,0.0,,0.0,0.4026133100178427
POL-017425,INS-00589,2024-03-19,2023-10-04,2024-10-03,AL,9,3.0,4,45.9,5.3,0.0,trucking,az,1,0,12572.37,250,500,7832.63,monthly,15.41,3,4.0,,0.0,,0.0,0.5968742551799753
POL-015925,INS-00228,2023-10-10,2023-07-26,2024-07-25,APD,7,3.8,9,28.0,1.8,169.0,other,fl,1,0,10604.38,500,500,3817.24,missing,68.97,3,2.0,,0.0,,0.0,0.47827377140201455
POL-015926,INS-00021,2023-03-23,2023-03-22,2024-03-21,APD,8,2.5,8,44.5,7.3,235.7,service,il,0,1,4019.88,5000,500,16311.44,annual,62.59,1,2.0,,0.0,,0.0,0.514420787876881
POL-017426,INS-00405,2024-02-25,2024-02-12,2025-02-11,AL,9,2.4,13,35.0,9.4,475.7,construction,ca,1,0,0.0,1000,1000,12486.42,annual,49.91827464788733,1,0.0,,0.0,,0.0,0.4978554335341919
POL-017427,INS-00401,2023-01-22,2022-11-15,2023-11-15,AL,6,2.8,8,36.1,3.1,158.8,trucking,ny,0,0,0.0,500,300,8142.24,missing,8.29,1,0.0,,0.0,,0.0,0.28728906250875474
POL-015927,INS-00004,2023-05-14,2023-01-28,2024-01-28,APD,8,2.1,8,38.9,14.4,137.5,retail,co,3,0,74120.35,2500,300,5719.01,quarterly,20.25,1,0.0,,0.0,,0.0,0.4118549432186377
POL-015928,INS-00571,2023-12-09,2023-08-12,2024-08-11,APD,9,6.6,8,43.2,15.2,171.4,trucking,ca,1,0,31358.49,500,100,5974.6,annual,69.89,1,0.0,,0.0,,0.0,0.5679892786422427
POL-017428,INS-00532,2023-05-02,2023-02-13,2024-02-13,AL,8,6.7,10,38.3,20.4,274.0,trucking,nc,0,0,0.0,1000,300,17728.43,monthly,66.4,2,1.0,,0.0,,0.0,0.49078223824015127
POL-017429,INS-00479,2024-05-14,2024-05-13,2025-05-13,AL,6,1.4,7,36.6,1.0,175.1,construction,tx,0,0,0.0,1000,300,12694.1,annual,74.96,2,0.0,9999-01-01,-999.0,INVALID,-999.0,0.39710094474343466
POL-015929,INS-00423,2023-12-22,2023-07-30,2024-07-29,APD,6,4.0,5,23.2,3.6,124.7,retail,oh,0,0,0.0,5000,300,4140.2,quarterly,64.11,1,2.0,,0.0,,0.0,0.38669262708747604
POL-015930,INS-00746,2024-04-15,2023-10-30,2024-10-29,APD,6,1.1,7,36.0,16.9,167.8,service,il,1,1,20269.82,250,500,6104.05,annual,35.69,0,0.0,,0.0,,0.0,0.36763477551533524
POL-017430,INS-00737,2023-08-01,2023-07-17,2024-07-16,AL,5,6.4,8,23.9,9.9,149.2,trucking,il,0,2,34571.12,250,500,6687.03,quarterly,58.91,1,0.0,,0.0,,0.0,0.5260880867100959
POL-015931,INS-00680,2023-03-05,2022-09-22,2023-09-22,APD,5,6.5,8,37.5,8.7,103.1,trucking,ny,0,0,0.0,5000,500,5607.26,quarterly,26.13,2,2.0,,0.0,,0.0,0.29604274457257373
POL-017431,INS-00074,2023-03-09,2023-01-21,2024-01-21,AL,10,1.0,3,38.8,12.6,295.3,service,nc,0,0,0.0,1000,1000,20294.48,annual,19.08,1,0.0,,0.0,,0.0,0.39127502801143355
POL-015932,INS-00218,2023-06-29,2023-02-01,2024-02-01,APD,7,4.2,8,38.4,4.5,145.4,retail,fl,1,1,14168.23,500,100,9527.34,monthly,49.94,1,2.0,,0.0,,0.0,0.48686077146308326
POL-017432,INS-00569,2023-08-16,2023-04-09,2024-04-08,AL,10,3.8,9,43.2,3.5,198.3,service,co,3,2,0.0,1000,1000,21531.22,quarterly,74.16,1,0.0,,0.0,,0.0,0.6532950246631223
POL-017433,INS-00028,2024-01-13,2023-08-17,2024-08-16,AL,11,6.2,7,48.5,4.9,100.5,service,tx,0,0,0.0,250,500,10486.93,annual,10.49,2,0.0,,0.0,,0.0,0.34683524550456707
POL-015933,INS-00234,2023-09-12,2023-05-12,2024-05-11,APD,12,6.8,4,34.7,5.3,467.3,service,ga,1,1,46316.01,250,100,10666.77,monthly,63.44,1,0.0,,0.0,,0.0,0.6985730491649715
POL-015934,INS-00730,2024-04-23,2023-11-19,2024-11-18,APD,4,3.9,4,38.0,11.3,90.0,service,pa,1,0,13164.22,5000,1000,5829.33,quarterly,53.07,1,2.0,,0.0,,0.0,0.34815818052124087
POL-017434,INS-00482,2024-05-09,2024-02-29,2025-02-28,AL,11,3.5,6,34.5,36.5,135.3,service,wa,1,1,42738.89,1000,300,11218.07,missing,70.57,1,0.0,,0.0,,0.0,0.5554707367618094
POL-015935,INS-00478,2023-08-09,2023-02-19,2024-02-19,APD,11,5.0,5,32.7,2.2,194.5,retail,pa,2,0,6260.43,5000,300,7951.89,quarterly,72.02,1,3.0,,0.0,,0.0,0.6915424538834118
POL-017435,INS-00112,2023-04-02,2022-11-16,2023-11-16,AL,5,7.3,8,43.6,2.9,187.7,retail,fl,0,0,0.0,1000,300,8457.62,annual,52.90282967032967,0,0.0,,0.0,,0.0,0.2737428110576089
POL-017436,INS-00007,2023-03-29,2023-02-14,2024-02-14,AL,9,0.6,4,29.4,1.7,226.3,construction,wa,0,0,0.0,5000,100,8458.29,quarterly,96.14,4,1.0,,0.0,,0.0,0.6696705483421396
POL-015936,INS-00546,2024-02-01,2023-09-10,2024-09-09,APD,4,1.3,6,44.0,11.8,62.9,trucking,fl,0,0,0.0,2500,300,7131.68,annual,24.99,1,0.0,,0.0,,0.0,0.22235777123345618
POL-017437,INS-00420,2024-04-14,2024-02-29,2025-02-28,AL,11,0.0,8,32.8,4.6,280.6,trucking,ny,0,0,0.0,5000,1000,8591.04,monthly,15.64,2,1.0,,0.0,,0.0,0.5485381709854193
POL-015937,INS-00672,2024-06-29,2024-05-19,2025-05-19,APD,8,4.7,4,45.4,5.5,82.2,trucking,az,2,0,5451.8,2500,300,8380.56,monthly,7.73,0,2.0,,0.0,,0.0,0.4779216141458922
POL-017438,INS-00374,2023-07-20,2023-03-22,2024-03-21,AL,9,10.3,3,25.4,8.5,201.6,construction,ga,1,1,35389.7,2500,1000,12324.92,monthly,86.97,2,0.0,,0.0,,0.0,0.6389031676196704
POL-015938,INS-00188,2023-09-24,2023-08-07,2024-08-06,APD,9,3.4,9,51.8,2.7,335.4,construction,tx,0,2,18055.37,1000,500,4726.56,annual,11.07,1,0.0,,0.0,,0.0,0.4103484404011313
POL-017439,INS-00668,2024-03-08,2023-12-25,2024-12-24,AL,20,0.8,10,40.8,6.1,352.2,retail,az,1,1,25587.1,2500,500,17174.5,annual,27.42,5,0.0,,0.0,,0.0,0.7540917603379272
POL-015939,INS-00552,2024-03-16,2024-01-19,2025-01-18,APD,9,5.9,5,32.8,4.7,358.2,retail,fl,1,0,7646.29,5000,500,5277.61,annual,81.21,3,2.0,,0.0,,0.0,0.6542506755212875
POL-017440,INS-00067,2024-02-15,2023-10-12,2024-10-11,AL,9,1.4,9,31.5,8.3,193.4,service,ny,2,0,91783.16,1000,500,10067.97,annual,20.88,2,0.0,9999-01-01,-999.0,INVALID,-999.0,0.38807585213699
POL-015940,INS-00540,2023-03-07,2022-12-14,2023-12-14,APD,8,1.7,8,42.6,3.9,237.8,construction,nc,0,1,29271.61,250,500,4350.2,monthly,20.67,2,0.0,,0.0,,0.0,0.3595145823801668
POL-015941,INS-00594,2023-11-07,2023-06-29,2024-06-28,APD,5,1.5,2,36.6,3.1,102.0,trucking,fl,0,1,31608.29,2500,500,14354.37,annual,3.06,1,0.0,,0.0,,0.0,0.22935624802855062
POL-017441,INS-00028,2024-04-21,2023-11-16,2024-11-15,AL,10,3.3,12,42.7,12.6,295.2,trucking,co,3,0,0.0,2500,500,11865.51,quarterly,90.83,1,0.0,,0.0,,0.0,0.6256005019083493
POL-017442,INS-00195,2024-04-30,2024-04-03,2025-04-03,AL,10,7.0,3,30.2,7.3,148.7,service,ga,0,0,0.0,5000,300,7025.82,monthly,42.78,1,3.0,,0.0,,0.0,0.4780789964103601
POL-015942,INS-00136,2023-02-07,2022-12-18,2023-12-18,APD,12,0.0,5,29.1,2.0,406.1,service,co,1,0,9979.47,500,500,16803.14,monthly,88.16,3,3.0,,0.0,,0.0,0.7604951526042011
POL-017443,INS-00217,2023-04-29,2022-11-23,2023-11-23,AL,5,5.5,5,42.0,2.6,108.3,retail,pa,0,1,4443.88,5000,500,6254.56,monthly,72.34,3,0.0,,0.0,,0.0,0.4886382055915727
POL-015943,INS-00629,2023-03-16,2023-01-30,2024-01-30,APD,13,4.3,7,41.5,11.6,224.0,trucking,il,0,0,0.0,500,300,11582.41,annual,13.16,4,2.0,,0.0,,0.0,0.5116870440659386
POL-015944,INS-00597,2023-06-26,2023-05-21,2024-05-20,APD,9,3.9,6,34.6,6.5,267.9,trucking,il,1,0,9489.24,1000,300,10862.26,annual,85.89,3,3.0,,0.0,,0.0,0.6842290199810664
POL-017444,INS-00314,2024-01-26,2023-11-13,2024-11-12,AL,12,4.0,7,29.1,1.0,514.3,service,ga,0,0,0.0,500,300,13292.14,monthly,25.38,2,0.0,,0.0,,0.0,0.45551752819396235
POL-017445,INS-00010,2023-06-21,2023-06-10,2024-06-09,AL,8,3.5,6,37.5,2.1,198.6,trucking,ga,0,1,1890.09,2500,300,7559.37,annual,69.85,1,0.0,,0.0,,0.0,0.5237886194628981
POL-015945,INS-00477,2024-03-13,2023-12-16,2024-12-15,APD,4,3.7,6,37.1,7.2,68.0,trucking,co,0,0,0.0,2500,300,7068.88,annual,43.59,0,2.0,,0.0,,0.0,0.31143779030026486
POL-017446,INS-00534,2023-06-11,2023-04-03,2024-04-02,AL,4,6.6,4,40.2,10.4,192.3,other,tx,1,0,6082.82,2500,500,10467.93,quarterly,11.21,0,2.0,,0.0,,0.0,0.2823194664298702
POL-015946,INS-00102,2024-04-17,2024-02-05,2025-02-04,APD,6,5.9,7,54.3,3.4,116.2,service,az,1,1,71843.1,500,300,5668.95,annual,1.99,2,0.0,,0.0,,0.0,0.28413875167464187
POL-015947,INS-00223,2024-01-29,2023-11-05,2024-11-04,APD,9,7.2,8,34.1,7.6,257.9,construction,wa,1,1,0.0,2500,300,5792.23,annual,85.15,0,2.0,,0.0,,0.0,0.6616868758761622
POL-017447,INS-00607,2023-11-27,2023-11-20,2024-11-19,AL,9,1.8,3,41.3,7.3,236.9,trucking,il,1,0,8195.96,250,300,18420.91,annual,97.18,2,2.0,,0.0,,0.0,0.6019000438136444
POL-015948,INS-00348,2023-01-02,2022-11-19,2023-11-19,APD,11,0.9,3,35.5,4.9,245.7,trucking,tx,0,2,2166.65,2500,100,13784.11,annual,55.42,3,1.0,,0.0,,0.0,0.5498182108257269
POL-017448,INS-00725,2024-03-11,2023-11-08,2024-11-07,AL,6,5.1,5,39.4,1.0,125.4,trucking,az,0,0,0.0,2500,500,11857.52,annual,13.44,1,0.0,,0.0,,0.0,0.3040840871596033
POL-017449,INS-00361,2024-06-10,2024-03-25,2025-03-25,AL,6,4.5,4,0.0,1.7,152.9,construction,il,0,0,0.0,5000,500,8044.99,monthly,33.92,3,1.0,,0.0,,0.0,0.4097556084731641
POL-015949,INS-00160,2023-04-14,2023-03-10,2024-03-09,APD,14,7.7,7,40.4,7.6,283.2,trucking,ny,2,1,18686.08,250,500,9784.13,monthly,12.11,3,1.0,,0.0,,0.0,0.6499271551377221
POL-017450,INS-00684,2023-08-12,2023-04-12,2024-04-11,AL,9,5.6,7,0.0,5.5,278.2,trucking,ca,1,1,5721.94,2500,1000,8102.62,monthly,69.17,1,1.0,,0.0,,0.0,0.6282764691493362
POL-015950,INS-00093,2023-06-17,2023-05-02,2024-05-01,APD,8,9.8,5,56.0,3.2,267.6,trucking,ca,2,0,33389.53,2500,100,7784.98,annual,35.51,2,1.0,,0.0,,0.0,0.5688898824179637
POL-017451,INS-00337,2023-08-23,2023-08-03,2024-08-02,AL,3,9.3,1,28.9,1.1,224.1,trucking,ga,1,1,15993.01,2500,500,22882.25,monthly,87.57,2,0.0,,0.0,,0.0,0.46522924755923556
POL-015951,INS-00191,2024-01-09,2023-11-02,2024-11-01,APD,6,4.4,4,24.2,4.5,232.9,retail,tx,1,1,37766.75,2500,500,8562.51,monthly,61.7,2,0.0,,0.0,,0.0,0.43259066087082393
POL-015952,INS-00507,2023-05-05,2023-04-06,2024-04-05,APD,7,8.0,7,39.5,5.7,98.4,trucking,ca,0,0,0.0,5000,300,3164.47,annual,86.26,1,0.0,,0.0,,0.0,0.4783539973239515
POL-017452,INS-00463,2024-05-12,2024-05-04,2025-05-04,AL,6,7.3,3,39.5,11.0,148.7,trucking,fl,3,1,116228.91,250,500,11446.68,monthly,50.13,2,0.0,,0.0,,0.0,0.49121563529704787
POL-015953,INS-00382,2024-05-11,2024-01-27,2025-01-26,APD,7,7.0,10,36.2,1.0,154.2,retail,fl,1,0,10936.13,5000,1000,10694.2,annual,25.67,0,4.0,,0.0,,0.0,0.4882795458679724
POL-017453,INS-00480,2023-04-03,2023-01-20,2024-01-20,AL,10,2.7,5,48.6,5.6,415.6,service,fl,1,0,0.0,1000,500,13337.53,monthly,76.6,4,0.0,,0.0,,0.0,0.573092549103505
POL-017454,INS-00406,2023-08-15,2023-06-21,2024-06-20,AL,4,4.6,10,41.3,2.3,95.1,service,fl,1,1,0.0,500,500,34648.97,monthly,61.18,0,0.0,,0.0,,0.0,0.2982984937636851
POL-015954,INS-00178,2024-06-11,2024-02-09,2025-02-08,APD,6,7.0,7,48.3,14.9,133.6,construction,ga,0,0,0.0,1000,300,11947.04,quarterly,11.96,2,4.0,,0.0,,0.0,0.35620564824226303
POL-015955,INS-00236,2023-01-09,2022-07-30,2023-07-30,APD,4,3.4,7,39.4,9.6,80.2,service,wa,0,0,0.0,2500,500,5963.04,annual,99.61,3,0.0,,0.0,,0.0,0.3610446187953924
POL-017455,INS-00416,2023-01-05,2022-08-11,2023-08-11,AL,11,4.2,4,52.6,3.9,644.6,construction,fl,0,1,2786.78,2500,1000,5591.21,quarterly,39.27,2,1.0,9999-01-01,-999.0,INVALID,-999.0,0.7218334722534274
POL-017456,INS-00038,2023-07-31,2023-05-06,2024-05-05,AL,3,6.4,4,28.6,12.6,222.6,construction,nc,0,0,0.0,500,300,34949.49,quarterly,10.1,0,0.0,,0.0,,0.0,0.20267226094762192
POL-015956,INS-00311,2023-03-28,2022-10-13,2023-10-13,APD,12,5.4,6,38.1,1.3,613.8,trucking,ga,2,1,22411.21,1000,100,11654.27,quarterly,71.18,1,1.0,,0.0,,0.0,0.7988243844348488
POL-017457,INS-00294,2023-09-24,2023-06-09,2024-06-08,AL,10,3.8,3,42.1,1.0,144.9,trucking,pa,1,0,39404.95,2500,300,7505.11,monthly,23.25,0,0.0,,0.0,,0.0,0.3929483993975287
POL-015957,INS-00709,2023-04-13,2023-02-12,2024-02-12,APD,8,2.5,6,24.1,11.2,315.1,service,il,1,1,45361.68,500,100,12075.35,quarterly,51.38,0,0.0,,0.0,,0.0,0.49229055389979914
POL-015958,INS-00319,2023-03-30,2023-01-12,2024-01-12,APD,11,5.9,1,0.0,5.9,228.2,retail,il,1,0,31959.61,2500,100,5680.83,annual,28.88,3,2.0,,0.0,,0.0,0.5440547132016603
POL-017458,INS-00090,2024-03-07,2024-01-11,2025-01-10,AL,8,4.3,7,49.7,10.2,240.9,trucking,ny,0,0,0.0,500,300,9787.07,quarterly,76.84,1,0.0,,0.0,,0.0,0.5060282937422184
POL-017459,INS-00464,2023-01-03,2022-08-14,2023-08-14,AL,6,5.2,7,29.4,20.6,129.2,construction,az,1,0,0.0,5000,100,16204.54,annual,93.83,3,0.0,,0.0,,0.0,0.4871778260092568
POL-015959,INS-00647,2024-03-16,2023-09-24,2024-09-23,APD,3,4.1,6,35.4,5.1,44.4,retail,co,2,0,16271.72,5000,300,3117.15,quarterly,51.6,0,3.0,,0.0,,0.0,0.3557336963033241
POL-015960,INS-00711,2024-03-02,2023-11-14,2024-11-13,APD,10,5.2,8,41.9,28.0,0.0,retail,oh,1,0,18384.49,2500,100,9533.56,annual,55.93,2,0.0,9999-01-01,-999.0,INVALID,-999.0,0.5942820869063545
POL-017460,INS-00434,2023-05-29,2023-04-02,2024-04-01,AL,7,3.3,5,32.1,7.3,87.1,trucking,wa,0,0,0.0,2500,500,4668.08,quarterly,69.33,0,1.0,,0.0,,0.0,0.486924252131673
POL-017461,INS-00168,2023-01-05,2022-12-31,2023-12-31,AL,8,4.0,7,39.3,5.5,195.0,service,fl,2,0,6042.63,1000,500,5039.31,quarterly,35.46,1,2.0,,0.0,,0.0,0.42131703009036964
POL-015961,INS-00396,2023-03-01,2022-12-30,2023-12-30,APD,12,2.3,11,26.7,3.5,276.7,service,wa,0,3,12071.4,250,100,3580.09,annual,79.0,5,0.0,,0.0,,0.0,0.5962760694010228
POL-015962,INS-00090,2023-11-10,2023-05-25,2024-05-24,APD,10,4.9,5,46.2,23.6,273.5,retail,tx,0,1,12656.82,500,300,12874.67,quarterly,58.85,4,2.0,,0.0,,0.0,0.543475187644458
POL-017462,INS-00314,2024-02-10,2024-02-08,2025-02-07,AL,11,6.4,11,33.3,3.2,126.4,service,nc,1,2,24910.57,500,300,18593.69,quarterly,52.78,4,2.0,,0.0,,0.0,0.6910365239576901
POL-015963,INS-00387,2024-06-12,2024-02-17,2025-02-16,APD,3,5.9,7,36.2,9.8,78.1,rideshare,co,0,0,0.0,2500,500,6384.56,quarterly,66.59,1,3.0,,0.0,,0.0,0.31853356940527083
POL-017463,INS-00384,2023-08-21,2023-05-08,2024-05-07,AL,10,5.1,7,40.6,2.2,303.6,retail,co,2,0,10949.49,2500,300,9039.43,annual,78.71,2,0.0,,0.0,,0.0,0.5316345128493973
POL-017464,INS-00109,2023-05-20,2022-11-25,2023-11-25,AL,8,5.1,5,32.0,5.4,257.3,service,ca,0,0,0.0,5000,300,23920.37,monthly,71.43,1,0.0,,0.0,,0.0,0.44052999020658157
POL-015964,INS-00550,2024-05-07,2024-01-14,2025-01-13,APD,9,5.2,3,49.8,1.0,139.1,retail,ca,1,0,12775.27,5000,300,5892.81,quarterly,1.55,0,0.0,,0.0,,0.0,0.36217290977192973
POL-015965,INS-00168,2023-08-24,2023-06-09,2024-06-08,APD,8,2.6,4,43.1,4.6,131.6,trucking,fl,0,0,0.0,500,300,16999.86,monthly,23.14,0,0.0,,0.0,,0.0,0.3694535794484045
POL-017465,INS-00468,2023-09-25,2023-07-22,2024-07-21,AL,6,5.8,5,31.4,6.1,150.7,construction,fl,1,0,5504.51,1000,500,14497.95,quarterly,3.45,2,0.0,,0.0,,0.0,0.3102146747032698
POL-017466,INS-00185,2023-07-05,2023-01-10,2024-01-10,AL,6,6.9,9,36.8,25.2,172.9,retail,ca,0,1,0.0,1000,500,7204.98,quarterly,11.1,1,2.0,,0.0,,0.0,0.3868761624983451
POL-015966,INS-00107,2023-06-25,2023-01-03,2024-01-03,APD,9,4.7,5,40.6,3.9,143.3,rideshare,pa,1,0,10003.45,2500,300,19399.39,monthly,55.71,3,2.0,,0.0,,0.0,0.562979188808106
POL-015967,INS-00665,2023-01-28,2022-09-07,2023-09-07,APD,10,4.3,10,50.4,33.1,355.0,construction,az,2,1,41874.3,500,300,6603.08,annual,57.25,1,0.0,,0.0,,0.0,0.6234270709584372
POL-017467,INS-00145,2024-06-10,2024-03-01,2025-03-01,AL,10,3.3,9,45.7,6.1,215.6,construction,tx,2,1,223576.76,5000,500,11547.75,annual,42.63,2,0.0,,0.0,,0.0,0.655884891561699
POL-017468,INS-00508,2023-12-01,2023-11-06,2024-11-05,AL,10,7.8,6,40.0,22.9,141.0,service,pa,0,1,3006.61,1000,1000,8619.0,quarterly,70.9,3,1.0,,0.0,,0.0,0.653247981108264
POL-015968,INS-00182,2023-05-25,2023-01-13,2024-01-13,APD,7,4.0,3,35.3,1.5,60.3,retail,ny,1,0,15410.04,250,300,10838.91,quarterly,34.54,0,0.0,,0.0,,0.0,0.38655471731854835
POL-015969,INS-00312,2024-04-17,2023-11-10,2024-11-09,APD,8,6.4,8,32.4,1.0,136.6,trucking,ga,0,0,0.0,250,100,5735.67,monthly,14.31,2,1.0,,0.0,,0.0,0.37771441375855824
POL-017469,INS-00129,2024-06-01,2024-03-07,2025-03-07,AL,10,2.0,5,37.9,3.8,204.0,trucking,fl,1,0,2885.53,2500,100,9270.32,monthly,66.54,1,0.0,,0.0,,0.0,0.48493624076152836
POL-017470,INS-00633,2023-07-21,2023-05-27,2024-05-26,AL,10,6.4,3,34.3,7.7,226.1,retail,wa,0,2,14763.39,2500,300,21772.29,annual,40.49,2,1.0,,0.0,,0.0,0.5820630362733216
POL-015970,INS-00032,2023-12-05,2023-10-31,2024-10-30,APD,2,5.9,8,44.2,13.9,41.3,service,ny,0,0,0.0,250,300,4657.68,annual,53.36,0,0.0,,0.0,,0.0,0.21191624590585106
POL-015971,INS-00605,2024-04-02,2023-10-06,2024-10-05,APD,8,4.6,3,40.3,19.9,232.6,other,fl,0,0,0.0,5000,300,4350.21,quarterly,50.25,0,0.0,,0.0,,0.0,0.38650627225541945
POL-017471,INS-00319,2023-11-18,2023-07-06,2024-07-05,AL,8,5.6,3,53.5,12.1,162.3,trucking,pa,0,0,0.0,500,500,16242.67,annual,23.29,1,1.0,,0.0,,0.0,0.3727002284265097
POL-017472,INS-00117,2023-12-06,2023-07-24,2024-07-23,AL,10,2.4,6,40.6,1.0,149.2,service,fl,0,2,32150.27,2500,500,7442.95,quarterly,8.64,0,0.0,,0.0,,0.0,0.48363563901907486
POL-015972,INS-00219,2023-05-11,2022-11-28,2023-11-28,APD,8,9.5,8,41.6,37.7,304.5,service,ny,1,0,31101.18,500,300,4910.8,annual,73.58,1,0.0,,0.0,,0.0,0.5840406768631995
POL-015973,INS-00656,2023-05-23,2023-04-27,2024-04-26,APD,4,4.7,2,42.1,1.0,0.0,trucking,az,1,0,4734.64,1000,1000,3464.86,monthly,12.77,0,1.0,9999-01-01,-999.0,INVALID,-999.0,0.3717741935237263
POL-017473,INS-00273,2023-09-02,2023-04-11,2024-04-10,AL,10,1.7,5,43.8,13.1,319.7,trucking,tx,3,1,113863.94,1000,500,3000.0,annual,27.75,2,0.0,,0.0,,0.0,0.5785156252013608
POL-017474,INS-00357,2024-01-17,2023-11-24,2024-11-23,AL,7,8.6,7,38.8,3.7,158.9,service,co,1,1,8163.53,5000,100,11327.51,quarterly,84.1,1,0.0,,0.0,,0.0,0.528140095907668
POL-015974,INS-00496,2024-01-21,2023-08-07,2024-08-06,APD,9,3.1,4,40.9,7.4,215.6,trucking,ca,0,0,0.0,500,300,5421.32,monthly,41.59,2,0.0,,0.0,,0.0,0.43885156711652096
POL-015975,INS-00226,2024-05-11,2023-12-17,2024-12-16,APD,10,8.8,9,37.0,24.4,423.1,service,oh,1,0,7346.92,5000,100,5878.38,quarterly,64.78,4,0.0,9999-01-01,-999.0,INVALID,-999.0,0.6161511649088324
POL-017475,INS-00604,2024-06-16,2024-01-12,2025-01-11,AL,7,5.7,3,46.2,1.0,238.7,retail,fl,1,0,6108.59,500,1000,16539.13,monthly,75.39,1,2.0,,0.0,,0.0,0.4879189949895377
POL-017476,INS-00483,2023-07-19,2023-04-07,2024-04-06,AL,6,4.9,4,0.0,1.0,643.3,trucking,tx,1,1,39961.61,500,1000,7907.31,monthly,75.17,0,2.0,,0.0,,0.0,0.6445484846369267
POL-015976,INS-00477,2023-02-11,2022-08-16,2023-08-16,APD,5,4.6,10,46.3,5.4,189.6,construction,nc,0,0,0.0,500,100,8092.06,quarterly,84.64,1,4.0,,0.0,,0.0,0.49357703407560455
POL-017477,INS-00220,2023-07-21,2023-07-14,2024-07-13,AL,10,4.8,2,35.8,10.3,244.9,construction,ca,4,0,11228.05,2500,1000,6284.21,quarterly,61.58,1,3.0,,0.0,,0.0,0.6384817663580419
POL-015977,INS-00370,2024-06-22,2024-05-18,2025-05-18,APD,9,2.8,5,42.3,4.4,72.8,trucking,nc,0,1,0.0,500,500,4936.18,quarterly,41.36,4,0.0,,0.0,,0.0,0.3833594116296781
POL-015978,INS-00198,2023-05-27,2023-04-10,2024-04-09,APD,8,4.3,6,40.8,5.9,170.8,service,az,1,0,2674.02,500,300,10069.8,monthly,63.74,2,0.0,,0.0,,0.0,0.5181018713756864
POL-017478,INS-00022,2023-12-12,2023-11-13,2024-11-12,AL,1,3.4,9,54.9,10.2,15.1,trucking,ca,0,0,0.0,2500,100,20965.71,monthly,27.32,1,0.0,,0.0,,0.0,0.18476441963167373
POL-017479,INS-00251,2023-07-21,2023-05-13,2024-05-12,AL,10,0.0,5,27.3,11.4,309.6,other,ga,0,0,0.0,250,1000,14732.29,monthly,97.76,2,0.0,,0.0,,0.0,0.5916708498798887
POL-015979,INS-00280,2023-09-23,2023-06-04,2024-06-03,APD,11,1.6,4,40.0,2.4,353.1,retail,ca,2,0,0.0,500,500,5833.83,annual,47.06,0,0.0,,0.0,,0.0,0.6155171192631986
POL-015980,INS-00339,2023-05-21,2023-05-02,2024-05-01,APD,9,1.8,10,38.4,3.3,152.4,construction,fl,0,0,0.0,1000,100,7140.65,quarterly,7.6,1,2.0,,0.0,,0.0,0.36549806649644156
POL-017480,INS-00724,2023-06-14,2023-01-16,2024-01-16,AL,10,5.5,2,39.0,11.5,97.5,construction,pa,2,0,0.0,250,500,7148.69,annual,33.23,1,0.0,,0.0,,0.0,0.37868322232254065
POL-017481,INS-00383,2023-04-07,2023-01-06,2024-01-06,AL,7,1.2,6,37.3,1.8,43.7,retail,oh,0,1,40095.98,2500,300,6776.1,monthly,21.65,0,0.0,,0.0,,0.0,0.345462482442522
POL-015981,INS-00387,2023-01-08,2022-10-21,2023-10-21,APD,13,6.6,3,36.5,4.2,319.4,retail,tx,1,0,19466.89,500,500,15789.52,quarterly,81.3,1,0.0,,0.0,,0.0,0.7009096514702609
POL-015982,INS-00330,2023-11-15,2023-10-29,2024-10-28,APD,4,9.2,6,40.9,17.9,46.1,service,tx,1,0,21501.47,1000,500,16088.59,monthly,21.19,3,0.0,,0.0,,0.0,0.28900452152750106
POL-017482,INS-00289,2023-08-07,2023-03-14,2024-03-13,AL,9,4.8,3,41.0,5.3,465.5,retail,ga,0,1,9924.72,250,100,21285.56,quarterly,0.12,2,0.0,,0.0,,0.0,0.44146415279746204
POL-017483,INS-00477,2024-05-22,2023-12-15,2024-12-14,AL,9,2.7,3,40.0,6.1,184.9,service,fl,0,0,0.0,2500,500,10687.55,annual,27.97,2,0.0,,0.0,,0.0,0.3752758674256832
POL-015983,INS-00277,2024-05-28,2024-01-24,2025-01-23,APD,5,2.3,10,49.3,7.0,187.8,trucking,pa,1,0,5687.52,500,1000,7098.41,quarterly,86.3,1,3.0,9999-01-01,-999.0,INVALID,-999.0,0.528184156557369
POL-015984,INS-00212,2023-04-14,2023-03-13,2024-03-12,APD,10,6.7,5,0.0,13.7,228.8,service,pa,0,0,0.0,5000,100,4616.37,monthly,20.9,1,0.0,,0.0,,0.0,0.41741701804418474
POL-017484,INS-00448,2023-09-14,2023-06-26,2024-06-25,AL,10,6.4,6,43.4,13.5,285.2,trucking,fl,0,1,2337.96,500,300,12248.84,monthly,8.31,3,0.0,,0.0,,0.0,0.47155590210788667
POL-017485,INS-00423,2023-04-05,2022-12-29,2023-12-29,AL,10,2.2,4,36.2,1.1,285.7,construction,co,0,0,0.0,2500,1000,9274.81,monthly,47.77,1,0.0,,0.0,,0.0,0.49164518689594916
POL-015985,INS-00599,2024-01-05,2023-09-22,2024-09-21,APD,8,3.2,11,34.7,1.0,164.1,trucking,az,0,0,0.0,5000,100,10429.21,monthly,14.43,1,0.0,,0.0,,0.0,0.33562366854334313
POL-017486,INS-00019,2023-08-07,2023-03-14,2024-03-13,AL,9,4.0,9,39.6,5.4,131.2,construction,ca,0,1,8936.96,1000,1000,11758.53,quarterly,81.63,3,0.0,,0.0,,0.0,0.6608352827802597
POL-015986,INS-00283,2024-03-29,2023-10-21,2024-10-20,APD,5,4.8,8,38.8,6.9,200.9,service,pa,1,0,7117.48,250,1000,6118.28,quarterly,73.28,1,0.0,,0.0,,0.0,0.4363616767745153
POL-015987,INS-00511,2023-10-06,2023-06-19,2024-06-18,APD,8,5.0,8,21.0,5.7,256.4,trucking,nc,2,0,0.0,5000,300,5191.51,annual,27.92,3,0.0,9999-01-01,-999.0,INVALID,-999.0,0.47109907637212306
POL-017487,INS-00610,2023-06-25,2023-02-14,2024-02-14,AL,12,4.3,9,48.9,4.7,421.1,service,il,0,0,0.0,2500,300,13618.84,monthly,65.17,4,2.0,,0.0,,0.0,0.6363111372215621
POL-017488,INS-00277,2024-04-07,2023-10-18,2024-10-17,AL,6,8.4,3,41.8,18.2,223.4,trucking,ga,0,1,14658.68,250,1000,9628.98,monthly,90.45,1,1.0,,0.0,,0.0,0.5728796801511002
POL-015988,INS-00586,2023-08-04,2023-02-19,2024-02-19,APD,11,6.7,8,40.0,2.6,158.2,construction,oh,2,0,9089.31,250,100,7903.04,quarterly,80.87,3,1.0,,0.0,,0.0,0.684722661522633
POL-015989,INS-00703,2024-04-02,2024-01-18,2025-01-17,APD,6,5.2,7,39.2,3.3,249.3,retail,ca,0,0,0.0,2500,500,9434.75,quarterly,80.16,2,0.0,,0.0,,0.0,0.42299611941173926
POL-017489,INS-00581,2024-02-24,2023-12-05,2024-12-04,AL,8,7.5,8,41.6,15.2,70.9,trucking,pa,2,0,20713.42,1000,1000,12154.32,annual,4.36,1,1.0,,0.0,,0.0,0.37856866508287523
POL-017490,INS-00590,2023-09-19,2023-05-18,2024-05-17,AL,9,3.6,6,56.5,6.5,243.6,service,oh,1,0,0.0,5000,500,13814.41,annual,76.72,3,0.0,,0.0,,0.0,0.540662632429129
POL-015990,INS-00281,2023-03-27,2023-01-24,2024-01-24,APD,6,6.6,8,31.8,3.7,381.9,retail,az,0,0,0.0,250,500,9652.0,monthly,70.55,0,0.0,,0.0,,0.0,0.48592203215237756
POL-015991,INS-00067,2023-06-08,2023-01-02,2024-01-02,APD,9,3.8,4,50.2,23.5,430.6,service,wa,0,1,24193.86,5000,100,3455.83,annual,47.49,3,0.0,,0.0,,0.0,0.4896842357434564
POL-017491,INS-00565,2023-07-25,2023-04-05,2024-04-04,AL,7,4.7,5,35.9,1.4,333.1,trucking,ca,0,1,10948.7,1000,300,9116.23,annual,14.39,3,0.0,,0.0,,0.0,0.43979056379202464
POL-017492,INS-00715,2023-03-27,2023-01-31,2024-01-31,AL,7,6.6,8,47.3,5.8,0.0,construction,ga,0,0,0.0,2500,500,17724.4,annual,74.41,1,0.0,,0.0,,0.0,0.5243224793778232
POL-015992,INS-00565,2023-07-03,2023-06-12,2024-06-11,APD,12,2.3,9,31.8,4.6,0.0,retail,fl,2,0,13347.35,1000,100,11463.99,quarterly,8.39,3,2.0,,0.0,,0.0,0.6005658487826426
POL-015993,INS-00392,2023-09-27,2023-07-10,2024-07-09,APD,4,5.7,5,34.4,16.6,157.7,trucking,oh,1,0,2106.84,250,500,4499.56,quarterly,73.14,0,1.0,9999-01-01,-999.0,INVALID,-999.0,0.42127518088068056
POL-017493,INS-00742,2023-04-08,2022-11-28,2023-11-28,AL,6,5.5,7,25.3,1.0,155.6,rideshare,il,0,0,0.0,500,300,11073.32,monthly,72.37,3,1.0,,0.0,,0.0,0.4135390316778594
POL-017494,INS-00141,2024-02-27,2024-02-10,2025-02-09,AL,8,5.1,4,28.5,8.7,200.9,trucking,az,2,0,15146.24,2500,300,13020.22,annual,41.63,3,0.0,,0.0,,0.0,0.45799585914301877
POL-015994,INS-00270,2023-08-14,2023-08-12,2024-08-11,APD,9,3.6,7,32.5,3.6,208.5,retail,ca,0,0,0.0,250,100,12045.16,monthly,36.39,5,2.0,,0.0,,0.0,0.4451090077941104
POL-015995,INS-00511,2023-08-10,2023-07-05,2024-07-04,APD,12,2.7,7,45.6,7.1,551.4,other,tx,2,1,0.0,5000,100,9750.55,monthly,47.62869565217392,1,0.0,,0.0,,0.0,0.6744712756126082
POL-017495,INS-00170,2023-04-18,2023-02-16,2024-02-16,AL,13,9.5,8,40.6,10.0,0.0,construction,oh,0,1,5518.21,250,100,23752.54,monthly,17.36,4,0.0,,0.0,,0.0,0.6091840718247487
POL-017496,INS-00559,2023-07-30,2023-07-27,2024-07-26,AL,10,4.8,1,44.0,20.0,256.8,trucking,tx,0,0,0.0,500,500,13900.65,monthly,92.13,2,3.0,,0.0,,0.0,0.6459372100923305
POL-015996,INS-00043,2023-02-24,2022-12-30,2023-12-30,APD,11,7.6,12,0.0,32.8,141.7,construction,fl,2,0,4828.35,250,100,4348.01,monthly,15.5,3,0.0,,0.0,,0.0,0.5160130863727659
POL-015997,INS-00551,2024-03-10,2024-01-24,2025-01-23,APD,11,6.2,5,30.0,3.0,622.6,trucking,fl,0,0,0.0,1000,100,8346.74,quarterly,29.36,2,3.0,,0.0,,0.0,0.6622971659683354
POL-017497,INS-00422,2023-05-12,2023-02-23,2024-02-23,AL,7,6.2,8,38.2,5.3,136.3,construction,tx,1,0,11088.83,500,1000,25568.74,quarterly,31.23,0,0.0,,0.0,,0.0,0.37137184491213465
POL-017498,INS-00440,2023-06-12,2023-02-17,2024-02-17,AL,8,5.7,4,39.2,4.7,401.8,retail,pa,0,1,15508.55,250,300,20746.14,quarterly,11.55,0,0.0,,0.0,,0.0,0.39703186538643565
POL-015998,INS-00729,2024-04-06,2023-11-28,2024-11-27,APD,4,2.7,7,50.6,12.1,170.8,retail,wa,0,1,0.0,5000,300,9845.53,monthly,11.76,0,2.0,,0.0,,0.0,0.2354376763373749
POL-015999,INS-00575,2024-05-03,2024-01-22,2025-01-21,APD,5,5.4,7,35.5,4.4,120.0,service,pa,0,1,3923.69,5000,1000,8125.48,monthly,20.43,0,3.0,,0.0,,0.0,0.336118175438174
POL-017499,INS-00164,2024-06-17,2024-02-13,2025-02-12,AL,11,5.5,5,33.4,1.0,285.4,construction,il,1,0,0.0,250,300,9247.05,annual,11.78,2,1.0,,0.0,,0.0,0.4086999525062251
POL-017500,INS-00497,2023-08-19,2023-03-09,2024-03-08,AL,11,10.0,3,24.0,4.3,642.4,retail,co,1,0,7778.83,2500,300,13007.21,monthly,2.52,2,2.0,,0.0,,0.0,0.506467584400094
POL-016000,INS-00596,2023-09-06,2023-03-25,2024-03-24,APD,3,9.9,7,61.4,5.2,95.7,retail,co,0,0,0.0,5000,500,10456.94,annual,89.2,2,0.0,,0.0,,0.0,0.3220461683333283
POL-016001,INS-00140,2024-01-13,2024-01-12,2025-01-11,APD,7,6.3,3,35.8,5.9,122.2,construction,il,0,1,14422.15,500,100,16905.48,quarterly,77.44,1,0.0,,0.0,,0.0,0.46839583565793097
POL-017501,INS-00451,2023-05-26,2023-05-07,2024-05-06,AL,12,5.6,4,42.6,8.1,194.5,service,pa,1,0,33486.49,1000,500,12085.94,monthly,73.55,6,2.0,,0.0,,0.0,0.6726379428990701
POL-017502,INS-00643,2023-04-11,2023-02-03,2024-02-03,AL,7,8.1,7,30.4,1.0,91.2,trucking,fl,0,1,6148.17,2500,300,29178.72,quarterly,46.18,1,3.0,,0.0,,0.0,0.5557846000239005
POL-016002,INS-00687,2023-03-03,2022-12-06,2023-12-06,APD,10,4.9,2,38.4,2.0,240.3,retail,ca,0,2,0.0,500,500,8416.63,annual,50.13297619047619,3,0.0,9999-01-01,-999.0,INVALID,-999.0,0.4817439339391383
POL-016003,INS-00450,2023-02-02,2022-09-09,2023-09-09,APD,8,0.3,7,41.6,22.1,230.5,service,fl,0,0,0.0,250,100,5582.92,annual,63.97,3,0.0,,0.0,,0.0,0.4299038954076339
POL-017503,INS-00221,2023-08-31,2023-08-11,2024-08-10,AL,5,9.4,3,23.4,5.0,0.0,other,ga,0,0,0.0,1000,300,11479.7,quarterly,45.88,1,0.0,,0.0,,0.0,0.412175875058789
POL-017504,INS-00534,2023-09-11,2023-06-05,2024-06-04,AL,5,3.7,7,24.7,5.1,251.0,trucking,pa,0,0,0.0,250,300,5333.56,quarterly,13.01,1,0.0,,0.0,,0.0,0.29874742914385505
POL-016004,INS-00421,2024-02-19,2023-12-20,2024-12-19,APD,9,5.0,6,40.6,15.9,0.0,retail,pa,0,1,43934.67,500,300,5652.54,quarterly,30.22,2,1.0,,0.0,,0.0,0.46522636188688965
POL-017505,INS-00047,2024-01-16,2023-08-04,2024-08-03,AL,4,2.0,3,44.5,16.5,109.2,other,oh,0,0,0.0,500,500,13409.0,monthly,74.49,0,2.0,,0.0,,0.0,0.329031604013371
POL-016005,INS-00289,2024-05-29,2024-04-30,2025-04-30,APD,7,6.2,5,40.9,17.1,182.8,rideshare,az,0,0,0.0,5000,300,14066.35,annual,23.24,1,3.0,,0.0,,0.0,0.40344297539258317
POL-017506,INS-00629,2023-11-09,2023-07-06,2024-07-05,AL,9,2.6,9,35.7,7.0,206.9,retail,ga,1,1,93892.31,500,300,28677.4,quarterly,52.90282967032967,2,0.0,9999-01-01,-999.0,INVALID,-999.0,0.5618824557379488
POL-016006,INS-00309,2023-12-28,2023-10-28,2024-10-27,APD,15,4.3,3,30.5,1.5,245.4,service,nc,3,0,33060.74,250,100,3940.04,annual,45.21,3,1.0,,0.0,,0.0,0.7289829547242759
POL-017507,INS-00088,2023-11-29,2023-11-12,2024-11-11,AL,4,7.2,6,36.3,1.0,110.0,trucking,ny,0,0,0.0,250,500,21979.25,quarterly,60.82,0,0.0,,0.0,,0.0,0.3378188482357426
POL-016007,INS-00236,2024-06-04,2024-02-05,2025-02-04,APD,4,2.0,8,27.8,26.0,0.0,construction,az,2,0,13488.43,5000,500,9111.04,monthly,89.15,0,2.0,,0.0,,0.0,0.5691804455458362
POL-016008,INS-00399,2023-10-21,2023-06-15,2024-06-14,APD,7,3.1,8,33.4,1.0,109.4,trucking,ny,2,0,50744.24,2500,1000,6463.99,quarterly,92.7,1,0.0,,0.0,,0.0,0.5496352980167802
POL-017508,INS-00688,2024-05-14,2024-01-13,2025-01-12,AL,12,5.3,9,34.8,4.6,502.0,construction,fl,2,0,36837.6,5000,1000,12418.8,annual,13.97,2,0.0,,0.0,,0.0,0.580444794470063
POL-017509,INS-00024,2023-03-31,2022-10-05,2023-10-05,AL,8,8.0,4,32.7,12.0,133.4,rideshare,az,1,1,30331.32,2500,300,9507.88,annual,19.67,1,0.0,,0.0,,0.0,0.3795957218097955
POL-016009,INS-00491,2024-03-15,2024-02-14,2025-02-13,APD,6,6.6,6,54.6,1.7,124.1,trucking,wa,2,0,8719.0,1000,500,5397.57,annual,49.9,0,0.0,,0.0,,0.0,0.48746770558239794
POL-016010,INS-00673,2023-01-13,2023-01-11,2024-01-11,APD,11,2.9,4,21.0,12.1,158.8,retail,wa,2,0,35454.24,5000,500,7842.38,annual,67.37,2,0.0,9999-01-01,-999.0,INVALID,-999.0,0.5890468492068337
POL-017510,INS-00456,2023-12-23,2023-11-01,2024-10-31,AL,12,9.9,7,38.1,5.5,795.3,retail,ca,1,0,5187.77,500,300,25361.64,quarterly,5.98,0,2.0,,0.0,,0.0,0.5484171068257211
POL-017511,INS-00538,2023-07-07,2023-01-29,2024-01-29,AL,8,6.6,6,38.7,2.7,432.4,retail,az,0,2,7157.04,500,300,10752.37,monthly,29.5,4,1.0,9999-01-01,-999.0,INVALID,-999.0,0.5721397632003766
POL-016011,INS-00731,2024-04-13,2023-12-27,2024-12-26,APD,8,0.0,3,33.7,5.2,239.4,construction,pa,1,0,0.0,250,100,8353.91,monthly,22.75,1,2.0,,0.0,,0.0,0.4497073052346392
POL-016012,INS-00010,2023-01-21,2023-01-05,2024-01-05,APD,8,5.5,6,46.2,1.3,161.2,retail,az,1,0,7810.76,5000,300,19717.76,quarterly,87.78,1,2.0,,0.0,,0.0,0.5950143201661637
POL-017512,INS-00329,2023-04-02,2022-11-25,2023-11-25,AL,12,8.0,5,38.2,5.2,151.8,retail,tx,1,0,0.0,2500,500,19721.91,quarterly,80.42,2,0.0,9999-01-01,-999.0,INVALID,-999.0,0.6060292781255784
POL-017513,INS-00318,2024-01-22,2023-08-20,2024-08-19,AL,6,8.3,2,35.8,5.8,97.8,service,co,0,0,0.0,500,300,8147.11,monthly,26.98,2,2.0,,0.0,,0.0,0.30441083175448425
POL-016013,INS-00133,2023-08-03,2023-04-18,2024-04-17,APD,6,7.3,6,34.8,2.9,123.4,construction,pa,0,0,0.0,1000,500,8701.47,annual,19.14,5,0.0,,0.0,,0.0,0.2901738764662415
POL-016014,INS-00049,2023-10-04,2023-08-03,2024-08-02,APD,4,2.6,6,37.4,9.7,91.3,service,il,0,0,0.0,5000,1000,7342.11,missing,71.74,1,2.0,9999-01-01,-999.0,INVALID,-999.0,0.3171062188200169
POL-017514,INS-00446,2023-04-21,2022-11-04,2023-11-04,AL,8,5.9,8,31.5,19.5,55.7,construction,co,1,1,40072.12,1000,300,9742.79,annual,18.72,1,0.0,,0.0,,0.0,0.3787033218395479
POL-017515,INS-00356,2024-02-15,2024-01-26,2025-01-25,AL,7,5.1,4,37.9,17.2,133.7,construction,pa,0,0,0.0,250,100,22759.38,quarterly,16.96,1,2.0,,0.0,,0.0,0.34172074564580013
POL-016015,INS-00486,2024-03-29,2023-10-02,2024-10-01,APD,8,5.3,4,48.9,1.2,0.0,service,nc,1,2,83122.19,250,100,18934.05,monthly,38.69,1,0.0,,0.0,,0.0,0.5133082337780716
POL-016016,INS-00356,2024-04-08,2024-02-12,2025-02-11,APD,5,7.2,7,36.9,10.6,56.9,retail,tx,2,0,6243.16,500,500,4828.76,quarterly,31.21,2,1.0,,0.0,,0.0,0.379010662916937
POL-017516,INS-00157,2023-12-03,2023-08-26,2024-08-25,AL,6,2.5,6,46.8,11.3,159.4,retail,pa,0,2,6606.31,500,500,7815.93,quarterly,46.52,2,0.0,,0.0,,0.0,0.500721175204755
POL-017517,INS-00104,2024-01-01,2023-09-19,2024-09-18,AL,10,1.1,6,43.9,12.9,0.0,retail,ca,2,0,9463.07,2500,500,12961.94,monthly,63.87,2,1.0,,0.0,,0.0,0.610031234666445
POL-016017,INS-00110,2023-07-29,2023-04-19,2024-04-18,APD,8,3.1,5,55.4,33.6,366.0,trucking,co,1,1,10352.61,250,1000,6314.55,annual,58.84,2,0.0,,0.0,,0.0,0.5472405895163145
POL-016018,INS-00448,2023-12-17,2023-08-20,2024-08-19,APD,6,7.3,5,21.0,3.6,199.3,retail,co,1,0,22441.46,250,1000,10591.86,quarterly,49.63,1,0.0,,0.0,,0.0,0.4205228711564067
POL-017518,INS-00521,2023-05-27,2023-01-06,2024-01-06,AL,9,8.3,4,25.1,8.2,258.2,retail,oh,1,0,7274.41,1000,300,11421.35,quarterly,20.25,1,0.0,,0.0,,0.0,0.37791607635144553
POL-017519,INS-00102,2023-11-03,2023-09-15,2024-09-14,AL,6,6.9,4,42.0,3.2,187.0,other,oh,1,0,13364.95,5000,300,11206.54,monthly,64.9,3,1.0,,0.0,,0.0,0.4607510235735248
POL-016019,INS-00422,2023-02-04,2022-09-11,2023-09-11,APD,9,8.7,6,30.2,1.2,153.9,trucking,nc,0,1,6964.03,1000,300,5511.22,quarterly,15.36,0,1.0,,0.0,,0.0,0.4311552304246314
POL-016020,INS-00311,2023-12-08,2023-11-07,2024-11-06,APD,9,7.6,6,40.5,7.1,239.8,retail,ca,1,1,6778.66,250,1000,6049.56,annual,41.95,3,2.0,,0.0,,0.0,0.5579302333579668
POL-017520,INS-00581,2024-02-11,2023-08-23,2024-08-22,AL,6,4.9,7,30.8,1.2,161.4,other,ny,0,1,15661.95,2500,500,16111.42,annual,5.06,1,0.0,,0.0,,0.0,0.3137737087862885
POL-016021,INS-00411,2023-03-15,2023-01-31,2024-01-31,APD,4,0.0,9,40.3,1.0,144.4,other,ga,0,0,0.0,1000,300,3668.07,annual,95.38,3,0.0,,0.0,,0.0,0.3258261430682536
POL-017521,INS-00405,2023-04-30,2022-11-13,2023-11-13,AL,10,6.6,5,33.0,3.2,323.8,service,oh,1,1,26750.75,500,1000,9176.28,monthly,12.02,2,0.0,,0.0,,0.0,0.467695861265011
POL-017522,INS-00660,2023-10-18,2023-05-23,2024-05-22,AL,8,3.8,6,32.5,1.0,208.2,retail,il,1,0,7964.36,500,300,15228.05,quarterly,52.98,2,2.0,,0.0,,0.0,0.4827526584806943
POL-016022,INS-00208,2023-03-27,2022-10-14,2023-10-14,APD,7,4.3,8,32.7,4.1,200.9,retail,tx,1,1,9849.45,500,1000,10858.38,monthly,31.47,1,0.0,,0.0,,0.0,0.4131455804894259
POL-016023,INS-00087,2023-11-30,2023-10-17,2024-10-16,APD,10,12.1,6,45.4,1.9,285.3,trucking,wa,0,0,0.0,1000,100,5105.26,annual,39.96,1,0.0,,0.0,,0.0,0.5415883052741695
POL-017523,INS-00314,2023-06-19,2023-05-08,2024-05-07,AL,10,5.7,4,39.9,28.3,243.4,retail,ca,0,2,18241.57,2500,500,12562.77,annual,83.26,4,1.0,,0.0,,0.0,0.7272925058385954
POL-017524,INS-00314,2023-03-11,2022-12-26,2023-12-26,AL,6,0.6,5,48.9,8.7,47.8,trucking,wa,4,0,77794.39,1000,500,17076.47,monthly,2.16,1,1.0,,0.0,,0.0,0.3252829726689686
POL-016024,INS-00521,2023-07-24,2023-05-26,2024-05-25,APD,9,6.3,6,36.1,4.1,479.5,trucking,tx,1,2,32050.54,500,500,5542.85,monthly,90.83,1,0.0,,0.0,,0.0,0.7034790649680567
POL-017525,INS-00062,2023-02-04,2022-09-20,2023-09-20,AL,8,7.2,7,43.7,9.5,125.7,trucking,ny,1,0,20872.79,2500,300,14446.49,quarterly,84.63,2,2.0,9999-01-01,-999.0,INVALID,-999.0,0.6115881226499957
POL-016025,INS-00616,2024-04-08,2023-11-12,2024-11-11,APD,5,7.8,8,33.0,3.0,173.7,trucking,co,2,0,8404.58,1000,300,12705.01,quarterly,44.91,3,0.0,,0.0,,0.0,0.42896589423173975
POL-016026,INS-00162,2024-03-25,2024-02-10,2025-02-09,APD,8,9.3,4,24.2,1.0,174.7,retail,ca,0,0,0.0,5000,300,13208.39,monthly,58.73,3,3.0,9999-01-01,-999.0,INVALID,-999.0,0.5181001908301308
POL-017526,INS-00146,2023-11-14,2023-06-12,2024-06-11,AL,8,5.3,9,46.0,1.9,202.0,retail,az,0,1,15073.63,5000,1000,12740.35,quarterly,65.81,1,1.0,,0.0,,0.0,0.6248725797195978
POL-017527,INS-00441,2023-07-13,2023-02-22,2024-02-22,AL,6,4.1,7,0.0,2.1,206.6,construction,ca,0,0,0.0,1000,500,7814.34,annual,85.57,1,3.0,,0.0,,0.0,0.4832053524505304
POL-016027,INS-00118,2024-05-12,2024-05-12,2025-05-12,APD,7,4.9,7,44.3,5.8,299.9,retail,fl,3,0,53971.99,5000,300,4963.15,monthly,90.85,1,0.0,,0.0,,0.0,0.6291081052344377
POL-016028,INS-00298,2023-08-31,2023-06-11,2024-06-10,APD,7,0.6,6,37.6,2.9,0.0,service,wa,0,0,0.0,250,500,10031.18,annual,63.69,1,0.0,,0.0,,0.0,0.48398270160314144
POL-017528,INS-00724,2024-03-22,2023-11-22,2024-11-21,AL,6,5.6,3,46.4,18.9,104.0,service,tx,1,0,4244.06,2500,300,8627.16,monthly,13.57,2,1.0,,0.0,,0.0,0.28253343999484415
POL-017529,INS-00165,2024-01-23,2023-12-12,2024-12-11,AL,11,4.4,6,36.7,1.0,70.5,retail,ga,2,0,19286.78,5000,500,14637.17,annual,59.39,2,1.0,,0.0,,0.0,0.5561079227686404
POL-016029,INS-00600,2024-05-10,2024-04-09,2025-04-09,APD,10,1.7,3,41.0,1.1,87.3,retail,pa,0,0,0.0,2500,500,21243.41,quarterly,93.13,2,2.0,,0.0,,0.0,0.5685281936379728
POL-016030,INS-00007,2023-02-07,2022-08-13,2023-08-13,APD,12,6.5,11,32.1,6.7,552.9,trucking,nc,1,0,8580.17,2500,100,4983.66,quarterly,42.1,2,1.0,9999-01-01,-999.0,INVALID,-999.0,0.6900501330569091
POL-017530,INS-00671,2023-11-25,2023-08-09,2024-08-08,AL,7,8.8,9,45.7,1.0,134.4,retail,tx,1,1,18854.27,5000,100,9494.03,monthly,25.65,3,0.0,,0.0,,0.0,0.4179621425583526
POL-017531,INS-00656,2023-05-23,2023-04-20,2024-04-19,AL,8,2.8,6,43.9,1.0,267.4,retail,co,0,1,16019.18,2500,300,19974.09,annual,52.90282967032967,2,1.0,,0.0,,0.0,0.5112468409790661
POL-016031,INS-00556,2023-01-08,2022-12-31,2023-12-31,APD,8,0.0,6,34.2,1.0,247.3,construction,ga,2,0,25294.73,250,100,6199.15,annual,57.17,2,4.0,,0.0,,0.0,0.6251025968861725
POL-016032,INS-00688,2024-03-26,2023-10-11,2024-10-10,APD,5,5.9,2,32.3,9.9,125.1,construction,tx,1,1,14817.55,2500,1000,4031.11,quarterly,47.59,2,0.0,,0.0,,0.0,0.3500258098521971
POL-017532,INS-00006,2024-04-29,2024-01-26,2025-01-25,AL,12,3.1,5,49.6,20.5,258.6,rideshare,ca,1,0,7913.74,2500,500,7709.91,monthly,18.27,7,2.0,,0.0,,0.0,0.6134216243146966
POL-017533,INS-00451,2024-02-26,2023-12-08,2024-12-07,AL,11,4.0,8,41.1,9.4,254.0,construction,ny,2,0,105557.99,1000,500,13895.56,quarterly,29.2,2,1.0,,0.0,,0.0,0.5630961673958799
POL-016033,INS-00549,2023-03-08,2023-01-06,2024-01-06,APD,9,0.8,5,54.7,1.1,217.5,service,ga,0,0,0.0,500,300,7005.93,annual,49.43019157088123,3,1.0,,0.0,,0.0,0.45657345565136764
POL-016034,INS-00359,2023-10-05,2023-05-27,2024-05-26,APD,6,2.7,7,40.3,2.2,217.3,retail,tx,0,1,2854.37,500,1000,13951.4,quarterly,50.13297619047619,0,1.0,,0.0,,0.0,0.39094943713785885
POL-017534,INS-00073,2023-11-30,2023-10-26,2024-10-25,AL,10,7.6,4,31.9,1.0,263.5,retail,il,0,1,29099.55,250,500,16576.05,monthly,96.72,2,4.0,,0.0,,0.0,0.7015277344811502
POL-016035,INS-00669,2024-06-25,2024-05-16,2025-05-16,APD,6,6.9,5,32.8,1.7,133.6,service,nc,2,0,18152.95,250,300,7518.52,annual,49.43019157088123,0,0.0,,0.0,,0.0,0.482434733234024
POL-017535,INS-00053,2023-11-08,2023-05-29,2024-05-28,AL,9,3.0,4,0.0,8.5,69.1,service,fl,0,2,37964.99,250,500,8077.19,quarterly,37.08,2,0.0,,0.0,,0.0,0.5491448583451686
POL-017536,INS-00625,2024-02-25,2023-10-06,2024-10-05,AL,7,5.2,9,39.7,4.0,168.4,rideshare,wa,0,0,0.0,500,500,6839.73,annual,26.65,2,0.0,,0.0,,0.0,0.31802899084477465
POL-016036,INS-00606,2023-09-21,2023-06-28,2024-06-27,APD,7,7.6,6,36.5,1.8,157.5,trucking,ny,0,0,0.0,500,300,4293.26,annual,2.97,2,0.0,,0.0,,0.0,0.31292519269479924
POL-017537,INS-00595,2023-09-12,2023-05-03,2024-05-02,AL,7,4.5,6,53.9,6.0,137.3,trucking,co,0,0,0.0,5000,300,13085.52,quarterly,14.02,1,1.0,,0.0,,0.0,0.406757120005964
POL-016037,INS-00252,2023-05-06,2023-02-06,2024-02-06,APD,10,4.4,10,25.3,1.0,386.8,trucking,ga,0,0,0.0,250,500,7838.26,monthly,71.15,3,2.0,,0.0,,0.0,0.6378773166597231
POL-016038,INS-00711,2023-10-31,2023-07-29,2024-07-28,APD,7,4.5,5,41.8,1.6,207.8,trucking,co,0,0,0.0,500,100,5449.23,quarterly,33.51,1,0.0,,0.0,,0.0,0.3636357977792784
POL-017538,INS-00106,2023-09-18,2023-07-22,2024-07-21,AL,8,5.2,3,39.1,14.9,263.5,retail,oh,1,2,34627.32,1000,300,24897.13,quarterly,45.71,0,3.0,,0.0,,0.0,0.591849062452203
POL-016039,INS-00649,2023-09-25,2023-06-28,2024-06-27,APD,9,5.5,2,47.5,1.0,197.2,retail,oh,2,1,9919.23,500,300,5673.42,annual,59.98,0,2.0,,0.0,,0.0,0.637815973956391
POL-017539,INS-00713,2024-06-10,2024-03-03,2025-03-03,AL,11,2.9,4,42.9,4.5,133.0,other,il,1,0,1663.08,1000,500,11783.48,quarterly,97.8,3,1.0,,0.0,,0.0,0.6534194795527083
POL-017540,INS-00437,2024-03-11,2024-03-10,2025-03-10,AL,7,6.6,5,36.4,16.0,246.8,service,wa,1,0,6572.96,2500,300,18472.91,monthly,63.39,0,0.0,,0.0,,0.0,0.35080109294406076
POL-016040,INS-00045,2023-12-19,2023-09-21,2024-09-20,APD,12,8.1,8,43.9,16.0,500.0,construction,tx,2,0,3871.03,250,1000,12678.17,monthly,6.08,4,2.0,,0.0,,0.0,0.6773491166676531
POL-016041,INS-00031,2024-05-05,2024-04-16,2025-04-16,APD,9,6.3,3,34.8,5.0,180.5,construction,oh,1,0,27946.29,1000,500,5313.94,missing,65.32,2,0.0,,0.0,,0.0,0.5187000107462768
POL-017541,INS-00136,2023-12-11,2023-11-09,2024-11-08,AL,8,0.0,4,43.4,6.0,77.7,retail,fl,1,1,73070.49,500,500,11633.44,annual,43.7,1,1.0,,0.0,,0.0,0.4683748068793848
POL-017542,INS-00459,2024-04-05,2023-11-30,2024-11-29,AL,5,2.3,8,35.1,5.1,356.3,construction,pa,0,0,0.0,5000,500,11278.39,monthly,52.84,0,0.0,,0.0,,0.0,0.3623809670079843
POL-016042,INS-00519,2024-06-14,2024-04-19,2025-04-19,APD,8,3.7,5,37.3,8.8,124.8,other,ny,3,1,18579.21,2500,300,7099.14,monthly,15.47,1,2.0,,0.0,,0.0,0.49558662161747363
POL-016043,INS-00633,2024-06-16,2023-12-29,2024-12-28,APD,6,4.7,5,42.4,6.2,237.7,construction,pa,0,0,0.0,1000,1000,8516.93,quarterly,69.51,1,0.0,,0.0,,0.0,0.413256427814198
POL-017543,INS-00404,2024-05-05,2024-01-08,2025-01-07,AL,5,4.8,4,44.5,8.9,179.1,service,ca,1,0,0.0,500,500,10611.17,monthly,20.32,1,2.0,,0.0,,0.0,0.26698894967523934
POL-017544,INS-00469,2023-04-16,2023-02-15,2024-02-15,AL,6,3.5,6,48.8,2.1,222.7,service,co,0,0,0.0,500,1000,8612.54,monthly,2.95,2,1.0,,0.0,,0.0,0.2943330529862314
POL-016044,INS-00655,2024-03-25,2024-02-20,2025-02-19,APD,9,5.7,4,38.2,38.5,163.4,service,oh,0,0,0.0,5000,100,15265.13,annual,81.19,1,0.0,,0.0,,0.0,0.5092141955328425
POL-016045,INS-00357,2023-03-13,2022-11-27,2023-11-27,APD,5,5.9,5,32.5,7.5,98.4,trucking,il,1,1,46460.88,5000,500,9939.76,quarterly,49.78,0,0.0,,0.0,,0.0,0.35144324433899526
POL-017545,INS-00366,2024-01-13,2023-10-15,2024-10-14,AL,3,4.5,12,43.3,30.3,56.1,construction,fl,0,0,0.0,500,300,10230.43,monthly,83.72,1,0.0,,0.0,,0.0,0.2939783003251283
POL-017546,INS-00738,2023-08-04,2023-07-17,2024-07-16,AL,10,6.8,3,44.3,19.8,337.2,retail,ca,0,0,0.0,2500,500,17200.2,monthly,12.6,5,0.0,,0.0,,0.0,0.4736776389205049
POL-016046,INS-00303,2023-04-26,2023-01-25,2024-01-25,APD,10,8.2,7,31.2,2.1,216.1,service,co,2,1,35513.2,2500,1000,4693.93,quarterly,23.74,3,1.0,,0.0,,0.0,0.5338235699126883
POL-016047,INS-00354,2023-04-28,2022-12-11,2023-12-11,APD,4,7.2,6,34.8,9.7,69.1,retail,fl,0,1,6507.19,2500,500,10531.57,annual,95.32,1,0.0,,0.0,,0.0,0.39190357011496335
POL-017547,INS-00597,2023-11-16,2023-06-07,2024-06-06,AL,8,3.0,8,26.0,1.8,119.2,retail,ca,1,0,0.0,250,500,13339.51,quarterly,9.91,2,2.0,9999-01-01,-999.0,INVALID,-999.0,0.3865861354233225
POL-017548,INS-00524,2023-03-27,2022-11-24,2023-11-24,AL,15,4.3,7,34.1,7.2,215.7,construction,tx,0,0,0.0,250,300,14404.28,quarterly,50.15,2,0.0,9999-01-01,-999.0,INVALID,-999.0,0.5810994041059353
POL-016048,INS-00242,2024-05-12,2024-02-22,2025-02-21,APD,9,7.5,6,0.0,5.3,131.1,trucking,ny,1,0,8686.17,500,100,4813.1,monthly,45.78,1,3.0,9999-01-01,-999.0,INVALID,-999.0,0.5932344238429766
POL-016049,INS-00284,2024-01-19,2024-01-08,2025-01-07,APD,7,6.5,5,41.8,9.6,284.8,service,tx,0,0,0.0,2500,100,7813.07,quarterly,95.99,0,2.0,,0.0,,0.0,0.5783585953970183
POL-017549,INS-00101,2023-10-12,2023-09-15,2024-09-14,AL,11,6.8,5,42.7,1.0,312.4,retail,nc,1,0,7010.3,250,500,28940.82,monthly,40.46,1,0.0,,0.0,,0.0,0.42987210256712993
POL-017550,INS-00152,2024-06-29,2024-05-14,2025-05-14,AL,8,4.9,5,37.7,2.4,408.4,retail,nc,2,0,23486.27,2500,300,10597.05,annual,50.52,3,1.0,,0.0,,0.0,0.5024744000419147
POL-016050,INS-00274,2024-03-09,2024-02-13,2025-02-12,APD,8,0.0,7,40.0,1.0,298.8,trucking,wa,1,0,3383.98,1000,500,10966.17,monthly,63.12,2,4.0,,0.0,,0.0,0.6274485692967913
POL-016051,INS-00708,2023-02-17,2022-11-21,2023-11-21,APD,11,5.5,9,45.5,8.7,198.9,service,wa,1,1,24334.7,2500,500,11267.78,monthly,48.01,1,0.0,,0.0,,0.0,0.5604076363180555
POL-017551,INS-00426,2023-04-21,2023-03-23,2024-03-22,AL,11,2.3,3,36.6,20.5,168.7,trucking,tx,0,1,7113.62,1000,500,9804.94,quarterly,15.93,2,2.0,,0.0,,0.0,0.5883120495139673
POL-017552,INS-00227,2023-05-21,2023-01-21,2024-01-21,AL,4,0.8,11,47.4,5.7,109.2,retail,fl,0,0,0.0,2500,300,26738.77,quarterly,59.15,1,0.0,,0.0,,0.0,0.32850492965041916
POL-016052,INS-00452,2023-05-01,2023-02-09,2024-02-09,APD,4,8.1,6,28.1,1.0,31.7,trucking,il,0,1,16276.76,1000,100,4226.14,quarterly,31.42,0,0.0,,0.0,,0.0,0.27662028848199427
POL-017553,INS-00015,2023-11-11,2023-05-28,2024-05-27,AL,9,7.9,8,35.4,5.6,236.9,construction,ga,2,1,99683.1,2500,300,16923.42,monthly,8.17,2,0.0,,0.0,,0.0,0.45601107166524224
POL-016053,INS-00431,2024-05-21,2024-04-06,2025-04-06,APD,6,1.5,9,51.5,23.8,0.0,trucking,tx,1,0,12312.75,2500,1000,9544.72,quarterly,14.23,1,1.0,,0.0,,0.0,0.3974127910443791
POL-016054,INS-00461,2024-03-12,2023-10-11,2024-10-10,APD,9,4.6,12,36.4,11.5,0.0,other,ny,0,0,0.0,500,100,8610.81,monthly,87.04,4,0.0,,0.0,,0.0,0.5740001128889496
POL-017554,INS-00441,2023-07-05,2023-06-28,2024-06-27,AL,7,6.3,1,32.8,3.8,173.0,service,ny,1,0,3171.15,250,300,9904.82,monthly,15.45,0,0.0,,0.0,,0.0,0.23409853568495667
POL-017555,INS-00221,2023-05-11,2023-01-08,2024-01-08,AL,6,6.7,6,45.9,11.0,292.2,service,co,2,0,8845.74,1000,300,14261.1,annual,97.28,2,3.0,,0.0,,0.0,0.5105066184053879
POL-016055,INS-00402,2023-05-12,2022-12-13,2023-12-13,APD,11,3.5,8,36.3,7.7,132.4,other,ca,3,0,52313.8,2500,1000,7696.91,quarterly,68.98,2,4.0,,0.0,,0.0,0.6957143906515889
POL-016056,INS-00729,2023-12-09,2023-06-30,2024-06-29,APD,9,1.4,4,27.8,15.7,410.2,construction,pa,2,1,92839.96,500,100,7507.32,quarterly,66.37,2,2.0,,0.0,,0.0,0.6261593863564662
POL-017556,INS-00539,2024-04-15,2023-11-12,2024-11-11,AL,9,5.6,6,31.5,10.1,503.3,retail,wa,0,1,2516.42,250,500,13376.77,annual,22.85,2,0.0,,0.0,,0.0,0.47699927799628106
POL-017557,INS-00127,2023-04-13,2022-12-13,2023-12-13,AL,7,4.8,6,27.8,1.0,260.1,retail,nc,2,0,0.0,1000,500,11519.07,monthly,57.99,2,0.0,,0.0,,0.0,0.39696924633474195
POL-016057,INS-00378,2024-01-30,2023-12-15,2024-12-14,APD,5,7.3,6,45.3,2.4,96.0,trucking,ny,1,1,24009.22,1000,100,8264.11,annual,25.71,1,2.0,,0.0,,0.0,0.38623776729610504
POL-016058,INS-00626,2024-03-10,2023-10-10,2024-10-09,APD,5,8.5,10,45.8,17.8,130.9,service,co,0,0,0.0,2500,300,8726.3,quarterly,49.43019157088123,1,0.0,,0.0,,0.0,0.32139553400502785
POL-017558,INS-00608,2024-02-24,2024-01-04,2025-01-03,AL,6,1.7,5,0.0,1.0,209.7,retail,fl,0,0,0.0,5000,500,11245.63,quarterly,52.90282967032967,1,0.0,,0.0,,0.0,0.42372630652908383
POL-017559,INS-00434,2023-11-15,2023-07-22,2024-07-21,AL,7,6.6,3,52.5,3.2,64.9,rideshare,tx,2,0,21909.81,5000,500,15713.46,monthly,74.23,1,4.0,,0.0,,0.0,0.5425038492286056
POL-016059,INS-00425,2023-09-15,2023-05-21,2024-05-20,APD,12,9.3,9,41.0,3.0,333.0,other,tx,2,1,4155.44,5000,300,7740.44,monthly,77.65,1,0.0,,0.0,,0.0,0.7214295207815854
POL-016060,INS-00677,2024-06-22,2024-04-04,2025-04-04,APD,10,7.5,2,35.3,14.8,267.9,service,nc,0,1,11204.12,2500,300,7151.29,monthly,16.53,1,0.0,,0.0,,0.0,0.44983741881925765
POL-017560,INS-00338,2023-07-31,2023-02-27,2024-02-27,AL,9,1.2,4,38.0,7.9,217.4,service,il,2,0,8237.78,1000,500,10007.5,monthly,27.45,1,0.0,,0.0,,0.0,0.3412338092509577
POL-017561,INS-00452,2024-06-24,2024-01-02,2025-01-01,AL,16,5.0,7,44.6,1.0,513.2,service,ca,1,1,21951.16,250,1000,12759.36,monthly,24.26,2,3.0,,0.0,,0.0,0.7091634707883158
POL-016061,INS-00171,2023-10-23,2023-10-01,2024-09-30,APD,13,7.5,8,40.9,8.4,226.9,retail,wa,0,1,18974.52,1000,300,5888.12,monthly,90.34,1,0.0,,0.0,,0.0,0.6638883931195382
POL-016062,INS-00728,2024-04-10,2023-10-31,2024-10-30,APD,6,0.0,4,34.2,18.1,69.0,construction,ca,0,0,0.0,5000,500,12339.84,monthly,65.36,3,2.0,,0.0,,0.0,0.37792959792958275
POL-017562,INS-00048,2023-05-09,2023-02-12,2024-02-12,AL,4,8.7,7,48.1,1.5,125.2,retail,oh,0,0,0.0,5000,500,17541.24,missing,69.87,0,1.0,,0.0,,0.0,0.3694281987486872
POL-017563,INS-00314,2024-05-06,2023-12-10,2024-12-09,AL,6,7.7,7,33.4,1.2,98.0,construction,ny,1,0,10753.03,2500,300,31686.78,annual,19.23,4,0.0,,0.0,,0.0,0.34380213551489686
POL-016063,INS-00258,2023-06-16,2023-04-06,2024-04-05,APD,8,4.9,8,38.1,14.3,184.7,construction,fl,1,0,1434.08,500,300,5850.19,quarterly,36.6,1,0.0,9999-01-01,-999.0,INVALID,-999.0,0.4409154233539157
POL-016064,INS-00067,2023-04-07,2023-01-15,2024-01-15,APD,12,4.7,4,38.0,23.5,487.5,retail,nc,1,0,9296.66,5000,1000,9798.51,monthly,84.09,2,1.0,,0.0,,0.0,0.7316040466280789
POL-017564,INS-00647,2023-03-10,2023-01-22,2024-01-22,AL,8,7.9,8,21.0,3.1,188.5,retail,pa,0,0,0.0,2500,1000,16318.95,quarterly,60.37,0,1.0,,0.0,,0.0,0.4898220967113758
POL-017565,INS-00131,2023-06-25,2023-05-31,2024-05-30,AL,6,10.8,5,28.3,12.0,201.7,retail,pa,0,1,26415.75,5000,500,5813.31,monthly,78.91,1,0.0,,0.0,,0.0,0.5004431666392367
POL-016065,INS-00454,2024-01-28,2023-11-21,2024-11-20,APD,5,5.9,3,29.8,1.0,240.5,trucking,ga,0,0,0.0,5000,500,5006.38,monthly,21.37,1,0.0,,0.0,,0.0,0.29238233600756036
POL-017566,INS-00081,2023-10-23,2023-09-16,2024-09-15,AL,7,2.5,4,21.5,4.1,150.9,service,ny,0,0,0.0,5000,300,22544.36,annual,40.12,2,1.0,,0.0,,0.0,0.38681671389733635
POL-016066,INS-00545,2024-03-01,2024-01-29,2025-01-28,APD,8,9.7,5,26.0,5.3,182.9,trucking,co,2,0,8392.84,500,100,3689.05,monthly,91.77,2,2.0,,0.0,,0.0,0.7044727955593928
POL-016067,INS-00544,2023-10-31,2023-09-03,2024-09-02,APD,8,3.6,14,37.1,26.8,242.6,construction,az,1,0,0.0,500,300,2325.66,annual,9.18,1,0.0,,0.0,,0.0,0.37444428482687353
POL-017567,INS-00371,2023-05-21,2023-04-21,2024-04-20,AL,13,0.3,6,37.7,2.7,184.4,retail,ny,2,2,41903.99,250,500,14553.96,monthly,14.29,3,0.0,,0.0,,0.0,0.5814583969612601
POL-017568,INS-00541,2024-01-03,2023-12-27,2024-12-26,AL,7,4.7,6,30.1,1.1,154.5,service,ny,0,0,0.0,5000,1000,25233.01,quarterly,82.37,1,1.0,,0.0,,0.0,0.5489490340117205
POL-016068,INS-00287,2023-01-17,2022-09-01,2023-09-01,APD,13,5.5,6,32.1,21.6,222.2,retail,tx,0,1,3053.75,250,500,3299.39,monthly,9.55,3,0.0,,0.0,,0.0,0.4519754494034281
POL-017569,INS-00055,2023-03-12,2023-03-10,2024-03-09,AL,9,0.7,8,41.2,1.0,262.9,service,ca,2,1,31778.14,1000,1000,18695.79,annual,20.1,2,0.0,,0.0,,0.0,0.4641625837940803
POL-016069,INS-00524,2023-12-28,2023-10-04,2024-10-03,APD,10,4.6,9,46.2,4.8,510.0,construction,wa,1,0,3614.88,1000,500,7840.43,monthly,43.36,2,0.0,,0.0,,0.0,0.6229518064556474
POL-016070,INS-00523,2024-04-19,2024-04-09,2025-04-09,APD,12,8.8,7,32.8,8.5,436.2,retail,co,1,0,25750.37,500,300,10695.78,monthly,45.22,6,0.0,,0.0,,0.0,0.6328799644285257
POL-017570,INS-00017,2024-03-17,2024-01-11,2025-01-10,AL,8,8.8,7,46.8,1.8,0.0,trucking,tx,1,1,8045.47,500,300,10212.33,annual,15.89,1,3.0,,0.0,,0.0,0.5499377871418192
POL-017571,INS-00326,2023-01-06,2022-09-14,2023-09-14,AL,7,2.7,9,31.2,9.6,214.7,retail,nc,0,0,0.0,2500,1000,8061.19,quarterly,81.05,2,1.0,,0.0,,0.0,0.5652393892266537
POL-016071,INS-00205,2024-05-12,2024-02-14,2025-02-13,APD,4,2.2,5,36.8,5.9,109.9,retail,pa,0,0,0.0,250,100,17404.83,monthly,93.52,0,0.0,,0.0,,0.0,0.3669181075965778
POL-016072,INS-00127,2023-10-28,2023-08-30,2024-08-29,APD,13,3.1,5,39.2,1.0,386.1,construction,il,0,0,0.0,250,300,10977.19,annual,80.68,3,0.0,,0.0,,0.0,0.663318740696732
POL-017572,INS-00068,2023-07-29,2023-05-10,2024-05-09,AL,2,7.4,1,30.4,3.2,31.6,rideshare,oh,1,0,9284.56,1000,300,9110.57,monthly,28.92,1,2.0,,0.0,,0.0,0.21677672933034872
POL-017573,INS-00039,2024-01-05,2023-11-26,2024-11-25,AL,3,1.6,8,44.8,14.4,66.7,other,az,0,0,0.0,500,1000,19395.02,monthly,84.16,0,0.0,,0.0,,0.0,0.30745723577753575
POL-016073,INS-00494,2023-04-07,2023-03-15,2024-03-14,APD,9,8.2,2,40.0,2.4,201.8,other,fl,2,0,0.0,5000,100,14643.75,monthly,66.63,4,4.0,,0.0,,0.0,0.658891348231452
POL-016074,INS-00650,2023-01-01,2022-08-16,2023-08-16,APD,11,6.2,8,37.0,6.5,184.5,retail,ga,0,1,6538.78,2500,1000,12758.54,annual,68.61,2,0.0,,0.0,,0.0,0.55587767799109
POL-017574,INS-00455,2023-06-27,2023-02-03,2024-02-03,AL,9,3.6,7,33.5,1.0,200.3,retail,il,1,1,84268.98,1000,1000,25421.12,monthly,65.12,2,0.0,,0.0,,0.0,0.5890982752262631
POL-017575,INS-00648,2023-04-13,2023-01-09,2024-01-09,AL,7,3.9,5,35.0,20.2,119.0,service,ny,3,1,25332.54,500,100,9278.48,quarterly,8.44,2,1.0,,0.0,,0.0,0.36989325226759895
POL-016075,INS-00307,2024-02-26,2023-12-16,2024-12-15,APD,9,7.6,6,24.1,9.9,145.8,trucking,az,0,0,0.0,5000,500,6022.75,annual,63.11,1,3.0,,0.0,,0.0,0.5594330524357745
POL-017576,INS-00494,2023-10-13,2023-10-05,2024-10-04,AL,12,6.9,4,40.0,1.0,480.2,service,oh,0,1,11507.96,5000,300,10020.0,annual,51.84,2,4.0,,0.0,,0.0,0.7099609683413867
POL-016076,INS-00641,2024-06-22,2024-03-17,2025-03-17,APD,10,11.2,5,30.1,6.4,404.7,construction,il,1,0,20162.56,1000,500,7858.17,quarterly,43.43,4,2.0,,0.0,,0.0,0.6409924733617893
POL-016077,INS-00687,2023-04-06,2022-12-02,2023-12-02,APD,10,1.8,5,41.1,3.8,123.8,retail,ca,1,0,21823.37,250,500,20091.01,monthly,50.13297619047619,0,0.0,,0.0,,0.0,0.514298322987562
POL-017577,INS-00727,2024-04-01,2023-10-12,2024-10-11,AL,9,3.5,7,36.7,15.1,250.3,service,az,0,0,0.0,250,500,9401.37,annual,18.12,1,1.0,,0.0,,0.0,0.33840910590644885
POL-017578,INS-00514,2024-05-20,2024-04-14,2025-04-14,AL,4,11.3,12,43.7,5.5,68.5,retail,ny,1,0,3764.46,5000,100,5931.35,monthly,59.86,0,2.0,,0.0,,0.0,0.31772988577401917
POL-016078,INS-00077,2024-01-06,2023-11-25,2024-11-24,APD,10,3.6,4,39.3,10.0,192.6,rideshare,ca,1,2,11304.14,250,300,12246.4,monthly,17.05,0,2.0,,0.0,,0.0,0.5190671214923337
POL-016079,INS-00254,2023-06-21,2023-06-08,2024-06-07,APD,10,0.7,4,32.4,6.4,642.3,construction,tx,0,1,0.0,500,100,8059.16,monthly,55.69,5,0.0,,0.0,,0.0,0.5982714759888801
POL-017579,INS-00580,2023-12-23,2023-07-10,2024-07-09,AL,8,5.8,5,41.0,6.1,0.0,trucking,il,0,0,0.0,5000,300,10435.54,quarterly,90.91,2,0.0,,0.0,,0.0,0.692378276477692
POL-017580,INS-00402,2024-01-23,2023-08-13,2024-08-12,AL,8,1.4,7,39.3,6.4,614.9,construction,pa,1,0,5639.54,2500,300,8513.64,annual,49.91827464788733,4,0.0,,0.0,,0.0,0.5551426154522128
POL-016080,INS-00528,2024-02-09,2023-08-28,2024-08-27,APD,11,5.0,9,30.9,3.6,183.0,service,az,1,1,28340.64,500,500,18444.24,missing,47.75,3,1.0,,0.0,,0.0,0.5475413771520155
POL-016081,INS-00076,2023-03-31,2023-01-13,2024-01-13,APD,8,7.1,5,39.5,3.7,489.1,retail,il,0,0,0.0,5000,500,4844.52,monthly,23.76,2,1.0,,0.0,,0.0,0.4671085885692371
POL-017581,INS-00452,2023-11-28,2023-06-18,2024-06-17,AL,9,8.5,7,23.6,5.4,174.7,retail,tx,0,0,0.0,1000,1000,23154.75,monthly,61.31,3,0.0,,0.0,,0.0,0.49637787743548883
POL-016082,INS-00400,2023-05-31,2023-03-25,2024-03-24,APD,8,7.0,11,41.6,4.0,437.9,construction,az,0,0,0.0,250,100,8264.61,monthly,96.6,0,0.0,,0.0,,0.0,0.6384818121069638
POL-017582,INS-00016,2023-10-08,2023-07-27,2024-07-26,AL,6,10.0,4,30.1,1.0,111.3,retail,oh,0,0,0.0,2500,1000,6146.31,monthly,54.52,0,0.0,,0.0,,0.0,0.3504182785870886
POL-017583,INS-00469,2023-12-03,2023-08-20,2024-08-19,AL,11,1.8,6,35.5,4.8,209.5,trucking,co,1,0,4580.53,1000,300,12915.39,monthly,21.96,1,1.0,,0.0,,0.0,0.43154668214280884
POL-016083,INS-00614,2023-03-12,2022-11-20,2023-11-20,APD,10,5.0,6,30.4,5.6,639.3,trucking,fl,1,0,5165.25,2500,500,18623.27,missing,22.24,1,0.0,9999-01-01,-999.0,INVALID,-999.0,0.607986083340544
POL-017584,INS-00546,2023-09-23,2023-06-13,2024-06-12,AL,10,3.5,3,43.0,6.0,0.0,other,oh,0,0,0.0,500,100,11740.78,monthly,97.28,1,1.0,,0.0,,0.0,0.6016506062515958
POL-016084,INS-00220,2023-10-30,2023-05-26,2024-05-25,APD,11,7.5,6,42.9,1.0,240.1,trucking,oh,0,0,0.0,1000,100,6201.48,monthly,57.37,0,0.0,,0.0,,0.0,0.5718550022697004
POL-016085,INS-00177,2023-02-12,2023-02-07,2024-02-07,APD,5,5.7,5,49.5,1.0,201.5,trucking,ny,1,0,24385.18,250,500,6877.35,monthly,20.33,0,0.0,,0.0,,0.0,0.34869457335547943
POL-017585,INS-00250,2023-12-10,2023-10-23,2024-10-22,AL,9,5.0,7,31.6,25.4,146.1,retail,co,0,0,0.0,500,500,13854.32,monthly,14.59,3,0.0,,0.0,,0.0,0.3541163357097093
POL-016086,INS-00032,2024-05-26,2024-02-09,2025-02-08,APD,8,6.9,7,28.4,2.7,91.0,trucking,nc,0,0,0.0,5000,300,3941.58,annual,15.17,3,0.0,,0.0,,0.0,0.3297300370105737
POL-017586,INS-00279,2024-06-21,2024-06-03,2025-06-03,AL,7,1.9,5,47.2,12.7,620.1,retail,ca,1,2,12249.87,2500,500,6911.35,annual,23.83,0,1.0,,0.0,,0.0,0.5278785266518528
POL-017587,INS-00237,2023-07-16,2023-04-14,2024-04-13,AL,14,0.4,8,41.7,17.4,584.3,retail,fl,2,0,24734.87,1000,300,7962.77,annual,24.84,5,0.0,,0.0,,0.0,0.6226169058013268
POL-016087,INS-00671,2023-01-29,2022-12-02,2023-12-02,APD,5,0.7,6,31.0,10.4,135.1,retail,il,1,0,13919.76,500,100,8649.22,monthly,62.83,1,1.0,,0.0,,0.0,0.3977475312816027
POL-016088,INS-00110,2023-12-08,2023-06-30,2024-06-29,APD,8,6.9,3,33.7,4.9,128.1,retail,wa,1,0,23699.45,5000,500,10856.85,monthly,7.17,1,1.0,,0.0,,0.0,0.387464131230152
POL-017588,INS-00206,2023-07-31,2023-02-16,2024-02-16,AL,6,8.4,4,46.0,6.5,127.4,trucking,fl,0,0,0.0,1000,300,7228.76,monthly,98.86,1,0.0,,0.0,,0.0,0.44394054621684925
POL-016089,INS-00650,2023-12-26,2023-11-01,2024-10-31,APD,5,8.3,3,29.0,26.8,124.0,retail,fl,0,2,13923.45,1000,500,3654.62,annual,71.98,2,2.0,,0.0,,0.0,0.4216102022277264
POL-017589,INS-00629,2023-10-23,2023-06-12,2024-06-11,AL,8,7.6,9,24.2,11.9,75.0,trucking,ca,1,1,34900.19,1000,1000,11215.79,monthly,69.55,3,1.0,,0.0,,0.0,0.6291314124909063
POL-017590,INS-00545,2024-01-07,2023-09-14,2024-09-13,AL,7,5.1,2,53.2,1.3,447.1,retail,fl,2,0,20794.37,250,300,14192.79,monthly,94.07,0,1.0,,0.0,,0.0,0.4778834315001901
POL-016090,INS-00188,2023-05-21,2022-12-31,2023-12-31,APD,12,3.6,5,21.0,7.4,369.2,trucking,nc,1,0,2725.75,2500,300,12574.07,monthly,50.350069284064666,0,0.0,,0.0,,0.0,0.6479924067537844
POL-017591,INS-00614,2023-05-07,2022-12-31,2023-12-31,AL,9,4.1,3,56.7,7.6,35.0,service,oh,0,1,36255.64,250,500,5853.19,monthly,52.87,3,0.0,,0.0,,0.0,0.5055607233237094
POL-016091,INS-00253,2023-01-15,2022-10-01,2023-10-01,APD,5,1.9,6,35.3,6.4,168.9,service,il,0,0,0.0,5000,100,11356.19,annual,75.92,1,2.0,,0.0,,0.0,0.40682180001625806
POL-016092,INS-00672,2024-03-06,2024-03-02,2025-03-02,APD,8,4.2,3,48.7,11.1,237.2,retail,tx,0,2,16232.09,1000,500,15862.96,quarterly,37.98,3,0.0,,0.0,,0.0,0.39125403974011475
POL-017592,INS-00158,2024-02-14,2023-11-05,2024-11-04,AL,5,5.7,7,35.4,8.8,123.6,construction,tx,1,1,13533.05,500,1000,9682.71,quarterly,69.67,2,1.0,,0.0,,0.0,0.5337295795672476
POL-017593,INS-00317,2023-05-12,2023-04-03,2024-04-02,AL,8,6.8,11,39.6,5.6,0.0,service,ga,1,0,6421.69,500,300,12495.58,annual,31.72,0,0.0,9999-01-01,-999.0,INVALID,-999.0,0.3700563653107928
POL-016093,INS-00473,2023-05-21,2023-03-14,2024-03-13,APD,12,6.5,11,32.8,2.4,150.7,trucking,ga,0,0,0.0,2500,100,20397.9,quarterly,28.58,4,1.0,,0.0,,0.0,0.48458749470917334
POL-016094,INS-00364,2024-06-22,2024-04-09,2025-04-09,APD,13,3.4,7,21.0,2.2,495.0,retail,az,1,0,6916.82,5000,500,13817.3,annual,78.85,1,2.0,,0.0,,0.0,0.7654766616157948
POL-017594,INS-00011,2023-04-02,2023-01-16,2024-01-16,AL,10,5.1,4,40.0,3.2,245.8,service,wa,1,0,11820.07,5000,500,16016.13,annual,66.87,1,1.0,,0.0,,0.0,0.5231010383108313
POL-017595,INS-00096,2023-02-24,2022-12-12,2023-12-12,AL,9,6.0,10,40.2,12.3,207.9,construction,nc,0,0,0.0,5000,300,9940.9,monthly,75.93,2,0.0,,0.0,,0.0,0.5157588361414708
POL-016095,INS-00148,2023-01-25,2022-09-26,2023-09-26,APD,10,5.2,11,42.3,3.6,364.4,construction,ga,1,0,3636.65,1000,500,5653.29,quarterly,55.3,4,0.0,,0.0,,0.0,0.578037647786444
POL-016096,INS-00086,2023-01-19,2022-08-16,2023-08-16,APD,8,4.4,4,34.7,3.0,296.2,service,ga,0,1,53647.42,2500,100,7784.18,annual,66.64,2,0.0,,0.0,,0.0,0.4821691305975011
POL-017596,INS-00425,2024-06-17,2024-02-24,2025-02-23,AL,8,3.3,11,34.7,1.0,239.0,service,tx,1,1,41330.82,250,300,20025.92,quarterly,83.45,1,0.0,,0.0,,0.0,0.5398190348267523
POL-016097,INS-00573,2023-06-28,2023-02-16,2024-02-16,APD,8,5.1,5,62.2,15.4,220.1,service,ga,0,0,0.0,250,300,8025.68,annual,36.3,2,0.0,,0.0,,0.0,0.40395575269189843
POL-017597,INS-00602,2024-02-10,2023-10-26,2024-10-25,AL,9,2.3,9,36.6,1.7,156.0,service,pa,0,0,0.0,1000,100,8957.7,annual,49.42157509157509,0,0.0,,0.0,,0.0,0.32508063424373124
POL-017598,INS-00593,2023-06-26,2022-12-29,2023-12-29,AL,5,3.4,3,34.8,9.5,158.2,retail,wa,0,0,0.0,250,300,29395.26,quarterly,8.84,1,0.0,,0.0,,0.0,0.2476411366872924
POL-016098,INS-00401,2023-11-23,2023-08-14,2024-08-13,APD,9,5.6,18,24.6,3.5,378.4,retail,ca,2,1,72978.68,250,100,9204.04,monthly,25.78,0,0.0,9999-01-01,-999.0,INVALID,-999.0,0.5342439387156563
POL-016099,INS-00625,2024-04-30,2024-04-09,2025-04-09,APD,6,11.4,4,35.7,16.6,60.9,construction,nc,0,0,0.0,250,500,6985.84,quarterly,20.34,2,0.0,,0.0,,0.0,0.3061187866606451
POL-017599,INS-00070,2023-09-26,2023-08-10,2024-08-09,AL,8,7.0,4,24.1,1.0,183.0,service,ga,0,0,0.0,5000,500,10686.38,annual,53.1,3,0.0,,0.0,,0.0,0.4558433066426412
POL-017600,INS-00724,2023-08-25,2023-08-20,2024-08-19,AL,13,1.6,8,34.0,19.5,721.1,retail,ga,1,0,981.37,1000,500,14406.69,annual,40.35,3,4.0,,0.0,,0.0,0.7074346995824752
POL-016100,INS-00008,2023-04-20,2023-04-14,2024-04-13,APD,5,2.3,4,42.2,1.0,119.7,construction,il,0,0,0.0,500,300,8981.63,monthly,1.39,2,0.0,,0.0,,0.0,0.2216089537687767
POL-016101,INS-00624,2024-03-26,2024-01-24,2025-01-23,APD,11,1.4,8,22.1,2.4,219.4,construction,az,0,0,0.0,500,100,5171.45,monthly,48.57,3,0.0,9999-01-01,-999.0,INVALID,-999.0,0.4809853250311898
POL-017601,INS-00445,2023-02-16,2022-12-09,2023-12-09,AL,8,0.3,4,29.5,1.6,325.7,trucking,ny,1,0,8306.31,5000,100,8427.26,monthly,16.38,2,3.0,,0.0,,0.0,0.48043930101653737
POL-017602,INS-00615,2024-02-07,2023-11-06,2024-11-05,AL,5,3.8,11,39.6,12.1,104.7,retail,pa,0,1,10239.05,500,1000,11200.94,quarterly,2.52,1,3.0,,0.0,,0.0,0.3946800502475808
POL-016102,INS-00438,2024-01-15,2023-08-01,2024-07-31,APD,12,3.8,7,44.7,40.0,392.0,retail,wa,0,0,0.0,500,300,13394.28,annual,31.72,4,0.0,,0.0,,0.0,0.5027414708349309
POL-016103,INS-00158,2023-03-28,2022-12-22,2023-12-22,APD,7,2.7,6,44.4,11.1,241.3,construction,fl,0,0,0.0,2500,300,6997.2,monthly,99.89,1,0.0,,0.0,,0.0,0.5133729754639312
POL-017603,INS-00008,2023-08-26,2023-08-07,2024-08-06,AL,5,6.0,5,34.1,8.6,134.7,service,ny,1,1,31622.08,500,500,9547.63,quarterly,22.43,1,1.0,,0.0,,0.0,0.35548140522515026
POL-017604,INS-00623,2023-07-29,2023-02-08,2024-02-08,AL,9,5.4,6,37.4,2.1,254.6,construction,ny,0,1,7579.93,1000,300,11010.87,monthly,18.65,0,0.0,,0.0,,0.0,0.3730331948900355
POL-016104,INS-00594,2024-03-09,2023-11-23,2024-11-22,APD,5,5.2,9,46.7,10.7,101.5,trucking,fl,0,0,0.0,5000,300,12774.31,annual,50.350069284064666,2,0.0,,0.0,,0.0,0.31578034063147353
POL-016105,INS-00684,2023-09-27,2023-09-22,2024-09-21,APD,9,0.0,7,47.1,1.0,417.7,retail,pa,1,0,29842.6,5000,500,2000.0,monthly,35.6,3,0.0,,0.0,,0.0,0.4716159933301657
POL-017605,INS-00214,2023-06-01,2023-02-15,2024-02-15,AL,8,7.5,8,49.5,28.7,374.1,construction,wa,1,1,72069.43,2500,500,8188.64,monthly,17.21,1,0.0,,0.0,,0.0,0.45582469445405654
POL-017606,INS-00059,2023-08-06,2023-02-10,2024-02-10,AL,6,9.0,4,43.7,14.2,110.4,service,tx,1,0,27961.11,1000,100,12390.59,annual,20.29,0,0.0,,0.0,,0.0,0.22510449444014224
POL-016106,INS-00046,2023-06-09,2023-03-24,2024-03-23,APD,7,6.9,6,37.5,1.3,161.6,trucking,il,2,0,6913.9,2500,100,6869.55,annual,38.44,0,0.0,,0.0,,0.0,0.49962686696217856
POL-016107,INS-00324,2024-01-06,2023-08-05,2024-08-04,APD,8,7.9,5,33.0,20.2,148.3,retail,ga,0,0,0.0,5000,100,7908.18,quarterly,3.24,1,0.0,,0.0,,0.0,0.293961117440092
POL-017607,INS-00346,2023-01-08,2022-09-22,2023-09-22,AL,5,6.8,6,41.6,17.6,73.9,construction,ga,0,0,0.0,1000,1000,12092.23,quarterly,14.74,0,0.0,,0.0,,0.0,0.290985816993471
POL-017608,INS-00570,2023-01-17,2022-12-19,2023-12-19,AL,7,5.2,4,36.7,27.6,55.7,service,ny,0,0,0.0,2500,1000,15488.42,annual,27.12,2,0.0,,0.0,,0.0,0.35851109147688437
POL-016108,INS-00634,2023-02-24,2022-11-22,2023-11-22,APD,5,6.1,2,0.0,16.7,174.6,trucking,tx,1,0,5425.91,2500,100,7066.82,monthly,6.02,3,1.0,,0.0,,0.0,0.3150476587339796
POL-016109,INS-00046,2023-10-09,2023-07-07,2024-07-06,APD,6,2.0,3,46.9,17.3,97.1,retail,il,0,1,8342.08,250,300,11717.2,monthly,1.28,3,0.0,,0.0,,0.0,0.23950730132483705
POL-017609,INS-00689,2023-11-27,2023-08-17,2024-08-16,AL,9,7.1,8,47.0,6.1,368.9,construction,il,2,0,23651.9,5000,100,38571.95,monthly,8.06,2,0.0,,0.0,,0.0,0.39818571754027327
POL-017610,INS-00050,2023-05-29,2023-02-27,2024-02-27,AL,9,5.9,3,44.7,2.8,0.0,construction,az,0,1,12597.66,500,300,24641.47,monthly,74.99,0,0.0,,0.0,,0.0,0.5772951284738225
POL-016110,INS-00696,2023-09-18,2023-07-01,2024-06-30,APD,5,4.1,5,44.6,5.5,126.2,construction,ga,0,0,0.0,5000,100,13221.04,quarterly,49.768,4,0.0,,0.0,,0.0,0.2843189150100103
POL-016111,INS-00091,2023-10-01,2023-06-01,2024-05-31,APD,11,3.9,5,52.5,3.9,417.2,construction,oh,0,0,0.0,5000,100,12312.73,annual,30.39,1,0.0,,0.0,,0.0,0.5152033480295887
POL-017611,INS-00488,2023-12-09,2023-11-19,2024-11-18,AL,7,1.3,10,41.5,9.9,423.2,construction,nc,0,0,0.0,250,500,13121.03,monthly,60.69,2,0.0,,0.0,,0.0,0.4393084776738588
POL-017612,INS-00365,2024-06-06,2024-05-11,2025-05-11,AL,7,1.7,8,43.4,12.6,150.1,construction,pa,0,2,13611.7,500,500,10528.31,quarterly,74.48,2,0.0,,0.0,,0.0,0.6012963697453617
POL-016112,INS-00494,2023-07-04,2023-06-27,2024-06-26,APD,10,0.9,7,31.6,1.0,266.0,trucking,az,0,0,0.0,2500,100,24087.12,annual,26.44,1,0.0,,0.0,,0.0,0.44225137489145466
POL-016113,INS-00384,2023-06-24,2023-05-07,2024-05-06,APD,10,6.0,5,35.6,19.4,264.1,trucking,ca,1,1,22455.2,1000,300,12617.88,monthly,42.79,1,0.0,,0.0,,0.0,0.5580084124032917
POL-017613,INS-00380,2023-10-12,2023-09-29,2024-09-28,AL,10,2.4,6,0.0,7.2,195.9,retail,ca,1,1,0.0,500,1000,35035.92,annual,63.65,2,2.0,,0.0,,0.0,0.609369569761353
POL-017614,INS-00510,2023-07-09,2023-01-14,2024-01-14,AL,7,1.9,9,46.2,13.0,104.7,trucking,il,1,0,31039.59,2500,500,6186.07,monthly,86.25,0,1.0,,0.0,,0.0,0.48879790546468427
POL-016114,INS-00335,2024-04-11,2024-02-25,2025-02-24,APD,7,1.7,1,39.8,4.3,243.8,service,nc,0,1,14014.54,500,500,20292.39,annual,36.78,3,1.0,,0.0,,0.0,0.40636074112917514
POL-016115,INS-00700,2023-11-07,2023-10-27,2024-10-26,APD,9,5.2,1,31.9,4.4,220.7,construction,nc,0,1,0.0,500,100,4025.71,annual,14.59,3,0.0,,0.0,,0.0,0.3776068297418897
POL-017615,INS-00712,2023-07-16,2023-06-16,2024-06-15,AL,8,3.8,5,38.0,29.2,132.0,trucking,ca,1,3,18324.61,500,500,17432.0,monthly,94.08,2,0.0,9999-01-01,-999.0,INVALID,-999.0,0.7006929029836776
POL-017616,INS-00642,2023-08-14,2023-08-03,2024-08-02,AL,12,6.3,6,43.9,37.9,347.0,rideshare,co,1,1,12811.26,5000,1000,4710.78,quarterly,8.48,5,0.0,,0.0,,0.0,0.6836432583878492
POL-016116,INS-00305,2023-05-13,2023-02-06,2024-02-06,APD,16,0.0,3,0.0,7.5,999.9,construction,ga,0,1,28160.88,250,500,9719.54,monthly,40.24,4,1.0,,0.0,,0.0,0.8026859712405272
POL-017617,INS-00034,2024-02-18,2023-09-10,2024-09-09,AL,6,2.9,6,53.5,18.2,337.5,trucking,az,2,0,24345.78,500,1000,23147.08,annual,16.89,2,0.0,,0.0,,0.0,0.38824879824143194
POL-016117,INS-00063,2023-03-31,2022-11-03,2023-11-03,APD,8,6.1,5,54.3,4.1,258.2,retail,fl,0,0,0.0,2500,500,11714.66,annual,44.77,3,0.0,,0.0,,0.0,0.422673217604784
POL-016118,INS-00451,2023-10-15,2023-09-16,2024-09-15,APD,7,7.0,6,33.2,18.1,311.9,service,ny,0,1,31437.31,2500,500,8297.65,quarterly,47.82,3,1.0,,0.0,,0.0,0.4358368688541036
POL-017618,INS-00244,2024-04-09,2024-02-15,2025-02-14,AL,7,3.6,4,39.5,2.6,225.1,trucking,wa,1,1,15969.53,2500,500,19688.19,monthly,11.01,3,0.0,,0.0,,0.0,0.44337209946744255
POL-017619,INS-00349,2023-07-16,2023-06-28,2024-06-27,AL,13,8.5,7,43.9,3.7,593.3,construction,az,3,1,41445.75,5000,500,11969.2,monthly,19.38,1,1.0,9999-01-01,-999.0,INVALID,-999.0,0.652102327864611
POL-016119,INS-00630,2023-02-16,2023-01-30,2024-01-30,APD,6,3.5,5,33.4,2.6,257.8,service,il,0,1,13296.75,500,100,2657.51,monthly,49.84,2,4.0,,0.0,,0.0,0.4798017267137989
POL-016120,INS-00099,2024-02-14,2023-09-03,2024-09-02,APD,7,8.0,4,58.3,2.4,0.0,retail,tx,1,0,6099.82,5000,1000,11412.9,missing,40.59,1,0.0,,0.0,,0.0,0.4797840002626124
POL-017620,INS-00547,2023-02-23,2022-10-21,2023-10-21,AL,8,6.9,5,43.7,6.8,141.8,construction,ny,1,1,34870.87,1000,300,13233.55,monthly,73.19,1,2.0,,0.0,,0.0,0.5358235068841412
POL-017621,INS-00105,2023-06-13,2023-05-16,2024-05-15,AL,10,4.9,10,33.4,4.9,282.1,trucking,il,0,0,0.0,1000,500,18681.34,annual,26.75,4,2.0,,0.0,,0.0,0.5432735288832327
POL-016121,INS-00075,2024-05-19,2024-02-12,2025-02-11,APD,4,0.7,11,48.6,2.4,86.1,construction,il,0,1,28065.19,1000,300,5592.96,monthly,47.18,0,2.0,,0.0,,0.0,0.30591682187896935
POL-016122,INS-00052,2023-11-11,2023-06-25,2024-06-24,APD,3,6.1,6,42.1,6.5,50.3,trucking,wa,0,0,0.0,500,300,4294.79,quarterly,25.05,1,0.0,,0.0,,0.0,0.20252976214749174
POL-017622,INS-00384,2023-06-04,2023-03-14,2024-03-13,AL,10,4.4,6,30.6,5.5,355.8,construction,az,1,2,0.0,250,300,13408.05,annual,58.22,2,4.0,,0.0,,0.0,0.6861803480156786
POL-016123,INS-00264,2023-06-22,2023-03-25,2024-03-24,APD,12,4.3,11,43.1,7.8,170.9,other,fl,1,1,29131.04,500,500,6410.76,monthly,92.95,2,0.0,,0.0,,0.0,0.6428475207840395
POL-017623,INS-00204,2023-01-28,2022-09-04,2023-09-04,AL,12,9.3,5,40.1,1.0,233.8,construction,ca,3,1,28411.08,5000,300,18891.55,annual,49.91827464788733,2,0.0,,0.0,,0.0,0.6071209550138108
POL-017624,INS-00304,2023-11-14,2023-07-18,2024-07-17,AL,12,5.9,8,30.9,8.5,555.4,construction,pa,0,0,0.0,5000,300,18035.63,monthly,10.37,3,0.0,,0.0,,0.0,0.536536659728224
POL-016124,INS-00068,2023-01-11,2022-10-27,2023-10-27,APD,6,10.1,6,41.5,4.1,222.5,retail,ny,1,1,15567.68,5000,100,13221.24,quarterly,50.13297619047619,2,0.0,,0.0,,0.0,0.4266796175735476
POL-017625,INS-00458,2023-01-10,2022-09-17,2023-09-17,AL,3,0.7,3,39.8,6.1,59.7,trucking,fl,0,0,0.0,5000,100,10940.58,quarterly,60.25,0,0.0,,0.0,,0.0,0.33423812185774354
POL-016125,INS-00082,2023-02-05,2022-08-16,2023-08-16,APD,3,7.2,3,21.4,9.1,0.0,construction,oh,0,0,0.0,500,100,11391.8,annual,35.73,1,0.0,,0.0,,0.0,0.3036626741961192
POL-016126,INS-00477,2023-07-28,2023-03-22,2024-03-21,APD,9,2.4,7,45.1,27.7,263.6,trucking,tx,0,3,42495.78,250,500,8074.91,annual,83.49,1,0.0,,0.0,,0.0,0.5443039783709662
POL-017626,INS-00532,2024-02-07,2023-09-26,2024-09-25,AL,10,4.6,2,36.8,22.8,384.5,retail,ny,1,1,32661.81,250,500,14136.45,monthly,17.08,0,1.0,,0.0,,0.0,0.4474227425488218
POL-017627,INS-00739,2024-02-19,2023-10-28,2024-10-27,AL,7,6.2,8,38.8,13.3,251.7,trucking,tx,1,0,18336.11,1000,500,12156.89,annual,87.98,3,1.0,,0.0,,0.0,0.5634524886012552
POL-016127,INS-00535,2024-03-18,2023-10-29,2024-10-28,APD,8,7.0,6,39.3,7.4,261.5,service,ga,0,1,5825.98,1000,300,5162.99,quarterly,46.76,3,1.0,,0.0,,0.0,0.46673604743884173
POL-016128,INS-00250,2024-05-20,2024-04-22,2025-04-22,APD,8,4.2,10,46.9,6.2,289.6,trucking,nc,1,2,20367.13,250,300,5199.12,quarterly,80.01,3,0.0,,0.0,,0.0,0.5641307612817454
POL-017628,INS-00034,2024-05-12,2023-12-24,2024-12-23,AL,7,6.7,10,0.0,4.0,0.0,construction,il,1,0,7852.37,2500,300,10455.27,monthly,29.39,1,0.0,,0.0,,0.0,0.4121312400770209
POL-017629,INS-00595,2023-04-27,2022-12-07,2023-12-07,AL,12,5.3,3,42.8,3.1,341.0,trucking,nc,1,0,2192.84,2500,300,10919.96,annual,66.02,2,1.0,,0.0,,0.0,0.6156491650895073
POL-016129,INS-00668,2024-05-03,2024-01-01,2024-12-31,APD,8,7.2,5,34.4,8.5,206.6,service,oh,0,1,9288.12,2500,100,2954.9,annual,49.43019157088123,1,3.0,,0.0,,0.0,0.5241278680179048
POL-016130,INS-00095,2023-04-18,2023-01-11,2024-01-11,APD,9,4.7,4,53.1,21.2,177.1,service,az,0,1,14685.29,2500,500,11990.81,annual,16.19,2,1.0,,0.0,,0.0,0.39898042383462723
POL-017630,INS-00306,2023-11-25,2023-08-07,2024-08-06,AL,8,6.5,5,30.6,15.0,251.7,service,fl,0,1,7008.74,1000,300,20657.73,annual,76.35,1,0.0,,0.0,,0.0,0.4725777973503728
POL-017631,INS-00448,2023-05-26,2023-03-24,2024-03-23,AL,10,4.3,5,42.0,14.1,302.2,trucking,ca,0,0,0.0,2500,300,9382.88,monthly,95.9,2,4.0,,0.0,,0.0,0.6881510995052039
POL-016131,INS-00450,2023-07-21,2023-05-17,2024-05-16,APD,11,8.0,8,41.5,1.0,228.0,trucking,pa,1,0,6814.2,2500,300,11123.66,annual,27.66,3,1.0,,0.0,,0.0,0.5676589164595773
POL-016132,INS-00555,2024-06-22,2024-03-16,2025-03-16,APD,9,8.3,3,48.1,5.4,0.0,trucking,ca,3,0,188533.26,250,100,8921.57,monthly,45.68,1,0.0,,0.0,,0.0,0.6051126431945296
POL-017632,INS-00682,2024-02-17,2023-11-05,2024-11-04,AL,5,6.0,7,50.1,24.5,164.5,retail,ga,0,0,0.0,2500,300,5204.17,monthly,89.74,4,0.0,,0.0,,0.0,0.44749077868925763
POL-017633,INS-00555,2023-05-15,2023-04-05,2024-04-04,AL,7,6.4,9,40.7,1.0,0.0,trucking,pa,0,1,6089.63,1000,500,9615.43,monthly,96.29,1,1.0,,0.0,,0.0,0.663703875241928
POL-016133,INS-00087,2023-04-06,2022-10-11,2023-10-11,APD,6,6.9,6,39.4,7.4,143.6,service,tx,0,0,0.0,5000,100,6398.96,monthly,22.11,1,0.0,,0.0,,0.0,0.3004666919417337
POL-016134,INS-00376,2023-09-21,2023-05-21,2024-05-20,APD,11,4.3,6,34.9,1.0,238.9,trucking,fl,0,1,0.0,250,100,6247.7,annual,66.26,2,3.0,,0.0,,0.0,0.6322819699730926
POL-017634,INS-00054,2024-03-13,2024-02-14,2025-02-13,AL,8,5.7,8,36.3,13.0,73.9,service,pa,1,0,6694.01,250,500,9649.18,monthly,29.14,1,0.0,,0.0,,0.0,0.3031246824440401
POL-017635,INS-00240,2023-03-13,2023-02-08,2024-02-08,AL,8,5.9,7,0.0,10.6,131.2,construction,nc,0,1,3999.87,1000,300,17704.94,annual,49.91827464788733,1,1.0,,0.0,,0.0,0.4480780865249939
POL-016135,INS-00413,2023-08-21,2023-06-13,2024-06-12,APD,7,6.8,8,36.5,1.5,196.5,retail,nc,1,0,12076.46,500,500,13349.19,quarterly,99.97,1,1.0,,0.0,,0.0,0.5976368274895655
POL-016136,INS-00695,2023-01-25,2022-08-21,2023-08-21,APD,4,5.1,5,27.8,26.5,134.1,trucking,fl,1,0,27584.47,2500,500,23237.86,quarterly,88.97,0,1.0,,0.0,,0.0,0.4414467747522183
POL-017636,INS-00396,2023-07-18,2023-04-11,2024-04-10,AL,10,8.8,10,30.6,8.8,190.4,service,tx,1,1,7319.3,250,500,6905.82,monthly,50.03,4,1.0,9999-01-01,-999.0,INVALID,-999.0,0.5476354456319036
POL-017637,INS-00481,2024-03-13,2023-10-30,2024-10-29,AL,6,3.6,6,41.9,11.5,77.5,service,tx,1,0,5625.35,1000,1000,10893.05,annual,90.38,1,0.0,9999-01-01,-999.0,INVALID,-999.0,0.4257748930521081
POL-016137,INS-00161,2024-02-22,2024-02-07,2025-02-06,APD,8,10.6,7,41.0,19.3,192.0,retail,tx,2,0,116293.97,500,1000,4158.69,annual,83.17,1,0.0,9999-01-01,-999.0,INVALID,-999.0,0.5750906426119093
POL-017638,INS-00357,2023-03-31,2023-02-15,2024-02-15,AL,8,6.5,7,45.3,9.9,164.2,construction,il,0,0,0.0,5000,1000,17602.1,annual,80.36,1,2.0,,0.0,,0.0,0.5741714655493214
POL-016138,INS-00725,2024-04-17,2023-11-17,2024-11-16,APD,12,5.9,5,48.1,1.1,310.1,construction,il,1,0,8798.59,1000,500,25000.0,annual,33.39,2,1.0,,0.0,,0.0,0.6237590587568956
POL-016139,INS-00086,2023-05-13,2022-12-13,2023-12-13,APD,8,3.3,7,40.3,1.0,209.1,service,ny,0,0,0.0,500,100,5906.55,annual,55.69,3,0.0,,0.0,,0.0,0.43244476602460236
POL-017639,INS-00356,2024-05-07,2023-12-01,2024-11-30,AL,9,4.2,10,0.0,7.1,208.4,trucking,ca,0,0,0.0,500,300,11987.42,annual,27.48,4,3.0,,0.0,,0.0,0.5132115643255892
POL-017640,INS-00493,2024-04-30,2024-04-02,2025-04-02,AL,3,4.9,6,49.6,1.0,120.2,retail,oh,0,0,0.0,1000,300,9255.22,monthly,47.46,0,0.0,,0.0,,0.0,0.21037193018995512
POL-016140,INS-00478,2023-09-17,2023-04-07,2024-04-06,APD,10,4.5,6,35.2,9.1,284.0,trucking,wa,0,0,0.0,1000,300,3777.41,monthly,64.54,1,0.0,,0.0,,0.0,0.5470844672978683
POL-016141,INS-00432,2023-09-18,2023-08-01,2024-07-31,APD,4,7.1,12,26.7,26.4,94.2,construction,az,1,0,7175.37,250,1000,5512.18,quarterly,39.56,1,0.0,,0.0,,0.0,0.30583531484118165
POL-017641,INS-00747,2023-11-23,2023-06-20,2024-06-19,AL,8,3.3,3,52.8,1.0,135.6,retail,ny,1,0,22510.57,500,500,6337.13,annual,35.04,1,0.0,,0.0,,0.0,0.3445039896145041
POL-016142,INS-00582,2023-05-31,2023-01-16,2024-01-16,APD,7,5.6,4,42.4,1.5,164.4,service,co,0,1,11136.02,500,1000,14909.69,quarterly,83.87,1,0.0,,0.0,,0.0,0.4897126707861679
POL-017642,INS-00721,2023-12-06,2023-09-25,2024-09-24,AL,5,6.9,7,43.6,7.5,82.4,retail,tx,1,0,0.0,2500,500,9317.05,annual,22.48,2,2.0,,0.0,,0.0,0.3199970405008899
POL-017643,INS-00121,2024-02-27,2023-09-08,2024-09-07,AL,11,3.6,10,33.7,40.0,317.8,retail,ga,1,0,15200.58,500,500,20166.35,annual,68.16,4,0.0,,0.0,,0.0,0.5748410682369212
POL-016143,INS-00674,2024-04-11,2023-11-04,2024-11-03,APD,4,5.2,6,28.6,4.2,128.7,construction,tx,1,2,26119.35,500,100,9327.17,monthly,64.65,0,0.0,,0.0,,0.0,0.37868019567024014
POL-017644,INS-00491,2023-11-20,2023-06-25,2024-06-24,AL,10,5.7,6,34.7,10.7,537.8,retail,pa,1,2,63171.05,5000,300,18990.21,annual,24.66,2,0.0,,0.0,,0.0,0.6399831979288304
POL-016144,INS-00648,2023-09-09,2023-06-20,2024-06-19,APD,6,7.0,7,44.3,5.1,270.7,retail,oh,0,0,0.0,250,1000,7926.17,annual,14.41,0,0.0,,0.0,,0.0,0.32534949886327924
POL-016145,INS-00738,2023-06-29,2023-02-04,2024-02-04,APD,10,5.6,5,36.0,8.7,373.6,retail,ca,0,0,0.0,250,300,9355.43,monthly,48.05,1,2.0,,0.0,,0.0,0.5784272394214607
POL-017645,INS-00696,2023-04-18,2023-01-28,2024-01-28,AL,8,4.1,6,45.4,7.5,79.0,service,il,2,1,0.0,500,1000,18086.97,annual,51.49,0,0.0,,0.0,,0.0,0.4180459624027923
POL-017646,INS-00248,2024-01-31,2023-10-03,2024-10-02,AL,6,7.8,4,45.1,7.2,119.1,construction,az,0,0,0.0,5000,500,10600.98,quarterly,35.07,1,0.0,9999-01-01,-999.0,INVALID,-999.0,0.38654361062410253
POL-016146,INS-00353,2024-02-15,2023-11-08,2024-11-07,APD,9,3.6,3,34.2,16.3,288.1,retail,tx,2,2,95634.95,5000,1000,6841.89,monthly,12.97,1,1.0,,0.0,,0.0,0.4445924417857687
POL-017647,INS-00373,2023-12-28,2023-07-22,2024-07-21,AL,6,6.3,4,35.2,1.4,124.4,trucking,wa,3,0,18615.9,5000,300,11525.03,missing,68.82,1,0.0,,0.0,,0.0,0.4651375120328042
POL-016147,INS-00648,2024-04-23,2024-01-26,2025-01-25,APD,7,3.2,6,51.2,2.5,346.0,rideshare,ny,2,0,26008.0,5000,100,3562.76,annual,61.53,3,0.0,,0.0,,0.0,0.5352096138496003
POL-016148,INS-00264,2023-12-09,2023-08-05,2024-08-04,APD,9,9.0,5,48.5,1.2,188.7,retail,az,3,1,131689.37,5000,100,7375.03,annual,81.7,0,0.0,,0.0,,0.0,0.6245987592933546
POL-017648,INS-00498,2023-03-30,2022-11-09,2023-11-09,AL,5,4.1,7,57.3,6.2,108.7,construction,fl,3,1,54269.53,2500,300,4785.69,monthly,78.58,1,0.0,,0.0,,0.0,0.44712388256782604
POL-017649,INS-00231,2023-09-05,2023-05-08,2024-05-07,AL,12,3.7,7,58.2,2.9,195.2,trucking,pa,2,0,14779.8,500,1000,10078.23,quarterly,63.38,3,0.0,,0.0,,0.0,0.6604323166843316
POL-016149,INS-00592,2024-03-14,2023-12-08,2024-12-07,APD,8,5.4,8,37.6,9.2,215.1,construction,ca,2,0,26157.29,5000,300,6121.52,monthly,38.97,2,2.0,,0.0,,0.0,0.5395744107632816
POL-016150,INS-00314,2023-06-12,2023-05-14,2024-05-13,APD,8,3.4,7,31.8,12.5,580.1,trucking,tx,1,1,69966.27,1000,500,6613.95,monthly,29.57,1,0.0,,0.0,,0.0,0.5334293701504315
POL-017650,INS-00568,2024-06-25,2024-06-25,2025-06-25,AL,9,6.3,4,37.5,9.7,359.0,trucking,tx,1,1,16205.49,250,300,8868.96,annual,50.22245,3,0.0,,0.0,,0.0,0.5647566206972182
POL-017651,INS-00570,2024-01-21,2023-08-04,2024-08-03,AL,5,6.1,6,35.9,27.3,297.5,service,il,1,1,25959.89,500,1000,4838.36,monthly,92.01,0,1.0,,0.0,,0.0,0.4867282958833877
POL-016151,INS-00213,2024-06-22,2024-04-08,2025-04-08,APD,9,5.4,5,0.0,30.2,129.7,construction,nc,2,1,16366.11,5000,300,12409.65,quarterly,27.27,1,0.0,,0.0,,0.0,0.4616166570009594
POL-016152,INS-00524,2023-07-30,2023-07-26,2024-07-25,APD,5,5.7,3,39.2,2.6,192.9,service,pa,0,0,0.0,1000,300,6832.98,monthly,39.67,2,2.0,,0.0,,0.0,0.3614932349108539
POL-017652,INS-00250,2024-02-14,2023-09-24,2024-09-23,AL,9,5.8,4,37.8,2.4,199.6,trucking,co,1,0,3818.07,250,300,18571.0,monthly,29.69,0,3.0,,0.0,,0.0,0.41639614420262366
POL-017653,INS-00607,2024-03-03,2024-01-27,2025-01-26,AL,4,3.9,4,31.8,25.7,70.5,trucking,ga,0,0,0.0,5000,300,3244.45,annual,55.63,2,0.0,,0.0,,0.0,0.3698597190045571
POL-016153,INS-00305,2024-06-05,2024-04-25,2025-04-25,APD,10,7.9,1,36.1,2.5,0.0,construction,ca,2,0,71099.98,1000,100,5150.21,monthly,69.98,2,0.0,,0.0,,0.0,0.6825285120727826
POL-016154,INS-00335,2023-11-10,2023-09-02,2024-09-01,APD,5,1.3,6,33.2,1.7,108.6,trucking,tx,1,0,7149.08,1000,500,10697.64,monthly,89.52,0,0.0,,0.0,,0.0,0.4683331614538859
POL-017654,INS-00747,2023-09-29,2023-08-11,2024-08-10,AL,9,5.5,6,44.0,11.0,115.8,rideshare,nc,2,0,11848.68,1000,500,16348.32,monthly,21.24,1,0.0,,0.0,,0.0,0.3325031160853267
POL-017655,INS-00189,2024-04-07,2024-02-02,2025-02-01,AL,13,9.4,5,36.3,15.5,0.0,construction,il,4,0,236097.25,1000,1000,15167.91,annual,81.67,1,2.0,,0.0,,0.0,0.8083791070835494
POL-016155,INS-00247,2023-09-19,2023-09-16,2024-09-15,APD,5,0.0,4,46.4,28.2,468.6,construction,fl,0,0,0.0,500,300,9586.78,quarterly,59.7,0,0.0,,0.0,,0.0,0.3956740380047992
POL-016156,INS-00152,2023-11-30,2023-08-17,2024-08-16,APD,3,8.1,11,35.6,20.2,94.4,retail,ca,0,0,0.0,2500,1000,5631.22,monthly,14.7,3,3.0,,0.0,,0.0,0.22341883150738712
POL-017656,INS-00182,2023-11-13,2023-10-18,2024-10-17,AL,11,0.0,4,35.4,1.0,169.0,construction,pa,2,0,41965.68,1000,300,8169.89,monthly,49.91827464788733,3,0.0,,0.0,,0.0,0.5025997304168455
POL-016157,INS-00117,2023-11-19,2023-09-14,2024-09-13,APD,10,5.2,4,34.9,1.0,0.0,service,tx,0,0,0.0,500,100,3385.24,annual,85.74,1,0.0,,0.0,,0.0,0.6375317007685589
POL-017657,INS-00439,2023-07-16,2023-04-02,2024-04-01,AL,5,6.7,5,45.9,3.6,199.6,service,pa,0,0,0.0,1000,1000,7211.85,quarterly,28.34,2,2.0,,0.0,,0.0,0.3864344023250315
POL-017658,INS-00613,2023-04-13,2022-12-09,2023-12-09,AL,8,6.0,3,44.9,3.9,95.0,retail,il,1,0,10362.52,1000,300,3000.0,quarterly,95.15,1,3.0,,0.0,,0.0,0.5702830010281436
POL-016158,INS-00421,2023-05-24,2023-03-30,2024-03-29,APD,6,1.7,5,0.0,1.0,106.8,service,fl,0,0,0.0,250,300,10116.93,annual,49.43019157088123,4,0.0,,0.0,,0.0,0.3286419302316032
POL-016159,INS-00536,2023-03-18,2022-10-17,2023-10-17,APD,11,3.8,4,39.0,5.1,226.0,trucking,ga,0,0,0.0,1000,100,4718.76,quarterly,67.55,0,3.0,,0.0,,0.0,0.618550103872026
POL-017659,INS-00376,2023-10-16,2023-06-24,2024-06-23,AL,12,8.5,7,37.2,1.0,347.0,service,il,2,0,22193.53,5000,300,23864.87,annual,88.75,0,1.0,,0.0,,0.0,0.5953747488693759
POL-017660,INS-00597,2024-04-25,2024-01-28,2025-01-27,AL,11,7.4,9,21.0,11.0,0.0,retail,ca,0,1,10517.63,2500,100,11736.01,monthly,17.21,1,3.0,,0.0,,0.0,0.5818026284732905
POL-016160,INS-00447,2023-10-29,2023-10-23,2024-10-22,APD,12,5.2,8,47.3,7.0,320.3,trucking,wa,2,0,17128.92,500,100,6758.11,quarterly,71.52,4,3.0,,0.0,,0.0,0.7486546828573556
POL-016161,INS-00719,2024-02-03,2023-10-26,2024-10-25,APD,12,8.4,5,46.2,2.8,207.9,trucking,tx,0,0,0.0,1000,300,18830.36,annual,53.9,2,2.0,,0.0,,0.0,0.6252744270411984
POL-017661,INS-00414,2023-12-01,2023-06-10,2024-06-09,AL,12,4.1,8,43.9,7.7,97.4,service,fl,1,0,9318.57,250,500,19597.88,quarterly,74.5,3,0.0,,0.0,,0.0,0.5793925111299071
POL-017662,INS-00175,2023-12-31,2023-08-12,2024-08-11,AL,5,4.2,4,29.9,1.0,42.8,trucking,ca,0,1,35327.96,250,500,37608.91,monthly,82.07,1,0.0,,0.0,,0.0,0.47266378209584087
POL-016162,INS-00700,2024-06-08,2023-12-22,2024-12-21,APD,7,3.6,9,41.7,1.0,91.1,retail,tx,0,0,0.0,2500,500,12328.04,annual,97.54,2,0.0,9999-01-01,-999.0,INVALID,-999.0,0.47070918788260446
POL-016163,INS-00492,2023-07-23,2023-03-26,2024-03-25,APD,4,4.2,8,43.6,7.3,186.2,retail,ga,0,0,0.0,2500,300,8718.23,monthly,52.63,1,0.0,,0.0,,0.0,0.2874743413803078
POL-017663,INS-00335,2023-01-25,2022-10-23,2023-10-23,AL,10,4.4,4,38.4,8.2,357.8,trucking,ca,1,0,6158.07,250,500,9686.11,missing,38.31,1,2.0,,0.0,,0.0,0.5340704624757278
POL-017664,INS-00463,2024-05-23,2024-01-23,2025-01-22,AL,8,4.1,3,29.8,20.7,241.6,retail,ny,0,0,0.0,500,500,17445.52,annual,3.01,3,0.0,,0.0,,0.0,0.327918589962011
POL-016164,INS-00247,2023-03-03,2022-11-30,2023-11-30,APD,10,0.0,6,48.0,2.0,663.0,construction,wa,2,0,19349.08,5000,100,6716.01,monthly,69.47,2,3.0,9999-01-01,-999.0,INVALID,-999.0,0.7756582591997232
POL-017665,INS-00537,2023-11-24,2023-07-04,2024-07-03,AL,7,6.3,7,32.4,14.5,180.1,construction,wa,2,0,25427.27,250,500,9331.74,monthly,26.42,1,0.0,,0.0,,0.0,0.3146162762495309
POL-016165,INS-00240,2024-05-30,2024-01-15,2025-01-14,APD,10,4.0,3,36.2,1.0,486.1,retail,az,0,0,0.0,5000,300,8892.49,monthly,79.52,1,1.0,,0.0,,0.0,0.6398706961539515
POL-016166,INS-00381,2023-10-13,2023-07-25,2024-07-24,APD,11,7.4,11,34.4,5.7,158.8,trucking,pa,1,0,0.0,250,300,5184.21,monthly,50.350069284064666,0,0.0,,0.0,,0.0,0.5781057512596643
POL-017666,INS-00591,2023-08-26,2023-03-21,2024-03-20,AL,6,10.8,10,51.3,6.0,316.3,retail,ny,0,2,15090.05,2500,500,22205.06,monthly,89.53,3,1.0,9999-01-01,-999.0,INVALID,-999.0,0.638356878213573
POL-017667,INS-00748,2023-04-04,2023-01-08,2024-01-08,AL,9,5.1,10,38.6,2.4,124.1,trucking,ca,1,1,30021.33,250,300,8495.98,monthly,88.07,2,0.0,,0.0,,0.0,0.5848702210567414
POL-016167,INS-00006,2023-09-30,2023-05-02,2024-05-01,APD,9,4.0,8,40.7,11.4,401.4,service,co,2,0,59181.09,2500,500,6744.78,monthly,17.74,1,0.0,,0.0,,0.0,0.5137652104706025
POL-016168,INS-00080,2023-11-30,2023-09-10,2024-09-09,APD,9,0.5,4,34.3,10.8,368.3,construction,nc,0,0,0.0,250,100,9405.66,quarterly,72.16,1,1.0,,0.0,,0.0,0.5480230310351835
POL-017668,INS-00345,2023-01-10,2022-07-30,2023-07-30,AL,6,5.7,4,43.4,1.0,179.3,trucking,co,1,0,2193.53,500,500,40000.0,annual,96.25,2,1.0,,0.0,,0.0,0.5073138775048012
POL-017669,INS-00168,2023-09-22,2023-08-15,2024-08-14,AL,4,1.2,3,35.4,3.4,68.9,trucking,tx,2,0,7795.88,250,500,7435.54,quarterly,63.24,0,2.0,,0.0,,0.0,0.3955494917330807
POL-016169,INS-00390,2023-05-12,2023-05-02,2024-05-01,APD,10,3.2,5,38.0,1.0,155.2,construction,oh,2,2,82298.02,5000,300,5272.02,annual,49.768,2,0.0,,0.0,,0.0,0.5133785799492204
POL-016170,INS-00141,2023-02-14,2022-12-11,2023-12-11,APD,14,10.6,6,31.1,1.1,422.2,retail,az,1,2,15911.7,500,300,7523.01,monthly,99.34,2,0.0,,0.0,,0.0,0.7965077468478099
POL-017670,INS-00215,2024-04-28,2024-01-17,2025-01-16,AL,13,4.8,9,31.0,7.1,934.3,construction,co,1,0,3257.63,5000,300,14596.21,annual,82.02,7,0.0,,0.0,,0.0,0.8407046321345794
POL-017671,INS-00360,2024-02-15,2023-09-15,2024-09-14,AL,9,2.0,5,48.5,6.5,401.1,service,il,0,0,0.0,500,100,13072.02,quarterly,76.52,1,0.0,,0.0,,0.0,0.4892611901423167
POL-016171,INS-00636,2023-12-03,2023-11-01,2024-10-31,APD,7,4.8,4,32.3,2.0,217.7,rideshare,wa,0,2,21492.16,1000,100,19020.83,annual,76.27,2,0.0,,0.0,,0.0,0.486594441190576
POL-016172,INS-00561,2023-09-07,2023-08-26,2024-08-25,APD,10,5.8,9,36.0,2.4,141.4,retail,pa,0,1,17755.62,5000,300,11388.61,annual,93.62,1,0.0,9999-01-01,-999.0,INVALID,-999.0,0.5715668922327931
POL-017672,INS-00490,2023-08-13,2023-02-19,2024-02-19,AL,8,2.8,6,42.8,1.0,165.7,service,ny,1,0,19020.1,500,100,9463.04,monthly,60.82,2,0.0,,0.0,,0.0,0.37450132889504656
POL-017673,INS-00387,2023-06-27,2023-02-20,2024-02-20,AL,10,7.1,5,39.8,1.0,318.8,trucking,az,0,1,0.0,2500,300,12693.65,monthly,29.69,3,0.0,,0.0,,0.0,0.5463161285973653
POL-016173,INS-00142,2023-09-30,2023-06-24,2024-06-23,APD,13,6.7,5,39.2,1.0,0.0,trucking,fl,0,0,0.0,250,300,5878.02,annual,98.27,2,0.0,,0.0,,0.0,0.7344991094305834
POL-016174,INS-00623,2023-12-24,2023-07-24,2024-07-23,APD,8,6.8,7,0.0,1.1,269.3,construction,fl,1,1,0.0,500,100,3216.25,monthly,12.29,0,0.0,,0.0,,0.0,0.42838231710256014
POL-017674,INS-00716,2024-01-05,2023-10-22,2024-10-21,AL,10,3.1,3,33.5,13.8,329.7,construction,pa,2,0,37639.12,5000,300,13124.22,quarterly,95.14,2,3.0,,0.0,,0.0,0.7296967622900431
POL-017675,INS-00215,2024-06-29,2024-05-31,2025-05-31,AL,7,0.2,14,49.0,3.9,77.1,other,nc,0,0,0.0,5000,500,11864.78,annual,25.01,2,3.0,9999-01-01,-999.0,INVALID,-999.0,0.4245673590697441
POL-016175,INS-00092,2024-01-02,2023-09-13,2024-09-12,APD,8,3.2,4,37.9,4.2,161.9,trucking,oh,1,0,16767.89,500,500,9111.01,annual,50.350069284064666,1,1.0,,0.0,,0.0,0.5113642301459115
POL-016176,INS-00410,2023-06-10,2023-02-06,2024-02-06,APD,8,2.2,5,32.0,10.5,324.6,trucking,pa,0,0,0.0,2500,100,8441.18,monthly,41.14,2,2.0,,0.0,,0.0,0.47808992976719744
POL-017676,INS-00019,2023-05-21,2023-04-04,2024-04-03,AL,12,3.2,6,0.0,5.3,413.4,retail,co,2,0,102843.81,1000,500,14802.46,monthly,35.25,4,0.0,,0.0,,0.0,0.5919339926958828
POL-017677,INS-00134,2023-12-02,2023-11-11,2024-11-10,AL,6,5.9,2,44.2,2.4,196.9,other,fl,2,0,0.0,1000,100,9868.41,quarterly,16.42,2,1.0,,0.0,,0.0,0.3224532420389688
POL-016177,INS-00040,2023-10-25,2023-08-18,2024-08-17,APD,9,4.6,3,40.0,14.2,151.3,other,ca,0,0,0.0,500,300,10201.1,quarterly,10.56,3,0.0,,0.0,,0.0,0.31451544571230333
POL-016178,INS-00343,2023-03-08,2022-10-08,2023-10-08,APD,7,6.7,5,41.9,1.4,338.8,construction,il,1,0,17091.69,250,300,9939.3,annual,14.45,2,1.0,,0.0,,0.0,0.45635262325329795
POL-017678,INS-00734,2023-06-21,2023-03-10,2024-03-09,AL,10,11.0,7,32.3,17.4,231.3,service,il,0,1,4714.04,1000,1000,4564.8,quarterly,31.9,4,0.0,,0.0,,0.0,0.5848268100027117
POL-017679,INS-00249,2024-06-14,2024-05-17,2025-05-17,AL,6,6.1,8,43.6,10.5,454.9,retail,ga,0,0,0.0,2500,1000,8249.03,quarterly,2.93,1,1.0,,0.0,,0.0,0.3936746084806201
POL-016179,INS-00625,2024-04-12,2023-10-24,2024-10-23,APD,8,3.5,4,39.6,11.0,166.5,retail,co,0,0,0.0,250,100,7702.97,quarterly,61.11,1,0.0,,0.0,,0.0,0.4179893631695543
POL-016180,INS-00183,2024-04-04,2023-10-11,2024-10-10,APD,8,4.6,12,56.0,6.2,0.0,trucking,az,0,0,0.0,1000,100,8747.39,monthly,60.5,2,0.0,,0.0,,0.0,0.5284421888157561
POL-017680,INS-00165,2024-03-15,2023-10-02,2024-10-01,AL,4,7.9,9,39.4,3.5,41.9,construction,tx,0,0,0.0,1000,300,7524.73,quarterly,42.61,1,2.0,,0.0,,0.0,0.33945216125836775
POL-016181,INS-00132,2023-03-27,2023-03-24,2024-03-23,APD,8,6.8,4,39.1,2.9,193.4,trucking,fl,0,2,22568.46,250,500,10510.91,annual,46.9,0,1.0,,0.0,,0.0,0.4928149143247392
POL-017681,INS-00124,2023-10-11,2023-04-19,2024-04-18,AL,10,7.0,7,34.6,1.0,244.5,retail,tx,0,1,5143.13,1000,1000,10621.92,quarterly,84.3,0,0.0,,0.0,,0.0,0.6188144888755974
POL-017682,INS-00444,2024-01-02,2023-12-17,2024-12-16,AL,3,7.9,7,28.5,6.4,57.6,service,fl,0,0,0.0,500,300,11908.2,quarterly,82.57,1,0.0,,0.0,,0.0,0.3108850302837475
POL-016182,INS-00518,2024-01-30,2023-10-25,2024-10-24,APD,9,9.2,9,40.8,30.3,304.0,retail,tx,0,0,0.0,1000,300,7203.88,quarterly,22.56,1,4.0,,0.0,,0.0,0.5087633923835777
POL-016183,INS-00163,2023-09-11,2023-07-13,2024-07-12,APD,5,7.8,1,30.3,2.1,79.2,construction,fl,0,2,55112.47,2500,300,11523.67,monthly,81.01,0,0.0,,0.0,,0.0,0.4044108209331175
POL-017683,INS-00424,2024-02-20,2023-12-15,2024-12-14,AL,7,7.8,8,50.0,13.7,204.1,retail,ga,0,0,0.0,5000,300,11625.28,monthly,3.07,1,0.0,,0.0,,0.0,0.2853991013794894
POL-017684,INS-00526,2023-04-08,2022-10-20,2023-10-20,AL,8,5.8,3,45.6,16.5,173.5,retail,ca,0,0,0.0,1000,300,12944.91,monthly,56.79,1,0.0,,0.0,,0.0,0.3682332333771803
POL-016184,INS-00457,2024-03-25,2023-10-21,2024-10-20,APD,4,5.3,3,39.2,10.0,60.7,construction,az,2,0,27853.85,2500,500,4362.47,annual,79.37,0,0.0,,0.0,,0.0,0.43602499211116513
POL-016185,INS-00674,2023-08-20,2023-04-20,2024-04-19,APD,9,7.3,4,34.8,28.1,113.4,construction,fl,0,0,0.0,1000,300,17994.67,quarterly,49.07,0,2.0,,0.0,,0.0,0.491497364203259
POL-017685,INS-00137,2024-01-09,2023-12-25,2024-12-24,AL,8,4.0,7,34.9,36.0,186.3,rideshare,nc,1,1,46277.97,250,300,13259.58,monthly,93.58,1,0.0,,0.0,,0.0,0.5234586474051859
POL-017686,INS-00349,2023-06-06,2023-02-06,2024-02-06,AL,9,5.8,5,24.4,1.5,437.1,trucking,tx,0,1,6673.92,1000,300,7353.04,annual,8.36,3,0.0,,0.0,,0.0,0.49432768885056655
POL-016186,INS-00328,2023-10-18,2023-07-01,2024-06-30,APD,7,0.0,6,39.7,26.2,219.0,construction,co,1,0,13098.5,500,500,7746.02,annual,77.99,0,0.0,,0.0,,0.0,0.5042438683458591
POL-016187,INS-00213,2024-05-16,2023-12-05,2024-12-04,APD,5,8.8,4,41.7,6.0,138.7,service,wa,0,1,3075.01,2500,300,4723.42,monthly,14.54,1,4.0,9999-01-01,-999.0,INVALID,-999.0,0.3677322205175455
POL-017687,INS-00488,2023-10-03,2023-09-28,2024-09-27,AL,10,11.0,1,50.6,5.4,381.2,service,ny,2,0,7915.36,2500,500,6383.13,monthly,88.59,1,0.0,,0.0,,0.0,0.5386359592032143
POL-017688,INS-00606,2023-06-26,2023-05-19,2024-05-18,AL,9,6.5,6,44.4,1.0,396.5,trucking,il,3,1,143441.9,5000,1000,4020.77,quarterly,54.48,0,3.0,,0.0,,0.0,0.7652891742573512
POL-016188,INS-00736,2023-02-15,2022-11-25,2023-11-25,APD,4,3.6,3,26.4,15.5,104.2,retail,wa,0,0,0.0,5000,100,6790.47,quarterly,17.99,0,3.0,,0.0,,0.0,0.24362073557501787
POL-016189,INS-00499,2023-02-07,2022-10-02,2023-10-02,APD,8,1.4,6,44.7,7.1,407.8,service,pa,0,0,0.0,250,100,7785.12,monthly,15.64,2,0.0,,0.0,,0.0,0.3936487428196819
POL-017689,INS-00278,2023-11-01,2023-09-04,2024-09-03,AL,8,6.0,8,48.3,17.5,267.4,construction,tx,0,0,0.0,500,500,8670.49,annual,71.08,3,0.0,,0.0,,0.0,0.4841698643762567
POL-017690,INS-00138,2024-02-02,2023-09-24,2024-09-23,AL,5,6.3,5,32.0,26.4,95.6,retail,tx,0,1,13547.19,5000,300,3021.99,monthly,36.77,0,0.0,,0.0,,0.0,0.3327213665020937
POL-016190,INS-00155,2024-06-11,2024-03-20,2025-03-20,APD,4,6.0,7,28.7,12.4,156.0,service,oh,0,0,0.0,5000,100,6453.76,quarterly,74.27,0,3.0,,0.0,,0.0,0.3892221407042094
POL-016191,INS-00173,2024-01-13,2023-08-06,2024-08-05,APD,2,4.1,5,32.4,40.0,33.7,trucking,tx,0,0,0.0,5000,300,12153.82,annual,38.12,0,2.0,,0.0,,0.0,0.2046795070496894
POL-017691,INS-00008,2023-10-09,2023-08-26,2024-08-25,AL,9,7.4,11,37.4,13.7,72.8,retail,fl,1,0,79903.99,250,100,13266.31,quarterly,51.57,2,0.0,,0.0,,0.0,0.4615456024885054
POL-017692,INS-00242,2024-02-14,2024-02-08,2025-02-07,AL,6,6.8,5,36.0,1.0,328.4,retail,nc,1,0,12461.23,500,300,9044.78,annual,86.05,2,0.0,,0.0,,0.0,0.4348926103995219
POL-016192,INS-00529,2023-04-22,2023-04-16,2024-04-15,APD,10,6.7,3,41.5,1.0,282.9,service,il,2,2,66937.98,5000,1000,7544.47,annual,10.34,2,1.0,,0.0,,0.0,0.5117516614420243
POL-016193,INS-00717,2023-11-07,2023-05-21,2024-05-20,APD,3,5.4,8,22.4,2.5,186.0,rideshare,ga,0,0,0.0,250,300,4843.23,quarterly,52.64,0,0.0,,0.0,,0.0,0.25881629517416654
POL-017693,INS-00222,2024-05-28,2024-05-08,2025-05-08,AL,4,1.0,4,37.3,5.6,205.5,trucking,oh,2,1,24445.05,250,1000,14261.68,monthly,21.46,1,0.0,,0.0,,0.0,0.34896031326226246
POL-017694,INS-00200,2024-06-25,2024-05-16,2025-05-16,AL,13,6.5,9,29.4,10.2,152.9,retail,wa,2,1,137305.16,5000,300,19393.35,quarterly,81.62,3,3.0,,0.0,,0.0,0.8151781788797349
POL-016194,INS-00501,2023-11-12,2023-10-29,2024-10-28,APD,5,3.6,10,28.3,1.0,78.0,retail,ga,1,0,7847.09,1000,500,8062.29,quarterly,52.34,0,3.0,,0.0,,0.0,0.4225538590499231
POL-016195,INS-00461,2023-01-10,2022-10-20,2023-10-20,APD,5,6.1,5,36.6,1.9,175.4,service,il,0,0,0.0,1000,100,7130.81,monthly,89.32,1,0.0,,0.0,,0.0,0.4324765472121718
POL-017695,INS-00489,2023-07-05,2023-05-25,2024-05-24,AL,8,4.5,6,30.8,16.9,131.2,retail,ny,0,0,0.0,2500,500,10848.88,monthly,53.87,1,0.0,,0.0,,0.0,0.38734777563724077
POL-017696,INS-00369,2024-03-11,2023-10-21,2024-10-20,AL,10,5.7,4,42.7,6.2,212.8,construction,nc,1,0,3452.11,250,500,19051.92,quarterly,56.55,1,2.0,,0.0,,0.0,0.5342672056424957
POL-016196,INS-00459,2023-09-11,2023-04-25,2024-04-24,APD,6,4.3,5,42.3,16.6,156.8,retail,tx,0,0,0.0,500,100,8261.65,quarterly,88.43,1,1.0,,0.0,,0.0,0.44277497929695514
POL-016197,INS-00116,2024-04-20,2024-03-23,2025-03-23,APD,8,4.0,5,51.9,3.6,94.8,trucking,oh,2,0,14042.41,1000,500,5260.36,annual,26.6,1,0.0,,0.0,,0.0,0.46576694778054883
POL-017697,INS-00232,2023-01-10,2023-01-10,2024-01-10,AL,7,3.2,8,48.0,4.3,146.4,construction,oh,0,0,0.0,2500,300,8186.11,annual,43.07,2,0.0,,0.0,,0.0,0.3679768828761188
POL-017698,INS-00737,2023-09-30,2023-05-24,2024-05-23,AL,10,3.9,4,40.4,7.3,222.2,retail,wa,1,1,38415.07,5000,1000,8349.65,missing,23.81,4,0.0,,0.0,,0.0,0.6263951249255947
POL-016198,INS-00246,2023-01-22,2022-09-23,2023-09-23,APD,8,5.3,7,23.4,2.3,116.7,service,nc,0,0,0.0,500,100,25000.0,monthly,93.21,3,2.0,9999-01-01,-999.0,INVALID,-999.0,0.5735048779838029
POL-016199,INS-00269,2024-03-30,2024-03-21,2025-03-21,APD,13,9.0,7,52.1,6.0,0.0,construction,nc,1,1,73391.81,5000,100,6803.96,annual,64.35,1,3.0,,0.0,,0.0,0.7418043242898578
POL-017699,INS-00268,2023-09-29,2023-04-24,2024-04-23,AL,7,8.5,7,0.0,5.2,80.6,retail,nc,1,1,22775.31,500,300,6535.74,annual,69.89,0,2.0,,0.0,,0.0,0.4554523417110978
POL-017700,INS-00113,2023-11-21,2023-10-28,2024-10-27,AL,8,4.9,8,36.5,23.3,118.3,service,pa,0,2,4385.09,250,500,9092.12,monthly,69.48,3,0.0,,0.0,,0.0,0.5505806192691781
POL-016200,INS-00619,2024-04-29,2024-04-28,2025-04-28,APD,10,1.8,5,36.8,25.0,192.9,service,tx,1,0,12526.37,2500,300,25000.0,missing,56.75,3,1.0,,0.0,,0.0,0.5227699853242266
POL-016201,INS-00247,2023-04-14,2022-12-04,2023-12-04,APD,6,4.6,7,29.6,1.7,97.6,trucking,tx,1,1,61476.71,5000,1000,5954.88,quarterly,99.41,1,1.0,,0.0,,0.0,0.5019759162834896
POL-017701,INS-00198,2023-12-20,2023-12-01,2024-11-30,AL,5,6.5,8,32.9,10.7,184.5,trucking,tx,2,0,25501.81,500,500,16686.57,monthly,77.61,0,0.0,,0.0,,0.0,0.37476101778221593
POL-017702,INS-00101,2023-11-05,2023-08-01,2024-07-31,AL,4,6.5,9,54.1,4.3,135.8,rideshare,oh,2,0,54536.21,5000,300,12406.34,annual,42.65,0,3.0,,0.0,,0.0,0.34776677861905336
POL-016202,INS-00324,2024-02-17,2024-01-23,2025-01-22,APD,7,6.7,8,29.3,3.4,186.3,construction,ny,1,0,3893.42,1000,1000,5095.71,quarterly,56.4,0,1.0,,0.0,,0.0,0.5021583194753413
POL-016203,INS-00399,2023-03-28,2022-11-25,2023-11-25,APD,7,8.5,9,46.3,2.4,154.5,construction,il,1,0,51858.93,5000,300,11362.67,quarterly,35.22,1,0.0,,0.0,,0.0,0.3955515722550554
POL-017703,INS-00474,2023-01-07,2022-11-13,2023-11-13,AL,4,3.2,8,49.2,13.8,0.0,retail,ca,0,0,0.0,2500,500,6573.7,quarterly,85.47,0,3.0,9999-01-01,-999.0,INVALID,-999.0,0.5448975192664478
POL-017704,INS-00586,2024-05-24,2024-01-08,2025-01-07,AL,7,7.0,4,33.2,10.5,310.9,retail,ny,0,1,5293.02,500,500,11369.06,monthly,68.82,0,1.0,,0.0,,0.0,0.4620971670318401
POL-016204,INS-00076,2023-02-14,2022-12-04,2023-12-04,APD,9,5.8,5,0.0,2.5,252.6,rideshare,co,0,1,3361.95,2500,300,6914.82,missing,70.21,2,0.0,,0.0,,0.0,0.5072162878507019
POL-016205,INS-00130,2023-04-23,2023-01-02,2024-01-02,APD,11,8.0,9,48.8,11.3,423.2,service,oh,1,0,37519.72,1000,500,7815.55,monthly,75.16,3,0.0,,0.0,,0.0,0.683681820980871
POL-017705,INS-00094,2023-07-26,2023-02-15,2024-02-15,AL,7,4.8,1,41.7,11.8,179.7,other,tx,0,0,0.0,500,300,12733.2,annual,33.79,0,0.0,,0.0,,0.0,0.28157045321198626
POL-017706,INS-00487,2024-06-11,2024-03-05,2025-03-05,AL,7,4.8,10,0.0,1.6,176.0,trucking,fl,3,0,4433.42,2500,100,18903.98,monthly,70.66,3,0.0,,0.0,,0.0,0.467071898050263
POL-016206,INS-00251,2024-05-01,2024-03-23,2025-03-23,APD,6,7.4,8,53.5,1.0,101.7,retail,tx,0,0,0.0,1000,500,7475.77,monthly,90.41,2,0.0,,0.0,,0.0,0.44809688700213746
POL-016207,INS-00750,2023-12-04,2023-07-18,2024-07-17,APD,10,3.8,11,26.5,19.5,124.3,trucking,nc,0,0,0.0,250,500,14071.06,quarterly,62.32,4,2.0,,0.0,,0.0,0.516948957922111
POL-017707,INS-00473,2024-03-01,2024-02-19,2025-02-18,AL,10,4.2,6,49.1,10.3,158.3,construction,oh,0,1,14596.25,500,300,5176.38,monthly,78.62,2,2.0,,0.0,,0.0,0.6028316109653838
POL-017708,INS-00486,2023-11-14,2023-09-20,2024-09-19,AL,7,4.0,3,38.5,1.0,72.8,trucking,pa,1,0,18085.1,250,300,9345.53,quarterly,89.71,2,0.0,,0.0,,0.0,0.5283614493860719
POL-016208,INS-00525,2024-03-12,2023-09-23,2024-09-22,APD,5,4.3,9,35.1,1.3,112.6,trucking,co,0,0,0.0,250,500,4427.68,annual,32.94,0,0.0,,0.0,,0.0,0.29905063694145645
POL-016209,INS-00232,2023-10-13,2023-05-25,2024-05-24,APD,7,7.5,3,32.7,14.1,167.6,rideshare,tx,1,0,13385.55,250,300,4755.83,quarterly,12.25,3,0.0,,0.0,,0.0,0.35660948887853056
POL-017709,INS-00167,2023-12-21,2023-09-08,2024-09-07,AL,9,10.6,3,31.5,17.6,202.3,service,ny,2,1,32614.46,5000,500,10244.46,monthly,98.18,3,0.0,,0.0,,0.0,0.6496950351373822
POL-017710,INS-00550,2024-01-19,2023-12-29,2024-12-28,AL,12,0.0,2,34.1,4.4,313.5,service,wa,0,1,59909.47,5000,300,20781.14,monthly,71.34,2,3.0,,0.0,,0.0,0.715170686017348
POL-016210,INS-00193,2023-12-31,2023-09-14,2024-09-13,APD,9,5.9,7,50.9,6.0,222.9,retail,il,0,3,35285.36,250,500,9643.58,annual,99.06,2,0.0,,0.0,,0.0,0.5799460571232647
POL-016211,INS-00431,2024-04-18,2024-01-14,2025-01-13,APD,6,5.0,5,33.5,2.3,227.2,retail,ga,1,0,33425.69,500,100,4819.97,monthly,85.47,2,1.0,9999-01-01,-999.0,INVALID,-999.0,0.5213412784234176
POL-017711,INS-00539,2023-04-28,2022-10-31,2023-10-31,AL,4,5.1,6,65.3,10.3,35.0,retail,ny,0,1,2252.19,500,300,8104.67,annual,13.34,1,2.0,,0.0,,0.0,0.28720538620130787
POL-017712,INS-00106,2023-09-06,2023-04-18,2024-04-17,AL,13,4.3,4,39.8,15.6,533.5,trucking,ca,1,0,6866.33,1000,300,13682.46,monthly,33.36,3,1.0,,0.0,,0.0,0.6143335104839822
POL-016212,INS-00093,2023-01-23,2022-11-13,2023-11-13,APD,10,2.7,8,31.3,15.6,0.0,service,co,0,0,0.0,250,500,8310.69,monthly,54.65,0,0.0,,0.0,,0.0,0.5563081721957954
POL-016213,INS-00309,2023-03-18,2023-02-12,2024-02-12,APD,7,7.0,10,46.5,3.2,303.9,trucking,il,0,1,2049.34,2500,300,7615.88,annual,16.81,1,0.0,,0.0,,0.0,0.39109978322660177
POL-017713,INS-00450,2024-03-16,2023-12-08,2024-12-07,AL,9,2.5,4,42.6,6.2,731.4,other,tx,2,2,28428.8,250,500,7822.57,quarterly,56.25,1,0.0,,0.0,,0.0,0.6945911075753742
POL-017714,INS-00503,2023-10-04,2023-04-23,2024-04-22,AL,8,4.6,4,37.7,11.2,483.7,trucking,tx,1,0,2147.17,5000,100,17053.21,annual,68.93,0,0.0,,0.0,,0.0,0.5091390615580429
POL-016214,INS-00138,2023-02-26,2022-09-13,2023-09-13,APD,3,5.9,4,42.7,1.0,205.9,other,tx,0,0,0.0,5000,100,8365.4,quarterly,1.9,0,1.0,,0.0,,0.0,0.17509112252658274
POL-016215,INS-00606,2023-02-19,2022-12-02,2023-12-02,APD,4,3.6,3,0.0,4.7,145.2,trucking,pa,0,0,0.0,1000,100,5660.81,annual,97.46,0,2.0,9999-01-01,-999.0,INVALID,-999.0,0.44563717809989806
POL-017715,INS-00584,2023-03-31,2023-02-07,2024-02-07,AL,2,5.8,1,32.9,4.9,165.8,construction,nc,0,0,0.0,5000,500,6199.22,annual,46.18,1,1.0,,0.0,,0.0,0.27453581080443135
POL-017716,INS-00507,2024-04-22,2023-11-29,2024-11-28,AL,6,5.6,9,44.1,14.9,347.1,trucking,wa,0,0,0.0,500,1000,16795.8,quarterly,2.7,2,0.0,,0.0,,0.0,0.39025099949301745
POL-016216,INS-00069,2023-05-01,2023-01-01,2024-01-01,APD,9,9.5,6,42.1,18.4,652.0,trucking,az,1,1,39959.94,5000,100,12140.35,annual,0.15,0,0.0,,0.0,,0.0,0.5637274281418297
POL-016217,INS-00492,2023-08-31,2023-03-09,2024-03-08,APD,7,11.2,6,30.5,8.4,134.5,construction,ny,0,0,0.0,2500,300,5546.78,annual,9.33,0,0.0,9999-01-01,-999.0,INVALID,-999.0,0.3361542752912049
POL-017717,INS-00529,2023-10-25,2023-10-21,2024-10-20,AL,6,1.5,4,28.4,11.9,0.0,construction,ga,0,0,0.0,2500,500,4133.09,quarterly,9.8,1,0.0,,0.0,,0.0,0.40811539236168304
POL-017718,INS-00047,2023-04-30,2023-02-01,2024-02-01,AL,4,3.2,8,43.6,3.6,89.7,trucking,wa,1,0,30091.65,1000,1000,8417.41,annual,44.22,2,0.0,,0.0,,0.0,0.3636495771344135
POL-016218,INS-00280,2023-11-05,2023-07-22,2024-07-21,APD,10,5.3,3,0.0,5.4,0.0,construction,wa,0,0,0.0,5000,100,7814.46,monthly,15.0,3,2.0,,0.0,,0.0,0.4969011989715232
POL-016219,INS-00140,2023-05-22,2023-05-08,2024-05-07,APD,9,4.5,2,36.0,26.7,166.8,retail,ny,1,2,64423.32,500,300,5778.53,monthly,41.14,1,2.0,,0.0,,0.0,0.49066842973115615
POL-017719,INS-00172,2023-01-25,2022-08-20,2023-08-20,AL,8,4.2,4,22.8,1.0,125.9,construction,pa,1,0,2985.03,5000,500,16338.89,quarterly,15.61,0,3.0,,0.0,,0.0,0.44293613190866693
POL-017720,INS-00110,2024-04-24,2023-12-04,2024-12-03,AL,13,5.3,3,33.3,4.2,240.5,trucking,az,2,1,77442.64,2500,500,13761.18,monthly,78.38,4,4.0,,0.0,,0.0,0.8183663154507136
POL-016220,INS-00443,2023-06-18,2023-03-12,2024-03-11,APD,9,1.9,1,43.9,40.0,362.9,retail,fl,1,2,22265.24,250,300,6776.18,quarterly,55.74,1,1.0,,0.0,,0.0,0.5447109848919482
POL-016221,INS-00635,2024-04-11,2024-03-18,2025-03-18,APD,5,3.2,4,57.7,22.7,65.4,retail,az,0,1,11800.66,5000,500,14698.46,monthly,28.11,2,1.0,,0.0,,0.0,0.27130097812830484
POL-017721,INS-00487,2023-01-26,2022-09-12,2023-09-12,AL,4,0.0,4,31.7,8.2,84.0,retail,co,0,1,28420.33,500,300,32209.42,quarterly,45.74,0,0.0,,0.0,,0.0,0.33082348205830536
POL-016222,INS-00552,2023-07-06,2023-06-11,2024-06-10,APD,6,0.3,10,0.0,5.4,155.5,construction,fl,0,1,9983.4,250,1000,11917.08,monthly,17.57,0,0.0,,0.0,,0.0,0.2950610914293399
POL-017722,INS-00193,2023-06-25,2023-01-13,2024-01-13,AL,10,8.8,11,34.4,20.8,176.7,other,az,0,0,0.0,1000,500,25021.59,annual,9.57,0,4.0,,0.0,,0.0,0.3933990862662152
POL-016223,INS-00489,2023-11-25,2023-07-18,2024-07-17,APD,10,6.0,7,37.1,1.0,150.3,service,oh,0,0,0.0,5000,500,10733.32,monthly,3.13,4,2.0,,0.0,,0.0,0.39382013822888234
POL-017723,INS-00220,2023-11-05,2023-10-23,2024-10-22,AL,7,3.7,6,35.9,19.1,38.9,trucking,tx,1,0,2153.97,500,300,15303.38,monthly,96.36,3,1.0,,0.0,,0.0,0.5422223195455562
POL-017724,INS-00214,2023-10-23,2023-09-10,2024-09-09,AL,5,4.4,7,35.8,11.8,136.2,construction,tx,0,1,11215.88,2500,300,17573.67,monthly,91.91,0,1.0,,0.0,,0.0,0.4547668969462505
POL-016224,INS-00265,2023-05-08,2023-03-14,2024-03-13,APD,11,8.5,7,27.1,1.0,145.8,trucking,ga,2,0,18072.92,500,100,13722.54,monthly,50.74,3,0.0,,0.0,,0.0,0.6303563537524529
POL-016225,INS-00699,2023-03-23,2022-10-10,2023-10-10,APD,5,5.8,8,39.1,3.6,116.8,retail,oh,0,0,0.0,250,300,8827.85,quarterly,43.24,0,0.0,9999-01-01,-999.0,INVALID,-999.0,0.2999067581597677
POL-017725,INS-00722,2023-08-15,2023-08-07,2024-08-06,AL,10,5.5,7,43.5,7.5,605.3,service,wa,3,1,101470.34,500,500,7164.45,annual,97.75,2,3.0,,0.0,,0.0,0.7656825743887493
POL-017726,INS-00215,2024-05-14,2024-04-25,2025-04-25,AL,6,4.3,2,44.2,1.5,264.5,construction,ny,0,1,959.33,1000,500,9876.95,quarterly,91.87,2,1.0,,0.0,,0.0,0.594281120227227
POL-016226,INS-00541,2024-06-28,2024-02-22,2025-02-21,APD,17,9.9,9,41.8,5.0,0.0,retail,tx,3,1,16418.39,1000,300,11804.73,annual,44.78,2,0.0,9999-01-01,-999.0,INVALID,-999.0,0.8032233229497867
POL-016227,INS-00600,2023-11-15,2023-06-11,2024-06-10,APD,5,6.7,7,41.6,1.8,74.1,retail,il,0,0,0.0,1000,100,8376.59,annual,50.85,1,0.0,,0.0,,0.0,0.3236611266038744
POL-017727,INS-00620,2024-02-22,2023-11-19,2024-11-18,AL,7,2.9,5,39.1,36.4,194.1,trucking,tx,0,1,3614.42,5000,500,9152.54,annual,61.04,1,2.0,,0.0,,0.0,0.5712764335824454
POL-017728,INS-00142,2023-01-15,2022-09-07,2023-09-07,AL,4,5.9,3,30.3,1.0,57.7,trucking,il,2,0,7697.04,5000,300,5664.73,monthly,74.92,2,2.0,,0.0,,0.0,0.45904434557309176
POL-016228,INS-00643,2023-10-17,2023-08-09,2024-08-08,APD,10,4.1,7,42.6,6.2,0.0,retail,ny,0,0,0.0,2500,300,8041.66,annual,49.53,1,0.0,,0.0,,0.0,0.5307979366842227
POL-016229,INS-00491,2024-04-29,2024-03-06,2025-03-06,APD,9,6.2,6,45.9,9.5,204.9,retail,wa,2,0,10437.9,500,300,5130.87,annual,99.88,2,4.0,,0.0,,0.0,0.7485757248194868
POL-017729,INS-00255,2023-03-07,2023-02-22,2024-02-22,AL,8,4.1,9,34.6,4.8,635.2,construction,nc,0,0,0.0,5000,300,3728.02,annual,61.05,2,0.0,,0.0,,0.0,0.5583743250511903
POL-016230,INS-00747,2023-11-10,2023-07-27,2024-07-26,APD,7,6.9,6,25.6,7.3,88.0,retail,nc,0,0,0.0,1000,300,8133.44,monthly,78.63,0,0.0,,0.0,,0.0,0.45793952431120905
POL-017730,INS-00693,2023-11-16,2023-07-25,2024-07-24,AL,8,2.5,8,40.2,15.0,216.2,construction,nc,2,0,8896.38,500,300,10569.93,quarterly,49.91827464788733,1,0.0,,0.0,,0.0,0.41869434295937824
POL-017731,INS-00568,2023-02-26,2022-11-26,2023-11-26,AL,9,1.7,6,48.2,9.9,219.4,construction,ny,0,1,5164.28,2500,100,16087.1,annual,79.77,1,0.0,,0.0,,0.0,0.5293494794441804
POL-016231,INS-00526,2023-01-10,2022-10-09,2023-10-09,APD,8,6.9,5,38.9,8.3,449.0,construction,az,0,2,38493.79,1000,300,10427.53,annual,49.768,1,0.0,9999-01-01,-999.0,INVALID,-999.0,0.5264411700840561
POL-016232,INS-00384,2023-03-07,2022-11-20,2023-11-20,APD,11,4.1,7,41.9,2.2,864.4,retail,wa,2,0,9373.95,250,300,9024.15,annual,88.8,3,1.0,,0.0,,0.0,0.8515558834116722
POL-017732,INS-00297,2024-03-16,2024-01-01,2024-12-31,AL,8,3.3,9,39.3,1.8,177.4,construction,fl,0,0,0.0,5000,500,14973.12,quarterly,76.01,2,2.0,,0.0,,0.0,0.6006823607082524
POL-017733,INS-00340,2023-03-19,2022-12-25,2023-12-25,AL,9,3.0,9,36.4,1.0,301.1,retail,nc,1,1,11653.76,1000,1000,14052.67,quarterly,98.34,2,1.0,,0.0,,0.0,0.704704691315517
POL-016233,INS-00742,2023-04-23,2023-01-31,2024-01-31,APD,13,1.1,7,28.3,1.5,227.9,trucking,nc,0,0,0.0,250,500,5797.87,monthly,42.16,6,0.0,,0.0,,0.0,0.5034367491869095
POL-016234,INS-00732,2023-04-16,2023-03-29,2024-03-28,APD,15,6.7,8,52.7,11.0,356.2,trucking,il,1,1,24565.75,250,500,6849.27,quarterly,38.99,3,1.0,,0.0,,0.0,0.6759001229753351
POL-017734,INS-00395,2023-01-10,2022-12-16,2023-12-16,AL,6,7.5,6,31.0,4.7,112.7,trucking,co,2,0,14763.97,2500,500,3650.93,quarterly,66.44,2,2.0,,0.0,,0.0,0.5341682250811584
POL-017735,INS-00031,2023-09-29,2023-04-26,2024-04-25,AL,6,2.3,10,53.9,39.0,184.2,construction,co,3,0,21547.88,500,500,27833.19,monthly,95.1,0,0.0,,0.0,,0.0,0.40765059164306366
POL-016235,INS-00002,2023-11-25,2023-07-04,2024-07-03,APD,11,5.5,3,46.2,10.2,269.1,retail,tx,1,1,15264.12,5000,300,12654.95,monthly,50.13297619047619,3,0.0,,0.0,,0.0,0.5585547654984963
POL-016236,INS-00132,2024-04-22,2024-03-14,2025-03-14,APD,7,6.5,11,56.6,13.3,89.4,retail,ny,1,0,6719.45,2500,1000,17878.41,quarterly,50.13297619047619,3,2.0,,0.0,,0.0,0.4612793302365729
POL-017736,INS-00211,2023-05-18,2023-01-22,2024-01-22,AL,4,1.5,8,42.1,1.0,151.5,service,ny,0,0,0.0,2500,300,7262.55,monthly,6.21,1,0.0,,0.0,,0.0,0.19346813453308753
POL-017737,INS-00485,2023-05-19,2022-12-07,2023-12-07,AL,10,5.4,7,46.5,2.2,240.3,retail,ca,0,0,0.0,250,500,9830.37,quarterly,86.25,0,0.0,,0.0,,0.0,0.5154991883718648
POL-016237,INS-00164,2023-02-01,2022-12-25,2023-12-25,APD,9,5.5,8,58.7,1.9,631.9,retail,az,0,0,0.0,500,300,12100.46,quarterly,70.26,1,2.0,,0.0,,0.0,0.6737700170146844
POL-016238,INS-00657,2023-11-03,2023-05-26,2024-05-25,APD,11,8.4,7,38.9,4.2,300.3,construction,tx,2,2,45865.54,1000,300,7278.48,quarterly,42.67,4,3.0,,0.0,,0.0,0.6655756529068291
POL-017738,INS-00653,2023-10-09,2023-08-07,2024-08-06,AL,7,2.4,4,51.9,1.0,77.5,trucking,az,0,0,0.0,250,300,18146.91,annual,41.12,1,1.0,,0.0,,0.0,0.367176249252903
POL-017739,INS-00661,2023-01-22,2022-11-17,2023-11-17,AL,9,5.1,6,39.3,3.9,238.6,trucking,ny,2,0,48862.1,250,300,16334.67,monthly,14.26,3,2.0,,0.0,,0.0,0.46124783858147195
POL-016239,INS-00616,2023-09-12,2023-05-02,2024-05-01,APD,7,8.2,7,38.2,8.5,111.6,retail,ga,0,1,0.0,250,500,6624.73,monthly,19.12,1,0.0,,0.0,,0.0,0.32936824941716847
POL-016240,INS-00454,2023-12-25,2023-12-13,2024-12-12,APD,8,3.8,5,42.5,1.0,205.3,trucking,wa,0,1,12929.64,5000,100,6191.03,quarterly,98.01,0,0.0,9999-01-01,-999.0,INVALID,-999.0,0.5416889054359039
POL-017740,INS-00268,2023-09-02,2023-04-01,2024-03-31,AL,9,6.0,9,37.4,12.3,126.2,trucking,ga,0,1,0.0,1000,1000,7289.58,monthly,6.0,3,0.0,,0.0,,0.0,0.47472565989069093
POL-017741,INS-00144,2023-07-25,2023-03-12,2024-03-11,AL,12,10.2,6,42.2,4.9,753.0,trucking,tx,0,1,11792.2,5000,1000,16954.7,monthly,2.69,5,0.0,,0.0,,0.0,0.7448122704273926
POL-016241,INS-00265,2023-06-02,2023-04-21,2024-04-20,APD,7,3.9,6,35.1,19.1,169.3,trucking,wa,0,1,20268.14,250,300,9367.3,monthly,0.2,3,3.0,9999-01-01,-999.0,INVALID,-999.0,0.35494351772898225
POL-016242,INS-00736,2024-01-23,2023-12-03,2024-12-02,APD,11,2.5,7,50.9,8.6,199.0,other,tx,2,0,11340.39,250,100,3530.21,monthly,47.62869565217392,0,1.0,,0.0,,0.0,0.5989456398667932
POL-017742,INS-00699,2023-04-14,2022-11-08,2023-11-08,AL,6,4.5,3,0.0,1.0,187.4,trucking,il,3,0,14178.21,1000,500,15105.83,monthly,71.2,1,2.0,,0.0,,0.0,0.46160692584185953
POL-017743,INS-00288,2024-05-29,2024-01-22,2025-01-21,AL,6,10.3,6,48.5,1.8,63.5,construction,co,0,1,9147.11,2500,1000,8566.96,annual,44.19,3,1.0,9999-01-01,-999.0,INVALID,-999.0,0.5052183036346612
POL-016243,INS-00088,2023-03-09,2023-02-05,2024-02-05,APD,5,6.7,8,35.2,11.7,168.7,construction,oh,0,0,0.0,500,500,12035.94,quarterly,19.88,1,2.0,,0.0,,0.0,0.31057827940066973
POL-016244,INS-00542,2023-03-23,2022-11-22,2023-11-22,APD,10,4.7,6,34.4,7.6,0.0,service,tx,2,1,14037.17,500,300,5274.49,annual,20.9,3,0.0,,0.0,,0.0,0.5762545468332275
POL-017744,INS-00001,2023-12-26,2023-09-06,2024-09-05,AL,8,1.6,9,44.0,5.0,357.7,service,ca,0,0,0.0,250,300,5159.54,annual,53.91,3,0.0,,0.0,,0.0,0.42065211450010787
POL-017745,INS-00646,2024-06-29,2024-06-11,2025-06-11,AL,14,3.6,7,33.1,2.9,448.4,construction,il,2,0,9260.77,1000,300,13224.73,quarterly,87.11,3,0.0,,0.0,,0.0,0.7152267399224296
POL-016245,INS-00488,2024-04-11,2024-01-20,2025-01-19,APD,7,4.7,6,35.4,12.6,106.4,retail,tx,0,1,17164.48,250,300,9336.01,monthly,85.29,0,2.0,9999-01-01,-999.0,INVALID,-999.0,0.5225915913048438
POL-016246,INS-00309,2023-11-26,2023-08-29,2024-08-28,APD,8,10.5,5,47.4,11.1,88.1,construction,ny,0,0,0.0,250,300,9811.71,annual,30.79,2,0.0,,0.0,,0.0,0.40094522584287057
POL-017746,INS-00343,2023-12-08,2023-10-25,2024-10-24,AL,6,5.8,7,37.4,1.0,195.9,trucking,tx,3,1,9665.99,250,1000,16201.14,annual,4.55,2,3.0,,0.0,,0.0,0.45365485688117785
POL-017747,INS-00200,2023-04-23,2023-01-15,2024-01-15,AL,15,0.0,4,44.8,1.0,731.2,service,oh,0,2,18651.96,5000,1000,15065.86,annual,7.67,4,1.0,,0.0,,0.0,0.7991801103542051
POL-016247,INS-00194,2023-01-29,2023-01-10,2024-01-10,APD,9,1.8,4,36.4,15.9,231.3,trucking,az,3,0,36495.54,500,500,6661.28,quarterly,11.89,0,0.0,,0.0,,0.0,0.4962887393221248
POL-016248,INS-00705,2023-03-27,2023-02-15,2024-02-15,APD,8,7.7,2,36.1,13.0,214.0,trucking,wa,0,0,0.0,250,500,7265.64,quarterly,30.46,1,2.0,,0.0,,0.0,0.45099166694758097
POL-017748,INS-00335,2023-06-13,2023-05-01,2024-04-30,AL,9,2.1,4,33.2,6.2,437.2,retail,ga,2,1,6050.06,500,1000,6901.89,annual,74.2,1,3.0,,0.0,,0.0,0.6580770670377926
POL-017749,INS-00637,2024-05-15,2024-03-16,2025-03-16,AL,10,4.3,11,45.1,5.0,187.4,trucking,wa,0,0,0.0,250,300,20642.4,quarterly,1.33,0,0.0,,0.0,,0.0,0.35280203441455144
POL-016249,INS-00154,2024-04-25,2023-11-02,2024-11-01,APD,9,4.5,5,47.4,2.2,303.7,trucking,pa,1,0,11595.52,500,300,9684.78,quarterly,93.58,1,3.0,,0.0,,0.0,0.7097708098498674
POL-016250,INS-00539,2024-01-04,2024-01-03,2025-01-02,APD,7,3.8,3,49.0,2.2,118.3,trucking,tx,0,0,0.0,2500,300,6574.73,monthly,53.63,2,0.0,,0.0,,0.0,0.390385560623985
POL-017750,INS-00314,2023-09-24,2023-04-12,2024-04-11,AL,5,0.3,3,25.6,25.1,71.1,retail,co,0,1,4309.81,250,1000,6948.03,quarterly,10.88,1,0.0,,0.0,,0.0,0.34562663969363994
POL-017751,INS-00154,2023-08-28,2023-05-25,2024-05-24,AL,5,5.7,8,0.0,2.0,45.4,retail,pa,1,0,0.0,2500,1000,14833.8,annual,78.59,0,1.0,,0.0,,0.0,0.4051012131272613
POL-016251,INS-00153,2023-02-01,2022-12-13,2023-12-13,APD,5,5.8,3,25.6,2.7,43.2,trucking,ga,1,0,6145.65,250,100,5038.36,annual,79.17,1,0.0,,0.0,,0.0,0.4630056890490196
POL-016252,INS-00602,2023-03-19,2022-12-30,2023-12-30,APD,7,7.5,5,31.4,40.0,285.4,trucking,az,3,0,12604.25,250,500,9730.29,quarterly,90.7,1,0.0,,0.0,,0.0,0.6696511356494028
POL-017752,INS-00090,2023-03-16,2022-10-04,2023-10-04,AL,13,5.4,6,53.8,1.5,213.9,service,wa,1,0,8583.73,1000,1000,9747.62,quarterly,20.35,4,3.0,,0.0,,0.0,0.6312009575758136
POL-017753,INS-00683,2023-10-31,2023-05-05,2024-05-04,AL,7,5.4,4,46.7,2.4,93.6,trucking,co,2,0,18303.3,250,300,18057.93,monthly,21.6,3,0.0,,0.0,,0.0,0.3558101713306842
POL-016253,INS-00453,2024-04-26,2023-12-27,2024-12-26,APD,8,0.0,5,47.8,12.2,116.7,trucking,ga,0,0,0.0,250,100,4258.26,annual,94.1,1,3.0,,0.0,,0.0,0.567212374722164
POL-016254,INS-00131,2024-04-06,2023-10-26,2024-10-25,APD,6,5.5,8,0.0,4.5,87.8,trucking,fl,0,0,0.0,2500,500,7599.32,monthly,39.52,2,0.0,,0.0,,0.0,0.3337682098267506
POL-017754,INS-00481,2023-01-15,2022-10-29,2023-10-29,AL,7,2.4,6,38.2,3.5,172.8,service,il,0,0,0.0,250,1000,19395.99,annual,13.06,1,1.0,,0.0,,0.0,0.30894837875391046
POL-017755,INS-00399,2024-01-07,2023-07-15,2024-07-14,AL,8,2.5,4,43.3,4.6,210.4,construction,ca,0,1,16635.24,500,500,15167.53,annual,0.98,1,0.0,,0.0,,0.0,0.34947149288786605
POL-016255,INS-00676,2024-02-23,2023-12-27,2024-12-26,APD,7,2.8,3,0.0,6.6,172.8,service,tx,1,0,58941.42,5000,100,14814.39,missing,37.58,2,0.0,,0.0,,0.0,0.3514759264382223
POL-016256,INS-00285,2023-12-22,2023-11-25,2024-11-24,APD,4,4.8,6,44.1,1.0,116.6,retail,co,1,0,8058.65,500,100,5478.63,annual,19.38,0,0.0,,0.0,,0.0,0.2747896490988523
POL-017756,INS-00001,2024-02-15,2023-10-26,2024-10-25,AL,5,7.1,5,38.5,1.0,152.9,trucking,az,1,0,4231.79,2500,300,9023.83,monthly,14.38,1,0.0,,0.0,,0.0,0.2714074462801883
POL-017757,INS-00462,2023-03-25,2022-11-02,2023-11-02,AL,7,3.2,4,46.9,10.1,104.8,retail,il,0,0,0.0,5000,500,7312.26,annual,70.49,1,1.0,,0.0,,0.0,0.4538001638559073
POL-016257,INS-00670,2023-08-13,2023-02-19,2024-02-19,APD,7,7.8,6,38.5,2.3,113.4,trucking,fl,0,0,0.0,250,300,5380.99,quarterly,34.69,2,3.0,,0.0,,0.0,0.4290868091232018
POL-016258,INS-00103,2023-07-17,2023-04-26,2024-04-25,APD,9,1.2,5,29.7,3.4,216.2,service,wa,0,0,0.0,1000,300,8769.37,monthly,84.4,1,1.0,,0.0,,0.0,0.5521353317319455
POL-017758,INS-00387,2024-01-01,2023-11-12,2024-11-11,AL,7,3.0,4,44.7,11.1,259.3,construction,ca,0,0,0.0,250,500,24806.78,monthly,22.9,2,2.0,,0.0,,0.0,0.37410795641940187
POL-017759,INS-00429,2024-02-17,2023-10-10,2024-10-09,AL,12,1.6,6,48.4,1.0,172.2,construction,oh,1,1,30669.96,5000,300,14322.77,missing,53.06,4,1.0,,0.0,,0.0,0.6979615367791506
POL-016259,INS-00084,2023-04-23,2023-02-04,2024-02-04,APD,9,0.9,8,28.6,1.1,217.2,construction,ca,0,0,0.0,2500,300,13242.33,annual,83.23,3,0.0,,0.0,,0.0,0.5105728327963666
POL-016260,INS-00310,2023-09-13,2023-08-17,2024-08-16,APD,14,7.7,12,28.9,1.0,446.2,trucking,fl,0,3,65827.07,2500,100,13611.19,monthly,74.84,0,0.0,,0.0,,0.0,0.7136009417874501
POL-017760,INS-00712,2024-06-11,2024-02-28,2025-02-27,AL,15,6.2,5,36.7,6.2,418.1,retail,az,1,3,20388.29,1000,1000,16147.64,annual,0.26,4,0.0,,0.0,,0.0,0.7373235696462076
POL-017761,INS-00694,2023-04-14,2023-03-19,2024-03-18,AL,10,6.4,5,21.0,5.3,359.2,trucking,co,0,0,0.0,5000,500,9935.09,quarterly,41.51,0,0.0,,0.0,,0.0,0.539469590990208
POL-016261,INS-00564,2024-06-20,2024-05-13,2025-05-13,APD,10,2.5,2,39.1,31.1,0.0,trucking,co,3,0,12806.51,250,500,9364.61,annual,58.98,1,1.0,,0.0,,0.0,0.7230037606088258
POL-016262,INS-00476,2024-06-11,2024-02-08,2025-02-07,APD,4,3.8,2,35.1,1.2,89.0,service,ny,0,1,25139.35,250,500,3293.88,quarterly,42.53,1,4.0,,0.0,,0.0,0.3389234350015035
POL-017762,INS-00464,2024-02-07,2023-10-21,2024-10-20,AL,9,4.3,4,42.0,2.9,114.2,service,pa,2,1,5991.2,5000,500,11084.79,monthly,24.19,4,0.0,,0.0,,0.0,0.4959855110110164
POL-017763,INS-00576,2023-05-23,2023-02-11,2024-02-11,AL,12,4.2,6,44.7,14.9,254.5,service,co,2,0,7694.36,500,300,16018.55,annual,43.33,4,3.0,,0.0,,0.0,0.5673757903232021
POL-016263,INS-00035,2023-12-09,2023-08-20,2024-08-19,APD,6,4.5,7,54.3,8.1,333.7,retail,ny,0,1,9459.95,1000,300,12460.52,annual,77.26,0,3.0,,0.0,,0.0,0.5563868193266991
POL-017764,INS-00330,2023-04-12,2022-12-04,2023-12-04,AL,8,0.0,7,49.4,1.0,197.8,construction,tx,0,0,0.0,2500,1000,6822.2,annual,64.72,4,1.0,,0.0,,0.0,0.5687358567080363
POL-016264,INS-00110,2023-02-13,2022-10-06,2023-10-06,APD,5,4.5,7,31.9,1.4,175.3,trucking,fl,0,0,0.0,5000,300,7914.5,annual,38.95,1,1.0,,0.0,,0.0,0.3273120758443988
POL-016265,INS-00137,2024-05-23,2024-03-04,2025-03-04,APD,3,1.9,8,35.2,2.4,0.0,retail,wa,0,0,0.0,250,100,4339.71,annual,61.32,0,4.0,,0.0,,0.0,0.4058571179714251
POL-017765,INS-00492,2023-03-11,2022-11-03,2023-11-03,AL,9,4.3,10,0.0,23.5,112.8,retail,pa,1,0,8802.83,250,1000,13061.81,quarterly,87.42,2,0.0,,0.0,,0.0,0.5700091566014853
POL-016266,INS-00665,2023-05-16,2023-04-03,2024-04-02,APD,7,1.6,6,21.0,1.0,143.5,trucking,pa,0,0,0.0,250,1000,12820.49,monthly,62.67,1,0.0,,0.0,,0.0,0.4207600017257431
POL-017766,INS-00486,2024-02-20,2024-01-06,2025-01-05,AL,5,7.1,5,0.0,22.7,114.0,service,nc,1,1,4592.62,2500,500,5881.23,missing,88.67,0,2.0,,0.0,,0.0,0.48242450648967505
POL-016267,INS-00690,2023-04-22,2023-03-04,2024-03-03,APD,5,5.1,6,33.9,1.0,317.1,construction,nc,0,0,0.0,500,1000,4187.43,monthly,54.24,1,2.0,,0.0,,0.0,0.429238382763527
POL-017767,INS-00579,2023-02-10,2022-11-20,2023-11-20,AL,9,5.0,5,39.2,1.0,216.4,other,il,1,2,64749.11,2500,500,9732.24,annual,3.29,1,0.0,,0.0,,0.0,0.4690296117596375
POL-017768,INS-00322,2023-09-08,2023-04-25,2024-04-24,AL,8,6.3,8,22.7,3.4,209.8,retail,wa,0,0,0.0,1000,100,14777.91,annual,51.22,2,2.0,,0.0,,0.0,0.41775555775730433
POL-016268,INS-00677,2023-09-01,2023-04-06,2024-04-05,APD,12,2.6,5,32.9,4.6,423.5,trucking,co,2,2,64167.04,2500,500,13337.08,quarterly,65.6,6,0.0,,0.0,,0.0,0.6613268683621942
POL-017769,INS-00621,2024-02-20,2024-02-08,2025-02-07,AL,10,9.7,6,30.9,2.5,189.2,retail,tx,1,0,19314.8,5000,300,33212.23,quarterly,38.58,1,0.0,,0.0,,0.0,0.4775117508705726
POL-016269,INS-00229,2023-01-27,2022-08-01,2023-08-01,APD,4,3.7,4,32.8,2.7,77.3,other,wa,0,1,7925.51,5000,300,9069.35,quarterly,16.03,1,3.0,,0.0,,0.0,0.243274463395908
POL-016270,INS-00317,2024-01-22,2023-09-08,2024-09-07,APD,10,6.1,5,44.1,7.3,218.4,construction,il,0,0,0.0,500,500,6941.3,annual,45.28,2,1.0,9999-01-01,-999.0,INVALID,-999.0,0.5082235225866439
POL-017770,INS-00307,2023-04-24,2023-04-03,2024-04-02,AL,8,4.5,9,48.8,11.6,126.2,construction,nc,0,0,0.0,1000,500,4234.95,monthly,10.21,2,0.0,,0.0,,0.0,0.3170981792749228
POL-016271,INS-00627,2023-06-05,2022-12-12,2023-12-12,APD,8,5.4,5,30.4,11.0,125.9,retail,co,1,0,24248.28,500,300,5399.63,monthly,74.85,0,0.0,,0.0,,0.0,0.5264790558581309
POL-017771,INS-00084,2023-08-14,2023-03-21,2024-03-20,AL,3,5.2,2,32.2,8.0,48.8,other,ny,0,1,10293.63,250,300,33926.77,annual,17.72,2,1.0,,0.0,,0.0,0.2662601024210385
POL-017772,INS-00529,2024-04-02,2023-11-29,2024-11-28,AL,8,2.0,7,36.9,24.2,131.0,other,ny,2,0,121058.04,2500,100,19920.02,quarterly,50.68,3,0.0,,0.0,,0.0,0.5121700049440332
POL-016272,INS-00029,2023-04-07,2023-03-02,2024-03-01,APD,11,3.4,4,27.4,5.0,243.7,construction,nc,1,0,19623.47,1000,100,8335.11,missing,32.9,4,0.0,,0.0,,0.0,0.48485618460659186
POL-016273,INS-00628,2023-01-18,2022-10-06,2023-10-06,APD,11,0.0,4,51.6,8.7,291.7,trucking,nc,2,0,50435.8,2500,500,5290.88,annual,39.45,3,0.0,,0.0,,0.0,0.5566324294295941
POL-017773,INS-00191,2023-02-11,2023-01-19,2024-01-19,AL,9,3.9,9,33.3,4.7,229.2,construction,fl,0,0,0.0,1000,500,12226.55,quarterly,49.91827464788733,1,1.0,,0.0,,0.0,0.4812036700254147
POL-017774,INS-00492,2024-01-26,2023-10-22,2024-10-21,AL,6,4.4,7,28.1,22.0,114.0,trucking,az,1,1,68579.0,500,300,10506.25,monthly,54.27,3,0.0,,0.0,,0.0,0.48602608619987964
POL-016274,INS-00064,2023-10-01,2023-07-18,2024-07-17,APD,9,7.5,8,39.3,6.2,308.4,service,tx,1,0,2386.83,500,300,7576.79,monthly,54.95,1,0.0,,0.0,,0.0,0.5853169034329795
POL-016275,INS-00560,2023-11-01,2023-10-09,2024-10-08,APD,5,9.7,8,38.5,1.9,0.0,retail,az,1,0,10443.34,1000,300,10777.49,monthly,81.86,1,0.0,,0.0,,0.0,0.5606194591102844
POL-017775,INS-00503,2023-09-03,2023-04-11,2024-04-10,AL,6,5.2,2,0.0,3.4,346.0,retail,co,1,2,18028.19,2500,500,8586.45,quarterly,99.05,1,0.0,,0.0,,0.0,0.6487234260557764
POL-017776,INS-00559,2023-10-29,2023-07-20,2024-07-19,AL,11,4.2,4,33.7,4.7,175.5,trucking,il,0,1,11708.27,2500,500,8942.41,monthly,0.91,1,1.0,,0.0,,0.0,0.4768915818674047
POL-016276,INS-00377,2023-07-29,2023-03-15,2024-03-14,APD,9,5.0,2,43.0,3.0,196.6,trucking,tx,1,0,13709.86,500,100,2504.2,annual,65.06,1,0.0,,0.0,,0.0,0.5640576595757197
POL-016277,INS-00584,2023-12-26,2023-10-08,2024-10-07,APD,10,4.2,9,49.5,5.6,388.9,trucking,nc,1,0,3594.32,1000,500,17546.89,annual,90.37,3,0.0,,0.0,,0.0,0.6930483364983004
POL-017777,INS-00478,2023-12-29,2023-10-12,2024-10-11,AL,7,7.1,8,40.6,3.8,242.2,retail,wa,1,1,16491.48,5000,300,34870.56,annual,95.66,1,0.0,,0.0,,0.0,0.5538359074306423
POL-017778,INS-00229,2023-02-19,2022-11-28,2023-11-28,AL,4,5.9,5,27.7,1.0,79.9,retail,nc,1,1,35811.79,1000,1000,12839.38,monthly,64.07,0,3.0,,0.0,,0.0,0.4431170743351714
POL-016278,INS-00603,2023-09-05,2023-07-05,2024-07-04,APD,10,7.0,5,49.3,16.6,0.0,retail,nc,3,0,27069.92,250,300,8801.72,quarterly,66.51,2,1.0,,0.0,,0.0,0.7240422575988728
POL-016279,INS-00718,2023-02-09,2022-09-20,2023-09-20,APD,6,0.3,7,24.0,21.0,299.4,construction,az,0,0,0.0,2500,500,4575.16,quarterly,15.91,0,3.0,,0.0,,0.0,0.34108381251286934
POL-017779,INS-00517,2024-03-18,2023-11-05,2024-11-04,AL,5,7.6,7,34.7,1.0,215.5,construction,ga,0,0,0.0,2500,500,8948.89,monthly,26.57,0,0.0,9999-01-01,-999.0,INVALID,-999.0,0.2640681719661137
POL-017780,INS-00021,2024-05-28,2024-03-07,2025-03-07,AL,7,6.7,10,21.3,2.7,150.4,retail,co,1,1,22804.37,2500,300,17314.38,monthly,86.52,1,3.0,,0.0,,0.0,0.5612056411482614
POL-016280,INS-00341,2023-06-12,2023-06-11,2024-06-10,APD,7,7.2,8,57.9,3.3,418.1,trucking,az,0,0,0.0,2500,500,3840.11,quarterly,3.83,2,0.0,,0.0,,0.0,0.3582317005348631
POL-016281,INS-00041,2023-04-11,2023-02-08,2024-02-08,APD,9,4.9,2,29.4,20.3,0.0,retail,ny,0,0,0.0,500,500,6525.45,monthly,83.95,0,0.0,,0.0,,0.0,0.5982954876725725
POL-017781,INS-00449,2024-03-14,2023-10-26,2024-10-25,AL,3,5.3,4,27.7,1.0,114.2,retail,az,0,0,0.0,500,500,19653.87,monthly,40.1,1,4.0,,0.0,,0.0,0.2947689859627236
POL-017782,INS-00313,2023-09-30,2023-07-30,2024-07-29,AL,8,7.9,5,35.5,1.0,293.2,service,fl,0,1,11159.23,5000,500,12717.59,annual,97.66,3,1.0,,0.0,,0.0,0.6572398914867967
POL-016282,INS-00273,2024-01-09,2023-09-14,2024-09-13,APD,9,0.8,5,26.9,13.2,191.1,service,il,1,0,3995.86,5000,300,7419.01,monthly,45.61,0,2.0,,0.0,,0.0,0.5221078290503751
POL-016283,INS-00169,2024-02-29,2023-12-01,2024-11-30,APD,8,4.9,5,52.9,3.5,281.5,retail,co,3,0,18185.89,1000,300,7218.38,monthly,35.16,1,1.0,,0.0,,0.0,0.585185987923708
POL-017783,INS-00212,2024-05-31,2023-12-09,2024-12-08,AL,11,3.8,6,42.4,5.3,147.8,trucking,fl,0,1,16168.46,2500,300,9782.36,quarterly,59.0,2,4.0,,0.0,,0.0,0.7183532206354969
POL-017784,INS-00601,2023-02-15,2022-11-03,2023-11-03,AL,6,7.5,3,37.5,6.4,65.0,construction,fl,0,0,0.0,1000,300,9476.54,monthly,30.57,2,3.0,,0.0,,0.0,0.36461274658159126
POL-016284,INS-00303,2023-04-10,2023-03-16,2024-03-15,APD,5,4.1,1,28.9,3.0,176.1,construction,ca,0,0,0.0,250,1000,7852.5,monthly,86.73,1,2.0,9999-01-01,-999.0,INVALID,-999.0,0.46599743828087253
POL-016285,INS-00467,2024-06-13,2024-03-26,2025-03-26,APD,10,0.0,5,33.4,19.4,157.3,construction,az,0,1,13420.27,2500,300,11989.82,monthly,94.73,2,0.0,,0.0,,0.0,0.5530224333693463
POL-017785,INS-00559,2024-03-22,2023-11-10,2024-11-09,AL,6,4.0,5,45.5,4.4,140.4,service,tx,0,0,0.0,2500,300,10671.1,monthly,57.26,2,0.0,,0.0,,0.0,0.3433829314978931
POL-017786,INS-00004,2023-08-06,2023-07-07,2024-07-06,AL,5,4.4,4,36.0,1.0,57.3,trucking,oh,2,0,3945.91,1000,1000,11034.92,annual,50.22245,1,0.0,,0.0,,0.0,0.37338693036258824
POL-016286,INS-00191,2024-01-30,2024-01-15,2025-01-14,APD,5,4.4,11,42.4,1.7,95.2,construction,tx,0,0,0.0,250,300,17556.5,quarterly,54.68,0,0.0,9999-01-01,-999.0,INVALID,-999.0,0.32944099651117575
POL-016287,INS-00484,2023-12-09,2023-07-27,2024-07-26,APD,5,7.9,9,36.8,29.4,209.2,trucking,tx,1,1,5592.21,2500,100,10948.97,monthly,30.15,0,0.0,,0.0,,0.0,0.37483379946770584
POL-017787,INS-00179,2023-05-15,2022-12-14,2023-12-14,AL,10,3.5,5,40.8,2.3,523.3,trucking,wa,1,0,1665.88,5000,300,6955.74,annual,82.06,4,0.0,,0.0,,0.0,0.6953788841028494
POL-017788,INS-00211,2023-01-02,2022-09-15,2023-09-15,AL,8,7.3,4,47.2,4.9,151.5,service,il,1,0,6454.88,5000,500,9064.56,quarterly,1.76,2,2.0,,0.0,,0.0,0.4135008087194504
POL-016288,INS-00282,2023-12-03,2023-08-24,2024-08-23,APD,5,1.3,4,39.1,1.2,186.6,construction,nc,1,0,5616.86,2500,300,6579.41,monthly,78.62,1,0.0,9999-01-01,-999.0,INVALID,-999.0,0.4362846428581959
POL-016289,INS-00375,2024-05-18,2024-03-03,2025-03-03,APD,3,2.8,7,38.5,9.5,126.9,other,ny,0,0,0.0,500,500,3828.0,quarterly,84.29,0,0.0,,0.0,,0.0,0.2720763894371443
POL-017789,INS-00560,2023-05-07,2023-02-19,2024-02-19,AL,3,3.1,8,44.1,2.8,126.4,trucking,tx,0,1,4604.53,1000,1000,16563.02,quarterly,23.98,0,1.0,,0.0,,0.0,0.3550650070891197
POL-017790,INS-00418,2023-08-12,2023-03-09,2024-03-08,AL,7,0.0,3,38.3,19.4,193.3,service,tx,0,1,3776.44,1000,300,23298.43,monthly,76.23,0,0.0,9999-01-01,-999.0,INVALID,-999.0,0.4121089566854624
POL-016290,INS-00580,2023-08-19,2023-04-23,2024-04-22,APD,6,6.2,4,34.5,15.0,0.0,trucking,co,0,0,0.0,2500,500,6963.57,monthly,83.51,1,0.0,,0.0,,0.0,0.5261514327023546
POL-016291,INS-00599,2023-12-16,2023-08-30,2024-08-29,APD,12,3.4,7,31.8,13.5,155.5,trucking,pa,2,1,21845.96,2500,300,13698.24,monthly,72.02,8,0.0,,0.0,,0.0,0.6295412136720091
POL-017791,INS-00298,2023-06-05,2023-01-27,2024-01-27,AL,9,1.5,7,38.3,15.8,103.7,service,ny,1,0,13143.1,500,500,13726.14,annual,21.06,2,0.0,,0.0,,0.0,0.3391985109602709
POL-017792,INS-00530,2023-04-29,2022-11-09,2023-11-09,AL,5,1.4,10,42.7,3.6,50.4,other,nc,0,0,0.0,5000,1000,11764.14,annual,38.75,0,2.0,9999-01-01,-999.0,INVALID,-999.0,0.3717705554080171
POL-016292,INS-00002,2023-01-13,2022-10-18,2023-10-18,APD,6,4.5,6,0.0,6.4,261.7,construction,oh,0,0,0.0,250,500,6855.5,monthly,65.31,1,0.0,9999-01-01,-999.0,INVALID,-999.0,0.4262935880096567
POL-016293,INS-00220,2023-03-02,2022-10-27,2023-10-27,APD,10,5.9,8,28.2,5.0,812.4,construction,fl,0,1,18841.84,1000,300,6181.35,annual,71.22,2,0.0,,0.0,,0.0,0.7341353215459341
POL-017793,INS-00662,2024-04-16,2024-02-25,2025-02-24,AL,7,8.9,8,43.3,1.0,59.3,retail,oh,0,0,0.0,500,300,11021.26,monthly,52.90282967032967,2,4.0,,0.0,,0.0,0.43989396790083374
POL-017794,INS-00750,2023-08-20,2023-07-02,2024-07-01,AL,11,4.8,9,32.1,1.0,0.0,trucking,il,4,2,29794.64,5000,100,12189.42,monthly,81.45,2,0.0,,0.0,,0.0,0.7831486007164121
POL-016294,INS-00666,2023-08-26,2023-07-07,2024-07-06,APD,11,6.2,3,29.2,40.0,302.5,retail,pa,0,0,0.0,1000,500,6622.18,monthly,50.13297619047619,1,0.0,,0.0,,0.0,0.521994899427702
POL-016295,INS-00573,2023-09-17,2023-07-15,2024-07-14,APD,10,4.5,8,45.5,11.2,0.0,construction,il,1,1,20636.93,1000,500,5940.62,annual,91.61,3,0.0,,0.0,,0.0,0.6824154567097941
POL-017795,INS-00454,2023-01-05,2022-10-12,2023-10-12,AL,5,4.2,5,40.5,12.5,110.5,trucking,az,0,0,0.0,2500,300,6165.34,annual,51.19,1,0.0,,0.0,,0.0,0.3385653490031995
POL-017796,INS-00708,2023-02-02,2022-12-25,2023-12-25,AL,4,3.5,7,0.0,15.4,142.9,trucking,fl,0,2,12610.89,1000,1000,23995.85,quarterly,35.18,1,0.0,,0.0,,0.0,0.47822485200292375
POL-016296,INS-00670,2023-11-08,2023-10-03,2024-10-02,APD,5,5.5,11,29.5,2.2,126.8,service,il,0,2,17379.92,5000,500,5416.54,monthly,94.68,1,2.0,,0.0,,0.0,0.47153864981037374
POL-016297,INS-00297,2023-03-20,2023-03-20,2024-03-19,APD,8,5.1,6,56.4,7.8,306.0,retail,fl,2,0,5050.04,5000,1000,11153.1,missing,98.55,0,0.0,,0.0,,0.0,0.6383847110477596
POL-017797,INS-00052,2023-06-30,2023-01-03,2024-01-03,AL,5,4.0,8,38.9,3.4,140.4,trucking,fl,2,0,28309.92,250,300,22306.81,annual,50.22245,2,0.0,,0.0,,0.0,0.3498989564403279
POL-017798,INS-00107,2023-03-18,2022-11-04,2023-11-04,AL,7,5.4,2,35.0,3.5,215.2,construction,wa,1,1,0.0,500,300,8839.12,missing,87.19,1,0.0,,0.0,,0.0,0.5118861881067016
POL-016298,INS-00022,2023-11-15,2023-06-13,2024-06-12,APD,14,6.6,9,42.9,1.8,394.9,trucking,wa,0,1,5800.89,500,300,10437.32,annual,71.31,3,0.0,,0.0,,0.0,0.7021458025673493
POL-016299,INS-00172,2023-04-19,2023-03-11,2024-03-10,APD,10,5.3,3,33.0,6.1,0.0,service,co,2,0,12580.12,2500,100,5329.94,annual,41.05,3,1.0,,0.0,,0.0,0.643078265257752
POL-017799,INS-00163,2024-01-28,2023-08-31,2024-08-30,AL,7,6.0,5,37.4,39.4,106.5,service,nc,0,0,0.0,250,300,6839.5,annual,84.65,3,0.0,,0.0,,0.0,0.42436978695040656
POL-017800,INS-00177,2024-06-24,2024-06-15,2025-06-15,AL,8,9.0,5,36.4,6.5,307.0,retail,il,0,0,0.0,1000,300,12200.93,quarterly,79.62,3,1.0,,0.0,,0.0,0.5592981923778099
POL-016300,INS-00397,2024-03-09,2024-02-01,2025-01-31,APD,10,8.1,6,37.7,10.8,166.9,other,ga,1,0,5034.69,500,500,6142.41,quarterly,4.2,2,2.0,,0.0,,0.0,0.45368873808448373
POL-016301,INS-00742,2024-01-07,2023-10-03,2024-10-02,APD,4,1.3,4,28.1,12.0,181.5,retail,tx,0,0,0.0,250,100,8221.02,annual,16.47,0,0.0,9999-01-01,-999.0,INVALID,-999.0,0.2173900344146829
POL-017801,INS-00363,2023-11-19,2023-08-08,2024-08-07,AL,8,6.1,6,31.7,8.2,239.1,trucking,tx,1,2,26154.14,500,300,9515.28,monthly,50.22245,1,2.0,9999-01-01,-999.0,INVALID,-999.0,0.5798117015665293
POL-017802,INS-00473,2023-09-21,2023-06-14,2024-06-13,AL,9,5.0,11,37.6,1.0,211.3,trucking,ny,3,0,45133.24,2500,500,9026.04,monthly,51.76,2,1.0,,0.0,,0.0,0.5268953139486716
POL-016302,INS-00032,2024-04-24,2024-02-08,2025-02-07,APD,10,4.7,4,50.4,1.8,0.0,trucking,co,1,0,3859.48,2500,500,25000.0,annual,63.93,1,0.0,,0.0,,0.0,0.660705093956258
POL-016303,INS-00506,2024-03-24,2023-12-08,2024-12-07,APD,3,2.7,3,44.9,1.0,0.0,retail,il,0,0,0.0,2500,300,13766.98,quarterly,98.44,0,3.0,,0.0,,0.0,0.4600930366697142
POL-017803,INS-00288,2023-01-19,2022-12-20,2023-12-20,AL,4,8.1,5,44.0,4.2,0.0,construction,nc,2,0,28448.87,2500,500,17657.07,monthly,47.68,0,1.0,,0.0,,0.0,0.3935647350833222
POL-017804,INS-00367,2023-12-26,2023-12-11,2024-12-10,AL,7,3.8,5,42.3,20.5,131.2,trucking,nc,2,2,150555.1,250,500,7645.29,quarterly,38.64,2,0.0,,0.0,,0.0,0.617700452434082
POL-016304,INS-00018,2024-05-05,2024-02-26,2025-02-25,APD,8,2.2,7,50.7,1.9,265.1,retail,fl,2,1,23933.49,500,100,19672.54,quarterly,11.55,2,0.0,,0.0,,0.0,0.42447625767492414
POL-016305,INS-00561,2023-10-22,2023-08-03,2024-08-02,APD,8,2.5,8,35.0,18.7,156.0,trucking,az,1,1,30820.31,500,100,9673.38,annual,7.64,2,2.0,9999-01-01,-999.0,INVALID,-999.0,0.4087675016655939
POL-017805,INS-00644,2024-01-04,2023-07-17,2024-07-16,AL,7,6.0,5,37.2,4.0,171.2,trucking,oh,1,0,45591.77,250,500,11976.04,annual,83.97,0,1.0,,0.0,,0.0,0.4746257398210451
POL-017806,INS-00308,2023-10-07,2023-05-01,2024-04-30,AL,9,5.1,4,47.6,4.3,378.3,retail,oh,2,2,146548.01,1000,300,7784.62,quarterly,3.93,2,0.0,,0.0,,0.0,0.5821045789039216
POL-016306,INS-00223,2024-06-10,2024-05-18,2025-05-18,APD,8,3.2,6,41.3,2.6,387.5,retail,tx,0,0,0.0,250,500,3501.03,monthly,29.34,2,2.0,,0.0,,0.0,0.46178702008052397
POL-016307,INS-00435,2023-10-22,2023-08-24,2024-08-23,APD,11,7.5,6,40.1,1.9,232.7,construction,tx,0,1,2515.69,250,100,9832.61,annual,75.47,1,0.0,,0.0,,0.0,0.6180206310638384
POL-017807,INS-00734,2024-04-25,2024-01-25,2025-01-24,AL,3,2.1,4,39.7,7.6,113.2,trucking,oh,0,0,0.0,250,100,10365.92,annual,41.6,0,1.0,,0.0,,0.0,0.23534139429994508
POL-017808,INS-00348,2023-03-03,2022-11-25,2023-11-25,AL,8,4.2,6,0.0,13.8,320.6,trucking,az,1,0,16264.88,5000,100,36137.41,quarterly,59.63,1,0.0,,0.0,,0.0,0.530519264941731
POL-016308,INS-00101,2023-09-17,2023-04-25,2024-04-24,APD,13,0.9,4,40.9,8.4,289.8,construction,il,3,1,0.0,500,300,5709.61,quarterly,15.62,1,2.0,,0.0,,0.0,0.6390381912137514
POL-016309,INS-00148,2023-04-26,2023-01-05,2024-01-05,APD,7,8.4,5,34.4,5.8,606.1,retail,fl,2,0,26780.03,250,500,4967.32,monthly,11.98,2,2.0,,0.0,,0.0,0.596815078654133
POL-017809,INS-00043,2024-06-24,2024-04-28,2025-04-28,AL,10,5.2,5,25.8,6.5,265.9,trucking,nc,0,0,0.0,2500,500,30153.97,quarterly,80.66,2,0.0,,0.0,,0.0,0.6248655535139107
POL-017810,INS-00627,2023-04-14,2023-03-01,2024-02-29,AL,14,7.5,4,43.5,3.2,482.9,construction,co,2,0,27461.96,1000,500,28062.03,missing,76.17,3,3.0,,0.0,,0.0,0.7603572878532514
POL-016310,INS-00533,2024-05-11,2024-02-03,2025-02-02,APD,7,0.5,7,43.7,1.6,106.9,service,ny,1,1,29909.06,500,500,5337.63,monthly,19.55,1,4.0,9999-01-01,-999.0,INVALID,-999.0,0.43408797349162287
POL-016311,INS-00403,2024-06-23,2024-04-28,2025-04-28,APD,13,2.0,10,28.9,4.9,361.4,retail,oh,1,1,18853.31,1000,300,13083.9,monthly,8.1,1,3.0,,0.0,,0.0,0.6044669824192034
POL-017811,INS-00702,2023-11-13,2023-08-11,2024-08-10,AL,8,1.7,12,36.5,10.2,314.0,trucking,fl,1,0,4719.89,2500,500,31487.11,monthly,43.63,1,3.0,,0.0,,0.0,0.5074221369271353
POL-017812,INS-00058,2023-07-22,2023-06-02,2024-06-01,AL,11,6.4,7,47.0,29.3,695.4,construction,nc,1,0,7825.93,2500,500,13008.72,monthly,22.59,2,3.0,,0.0,,0.0,0.6124068230113207
POL-016312,INS-00050,2023-01-30,2022-12-16,2023-12-16,APD,7,5.6,12,35.5,4.6,136.3,other,az,0,0,0.0,2500,500,5900.77,quarterly,82.78,3,0.0,,0.0,,0.0,0.41473159091712997
POL-016313,INS-00132,2024-01-07,2023-12-15,2024-12-14,APD,6,9.0,1,28.5,1.8,122.1,construction,il,0,0,0.0,500,100,14219.22,monthly,30.62,0,1.0,,0.0,,0.0,0.37812889642412856
POL-017813,INS-00048,2024-02-22,2023-09-12,2024-09-11,AL,15,3.6,6,43.6,6.9,596.2,trucking,wa,2,1,13319.4,250,500,4107.31,quarterly,47.78,2,0.0,,0.0,,0.0,0.7495804218104218
POL-017814,INS-00461,2023-03-25,2022-10-23,2023-10-23,AL,6,9.7,3,44.2,1.0,260.4,retail,ny,1,0,36451.03,2500,300,5052.0,quarterly,49.64,1,3.0,,0.0,,0.0,0.4694597022854143
POL-016314,INS-00596,2023-03-08,2023-01-06,2024-01-06,APD,9,4.2,6,33.6,6.2,0.0,service,pa,1,1,131245.46,1000,1000,21140.61,annual,33.78,1,2.0,,0.0,,0.0,0.5367262527219572
POL-017815,INS-00273,2023-07-19,2023-03-30,2024-03-29,AL,4,3.9,4,48.1,1.0,138.2,retail,ny,1,0,26109.36,2500,500,34657.17,monthly,54.83,1,0.0,,0.0,,0.0,0.3046675904439141
POL-016315,INS-00207,2023-10-02,2023-08-12,2024-08-11,APD,13,1.2,9,43.4,2.1,494.2,construction,il,0,3,0.0,5000,300,9444.82,annual,22.01,1,0.0,,0.0,,0.0,0.5451917265289493
POL-016316,INS-00205,2024-05-21,2023-12-15,2024-12-14,APD,7,3.3,10,45.7,8.0,476.8,construction,wa,0,0,0.0,250,300,9549.49,quarterly,10.87,2,0.0,9999-01-01,-999.0,INVALID,-999.0,0.37235408952061766
POL-017816,INS-00631,2023-01-14,2022-09-21,2023-09-21,AL,7,0.0,4,44.5,5.6,134.1,construction,ny,1,1,10772.67,5000,500,19671.85,annual,20.14,3,2.0,,0.0,,0.0,0.49944948268727046
POL-017817,INS-00569,2024-05-30,2023-12-22,2024-12-21,AL,8,8.1,6,38.4,12.3,138.5,service,fl,0,0,0.0,5000,500,3000.0,annual,65.52,0,0.0,,0.0,,0.0,0.4034671580290848
POL-016317,INS-00506,2024-03-09,2023-12-29,2024-12-28,APD,6,4.9,9,45.4,3.0,107.8,service,tx,1,0,22963.94,1000,500,17908.9,monthly,82.41,0,0.0,9999-01-01,-999.0,INVALID,-999.0,0.49919219645939544
POL-016318,INS-00573,2023-11-23,2023-09-21,2024-09-20,APD,4,7.7,4,28.3,1.0,167.0,construction,fl,1,0,8373.93,2500,100,6382.16,annual,64.84,0,3.0,,0.0,,0.0,0.471498305284185
POL-017818,INS-00136,2023-02-20,2023-02-18,2024-02-18,AL,10,2.9,5,40.5,3.8,75.3,other,ga,1,1,135728.24,500,100,8666.89,quarterly,93.89,1,0.0,,0.0,,0.0,0.6441491192607397
POL-017819,INS-00486,2023-04-13,2022-11-01,2023-11-01,AL,2,6.0,4,33.7,9.8,25.9,service,tx,0,0,0.0,1000,300,6845.05,monthly,76.98,0,0.0,9999-01-01,-999.0,INVALID,-999.0,0.2268212170131854
POL-016319,INS-00453,2024-04-06,2024-01-04,2025-01-03,APD,7,1.4,6,35.5,1.0,125.6,trucking,co,0,0,0.0,500,500,5580.15,quarterly,73.37,0,2.0,,0.0,,0.0,0.46999780364071847
POL-016320,INS-00131,2023-09-10,2023-07-30,2024-07-29,APD,9,4.0,5,28.6,8.6,322.9,service,tx,1,0,20930.93,500,100,21541.17,monthly,49.43019157088123,0,2.0,,0.0,,0.0,0.6101750391657291
POL-017820,INS-00581,2024-02-21,2023-12-06,2024-12-05,AL,9,0.6,3,25.8,11.4,122.4,retail,co,1,0,13947.02,500,500,12357.36,quarterly,96.82,2,0.0,,0.0,,0.0,0.564563642429501
POL-017821,INS-00384,2024-04-13,2024-02-19,2025-02-18,AL,9,0.0,5,57.8,6.4,236.3,service,ga,0,0,0.0,250,1000,8029.78,annual,59.82,1,0.0,,0.0,,0.0,0.4366458171897488
POL-016321,INS-00690,2023-01-04,2022-11-30,2023-11-30,APD,6,4.6,4,45.3,8.7,154.0,trucking,ny,1,0,39787.04,1000,300,5709.66,monthly,46.35,1,1.0,9999-01-01,-999.0,INVALID,-999.0,0.42751899069163257
POL-016322,INS-00696,2023-07-30,2023-02-05,2024-02-05,APD,11,5.9,4,25.5,5.0,434.7,trucking,wa,1,0,6774.69,1000,100,6389.01,annual,3.25,4,1.0,,0.0,,0.0,0.5560273730777063
POL-017822,INS-00727,2023-10-08,2023-08-30,2024-08-29,AL,5,3.5,10,38.1,8.3,272.0,trucking,az,1,1,63015.22,2500,500,13653.74,monthly,16.93,1,0.0,,0.0,,0.0,0.3841766496653875
POL-017823,INS-00738,2023-09-21,2023-09-15,2024-09-14,AL,3,1.2,5,41.0,29.4,39.8,construction,co,0,0,0.0,250,300,20448.67,annual,78.52,2,0.0,,0.0,,0.0,0.3138881394019852
POL-016323,INS-00715,2024-03-07,2024-02-03,2025-02-02,APD,11,3.1,9,47.7,6.3,196.4,trucking,co,1,1,65447.15,5000,300,13543.47,monthly,40.95,4,0.0,,0.0,,0.0,0.4906283076117068
POL-016324,INS-00477,2024-02-12,2023-10-03,2024-10-02,APD,4,2.1,6,45.0,4.7,59.7,service,az,1,0,13638.96,5000,300,8097.98,annual,20.84,1,3.0,,0.0,,0.0,0.3093166793413975
POL-017824,INS-00599,2024-05-26,2024-01-01,2024-12-31,AL,9,5.7,6,38.4,7.7,231.1,construction,ca,1,1,42046.18,250,300,26282.73,quarterly,2.48,0,0.0,,0.0,,0.0,0.3916136643138428
POL-016325,INS-00698,2023-03-16,2022-12-16,2023-12-16,APD,5,4.4,4,36.9,3.9,126.8,rideshare,il,0,0,0.0,250,300,8533.58,monthly,2.02,1,1.0,9999-01-01,-999.0,INVALID,-999.0,0.2539422350737721
POL-017825,INS-00423,2023-07-20,2023-04-21,2024-04-20,AL,6,3.9,7,32.7,1.0,232.0,service,oh,2,0,7319.37,5000,500,6419.2,annual,62.83,1,0.0,9999-01-01,-999.0,INVALID,-999.0,0.39065057228732314
POL-017826,INS-00537,2024-05-01,2024-04-29,2025-04-29,AL,11,8.3,7,38.8,40.0,209.4,retail,nc,1,0,9692.22,5000,300,9440.62,monthly,52.90282967032967,2,0.0,,0.0,,0.0,0.5028648377952062
POL-016326,INS-00630,2023-10-16,2023-09-03,2024-09-02,APD,5,6.1,9,46.5,20.7,202.4,service,fl,1,1,45902.02,5000,500,8476.5,quarterly,29.08,0,0.0,,0.0,,0.0,0.3132407726599957
POL-016327,INS-00525,2023-08-23,2023-03-27,2024-03-26,APD,10,8.3,6,36.0,1.0,483.5,service,wa,0,0,0.0,1000,300,6024.86,quarterly,88.87,4,0.0,9999-01-01,-999.0,INVALID,-999.0,0.6526824392708669
POL-017827,INS-00299,2024-01-28,2023-12-11,2024-12-10,AL,11,4.0,4,43.3,10.7,160.4,construction,ga,1,0,0.0,500,500,10060.8,annual,24.29,3,4.0,,0.0,,0.0,0.529079369544523
POL-017828,INS-00235,2023-10-16,2023-10-08,2024-10-07,AL,7,4.7,11,24.0,25.4,215.3,trucking,pa,1,1,25167.74,5000,300,3513.58,quarterly,6.27,3,0.0,,0.0,,0.0,0.4971243262377136
POL-016328,INS-00016,2023-10-07,2023-05-26,2024-05-25,APD,7,4.3,5,0.0,2.7,138.0,construction,co,0,0,0.0,1000,100,5221.18,quarterly,49.768,0,0.0,,0.0,,0.0,0.3776636209126195
POL-016329,INS-00739,2023-12-16,2023-10-28,2024-10-27,APD,14,7.5,3,31.0,12.3,226.0,rideshare,il,1,3,28093.57,500,100,7171.28,monthly,80.51,2,3.0,9999-01-01,-999.0,INVALID,-999.0,0.7603705211375041
POL-017829,INS-00532,2024-06-21,2024-05-26,2025-05-26,AL,5,3.7,7,42.9,28.7,255.4,trucking,nc,0,0,0.0,1000,500,9367.33,monthly,73.58,0,2.0,,0.0,,0.0,0.4163120872666338
POL-017830,INS-00577,2024-02-19,2023-09-02,2024-09-01,AL,8,4.1,6,45.9,3.8,174.2,trucking,fl,1,0,5799.14,1000,300,17169.48,monthly,50.22245,3,0.0,,0.0,,0.0,0.4467298540577362
POL-016330,INS-00186,2023-07-10,2023-02-09,2024-02-09,APD,5,6.9,3,39.8,7.1,77.8,trucking,nc,0,0,0.0,250,100,10344.2,monthly,31.01,2,1.0,,0.0,,0.0,0.3208960410352825
POL-016331,INS-00119,2024-03-02,2024-01-02,2025-01-01,APD,10,4.5,4,45.2,1.0,169.5,trucking,fl,0,1,7493.42,5000,100,8167.13,monthly,58.35,1,3.0,9999-01-01,-999.0,INVALID,-999.0,0.5816663587760931
POL-017831,INS-00341,2024-06-28,2024-02-08,2025-02-07,AL,8,5.0,6,0.0,24.1,369.7,retail,ga,0,3,29040.46,500,300,40000.0,annual,52.90282967032967,1,2.0,,0.0,,0.0,0.6327111262940288
POL-017832,INS-00169,2024-02-23,2024-01-15,2025-01-14,AL,6,3.6,5,53.1,3.7,221.9,trucking,tx,0,0,0.0,1000,1000,11796.75,quarterly,93.98,1,0.0,,0.0,,0.0,0.5476790316403382
POL-016332,INS-00502,2024-01-04,2023-07-28,2024-07-27,APD,4,1.8,6,44.5,6.8,87.0,construction,pa,1,0,1956.39,1000,500,7170.77,quarterly,57.35,2,4.0,9999-01-01,-999.0,INVALID,-999.0,0.4035072054892669
POL-016333,INS-00324,2023-03-11,2022-09-22,2023-09-22,APD,7,0.0,5,42.9,6.2,260.7,construction,co,1,0,5126.67,1000,100,7348.86,annual,61.66,1,0.0,,0.0,,0.0,0.48158339271325523
POL-017833,INS-00155,2023-02-12,2023-02-04,2024-02-04,AL,8,3.9,4,41.7,3.2,315.9,retail,oh,0,0,0.0,500,1000,24936.05,annual,74.64,0,3.0,,0.0,,0.0,0.5244764352516722
POL-017834,INS-00132,2023-07-17,2023-04-20,2024-04-19,AL,11,4.5,3,42.0,1.4,140.0,retail,wa,1,0,11060.31,1000,500,10376.3,missing,50.12,4,1.0,,0.0,,0.0,0.5630929422758953
POL-016334,INS-00516,2023-12-07,2023-07-02,2024-07-01,APD,7,3.8,10,33.8,1.0,162.5,trucking,tx,2,0,6428.04,2500,1000,6627.64,monthly,57.15,1,0.0,,0.0,,0.0,0.518808160413517
POL-016335,INS-00568,2024-04-10,2023-10-15,2024-10-14,APD,10,4.9,2,30.5,3.5,186.7,construction,nc,0,0,0.0,250,100,14152.14,monthly,0.14,3,0.0,,0.0,,0.0,0.36876735009925316
POL-017835,INS-00210,2023-04-28,2023-01-03,2024-01-03,AL,4,0.0,6,44.3,2.8,191.7,trucking,pa,0,0,0.0,1000,500,17271.1,quarterly,77.87,0,0.0,,0.0,,0.0,0.3902936972305565
POL-017836,INS-00015,2024-05-23,2024-01-30,2025-01-29,AL,7,4.8,11,36.9,4.9,219.8,trucking,ca,0,1,5198.02,1000,1000,9182.6,quarterly,7.89,1,3.0,,0.0,,0.0,0.5175011076490713
POL-016336,INS-00677,2023-06-16,2022-12-27,2023-12-27,APD,9,8.2,4,45.3,6.5,152.8,other,wa,1,1,14901.48,1000,300,10384.16,annual,39.24,1,2.0,,0.0,,0.0,0.5321481700667224
POL-016337,INS-00244,2023-03-20,2022-12-05,2023-12-05,APD,12,6.0,13,21.0,7.6,194.4,construction,ca,0,0,0.0,2500,500,7869.14,missing,76.6,4,0.0,,0.0,,0.0,0.5481575493002702
POL-017837,INS-00736,2024-03-21,2024-02-16,2025-02-15,AL,9,6.7,7,0.0,15.9,0.0,service,oh,0,1,6601.11,250,500,10539.43,annual,39.03,1,3.0,,0.0,,0.0,0.576238811970103
POL-017838,INS-00290,2023-12-07,2023-07-13,2024-07-12,AL,9,6.9,3,32.3,7.5,214.0,trucking,fl,0,0,0.0,500,300,15134.36,monthly,91.0,3,1.0,,0.0,,0.0,0.5786970384268901
POL-016338,INS-00428,2023-10-14,2023-08-06,2024-08-05,APD,9,8.1,5,40.8,1.0,297.4,construction,il,1,1,19146.07,5000,100,13726.52,monthly,18.54,1,0.0,,0.0,,0.0,0.4856582904325528
POL-016339,INS-00016,2024-06-09,2024-05-26,2025-05-26,APD,5,1.5,4,0.0,2.5,116.3,construction,fl,0,0,0.0,500,100,16842.41,quarterly,16.05,2,0.0,,0.0,,0.0,0.23392482795448474
POL-017839,INS-00597,2023-07-11,2023-02-22,2024-02-22,AL,8,5.6,8,38.9,2.0,78.4,trucking,oh,0,1,33184.55,250,1000,10703.4,monthly,99.05,0,0.0,,0.0,,0.0,0.5891309840744654
POL-017840,INS-00293,2024-04-14,2023-11-15,2024-11-14,AL,8,4.1,5,36.7,8.6,178.2,trucking,ga,2,0,58154.37,500,300,6598.49,annual,89.77,2,0.0,9999-01-01,-999.0,INVALID,-999.0,0.5339019506968182
POL-016340,INS-00296,2024-05-16,2024-03-23,2025-03-23,APD,7,2.4,2,45.3,20.4,238.7,retail,co,0,1,24506.89,250,500,21033.97,annual,23.52,1,0.0,,0.0,,0.0,0.34547006585231815
POL-017841,INS-00098,2024-04-29,2023-12-16,2024-12-15,AL,7,5.6,6,29.3,3.1,222.6,construction,ny,2,1,87326.74,250,100,9459.0,quarterly,36.36,3,2.0,,0.0,,0.0,0.5447138096934913
POL-016341,INS-00100,2023-05-06,2023-01-31,2024-01-31,APD,5,7.2,7,42.2,13.4,166.5,retail,az,2,0,63384.16,2500,500,6221.13,annual,24.65,3,0.0,,0.0,,0.0,0.3323992174904828
POL-016342,INS-00430,2023-08-10,2023-05-05,2024-05-04,APD,8,4.0,5,47.4,4.2,218.8,service,wa,0,1,13973.38,1000,300,7308.6,annual,9.68,0,0.0,,0.0,,0.0,0.362048018086424
POL-017842,INS-00151,2023-10-02,2023-09-28,2024-09-27,AL,5,5.7,10,33.1,19.1,108.5,retail,oh,1,0,20043.01,5000,100,22381.74,monthly,41.68,1,0.0,,0.0,,0.0,0.2992680198337449
POL-017843,INS-00299,2024-03-26,2023-10-02,2024-10-01,AL,7,9.3,5,46.9,9.5,245.8,service,ny,0,0,0.0,1000,500,8356.93,annual,26.14,0,0.0,,0.0,,0.0,0.27712323824845114
POL-016343,INS-00564,2024-01-07,2023-12-09,2024-12-08,APD,9,7.8,5,28.5,4.8,105.5,construction,oh,0,1,10229.17,5000,300,3217.99,annual,13.99,2,4.0,,0.0,,0.0,0.45976585878953213
POL-016344,INS-00446,2023-12-02,2023-08-01,2024-07-31,APD,7,1.8,9,51.5,1.0,149.8,trucking,nc,1,1,4452.02,1000,300,5013.01,monthly,47.69,0,2.0,,0.0,,0.0,0.49235213875459144
POL-017844,INS-00397,2024-01-08,2023-10-19,2024-10-18,AL,6,12.1,6,37.2,23.7,103.3,trucking,ga,0,0,0.0,1000,1000,14956.65,quarterly,52.62,2,0.0,,0.0,,0.0,0.4655854553768867
POL-017845,INS-00006,2024-05-20,2024-05-16,2025-05-16,AL,6,5.9,8,52.9,15.1,0.0,service,ca,0,0,0.0,2500,100,12565.59,monthly,63.13,0,0.0,,0.0,,0.0,0.3893823510107745
POL-016345,INS-00713,2023-08-14,2023-03-02,2024-03-01,APD,14,4.9,5,44.6,1.0,304.4,trucking,nc,5,0,26963.23,1000,100,4081.3,monthly,13.75,2,0.0,,0.0,,0.0,0.737752813625094
POL-016346,INS-00536,2023-07-14,2023-06-09,2024-06-08,APD,5,0.3,3,31.2,1.0,125.7,trucking,pa,0,0,0.0,2500,500,8174.99,quarterly,2.42,0,1.0,,0.0,,0.0,0.22880933906561143
POL-017846,INS-00443,2024-03-23,2024-02-11,2025-02-10,AL,14,5.3,11,31.9,1.7,1033.4,service,il,2,0,4745.38,1000,500,19780.43,monthly,47.97,3,3.0,9999-01-01,-999.0,INVALID,-999.0,0.7649926083451521
POL-017847,INS-00591,2023-01-11,2022-11-17,2023-11-17,AL,7,10.9,3,37.0,11.0,157.1,service,fl,1,1,0.0,500,500,10491.01,annual,15.32,2,1.0,,0.0,,0.0,0.3564107756037444
POL-016347,INS-00097,2023-09-03,2023-03-27,2024-03-26,APD,12,3.9,10,37.8,23.5,361.7,construction,tx,1,0,39987.35,1000,300,8967.08,quarterly,75.98,2,0.0,,0.0,,0.0,0.6489713782080125
POL-016348,INS-00489,2023-04-16,2023-03-08,2024-03-07,APD,6,1.5,5,46.9,1.3,179.1,service,az,0,0,0.0,5000,300,8283.67,quarterly,80.34,1,0.0,,0.0,,0.0,0.39126776113720557
POL-017848,INS-00522,2023-05-26,2023-04-04,2024-04-03,AL,7,2.1,9,41.1,7.4,0.0,trucking,nc,1,0,13941.07,250,1000,8648.64,monthly,37.51,4,0.0,,0.0,,0.0,0.563878106194164
POL-017849,INS-00158,2023-10-10,2023-05-09,2024-05-08,AL,12,3.9,3,45.4,7.9,137.6,service,co,0,1,19899.5,500,500,9209.32,quarterly,49.42157509157509,2,0.0,,0.0,,0.0,0.5734216991689526
POL-016349,INS-00547,2023-01-28,2022-10-21,2023-10-21,APD,8,3.5,6,34.3,5.8,304.0,service,oh,3,0,109478.19,2500,300,8490.77,annual,29.45,1,0.0,,0.0,,0.0,0.5013739055618581
POL-016350,INS-00411,2023-09-04,2023-03-15,2024-03-14,APD,5,7.6,4,35.6,3.6,223.4,retail,ga,0,0,0.0,250,500,7176.42,quarterly,12.61,2,1.0,,0.0,,0.0,0.2793377922697544
POL-017850,INS-00587,2023-05-27,2023-04-13,2024-04-12,AL,4,3.4,4,37.4,12.3,201.4,service,co,1,0,4138.46,5000,1000,12320.43,monthly,38.79,0,1.0,9999-01-01,-999.0,INVALID,-999.0,0.3132644687559728
POL-017851,INS-00262,2023-01-19,2022-08-28,2023-08-28,AL,6,2.1,3,33.2,1.0,159.3,trucking,ca,0,1,22438.82,500,500,17363.6,quarterly,26.19,2,1.0,9999-01-01,-999.0,INVALID,-999.0,0.471435213779594
POL-016351,INS-00713,2024-03-10,2023-12-01,2024-11-30,APD,5,4.8,6,41.3,1.0,78.7,retail,il,0,0,0.0,1000,100,8259.9,monthly,17.05,0,0.0,,0.0,,0.0,0.25367344589803076
POL-016352,INS-00061,2023-01-13,2022-09-29,2023-09-29,APD,8,6.4,5,47.6,2.0,158.9,trucking,fl,0,0,0.0,250,1000,4676.6,monthly,52.92,0,0.0,,0.0,,0.0,0.45838706906771204
POL-017852,INS-00037,2023-04-28,2023-02-25,2024-02-25,AL,14,4.8,2,43.4,6.1,895.3,trucking,az,2,0,13771.37,2500,500,14121.16,annual,50.22245,2,0.0,,0.0,,0.0,0.7360960635752664
POL-017853,INS-00386,2024-03-23,2024-03-08,2025-03-08,AL,6,5.2,10,38.2,4.7,98.0,retail,pa,0,0,0.0,1000,1000,6104.25,monthly,86.1,1,3.0,,0.0,,0.0,0.4922206924482482
POL-016353,INS-00338,2023-01-08,2022-12-25,2023-12-25,APD,8,0.0,3,39.6,4.9,153.6,other,tx,0,0,0.0,5000,1000,25000.0,quarterly,61.42,1,2.0,,0.0,,0.0,0.427035927736359
POL-016354,INS-00646,2023-02-02,2022-10-13,2023-10-13,APD,8,2.3,6,44.0,1.0,191.3,trucking,pa,1,0,6404.77,1000,500,4667.61,quarterly,50.350069284064666,2,1.0,,0.0,,0.0,0.4892835933670566
POL-017854,INS-00292,2024-01-11,2023-07-19,2024-07-18,AL,5,5.6,5,35.7,4.0,97.6,service,oh,2,0,47603.47,250,300,14144.08,annual,14.34,1,1.0,,0.0,,0.0,0.24216037242178448
POL-017855,INS-00178,2023-03-18,2022-12-03,2023-12-03,AL,10,5.9,5,44.8,1.5,388.2,trucking,ny,0,0,0.0,500,300,7599.15,monthly,50.22245,0,4.0,9999-01-01,-999.0,INVALID,-999.0,0.5425966913141915
POL-016355,INS-00198,2023-08-06,2023-07-21,2024-07-20,APD,10,3.7,8,21.0,2.0,390.6,trucking,co,1,0,20047.79,500,1000,21542.6,monthly,21.03,3,0.0,,0.0,,0.0,0.5365183920537641
POL-016356,INS-00154,2024-06-21,2024-05-27,2025-05-27,APD,11,0.0,8,37.8,2.1,0.0,service,il,1,1,44188.59,250,100,5390.82,missing,15.67,2,0.0,,0.0,,0.0,0.47568063586723064
POL-017856,INS-00443,2023-05-07,2023-05-06,2024-05-05,AL,9,9.5,3,36.8,25.6,304.0,construction,fl,0,0,0.0,250,100,7514.41,monthly,0.79,3,0.0,,0.0,,0.0,0.33230766854080657
POL-017857,INS-00562,2023-05-21,2023-02-12,2024-02-12,AL,7,5.0,5,32.0,7.4,0.0,service,il,0,0,0.0,5000,300,18151.47,annual,37.1,1,0.0,9999-01-01,-999.0,INVALID,-999.0,0.4307454977995038
POL-016357,INS-00082,2023-01-21,2022-08-31,2023-08-31,APD,6,8.6,10,44.8,18.7,328.8,construction,oh,1,1,18794.64,5000,100,10848.07,quarterly,15.12,4,2.0,,0.0,,0.0,0.4037180162148629
POL-016358,INS-00095,2023-12-19,2023-10-04,2024-10-03,APD,6,0.0,2,39.0,2.5,105.1,construction,wa,1,0,13642.47,2500,500,7814.84,quarterly,11.09,3,2.0,9999-01-01,-999.0,INVALID,-999.0,0.31487485615255234
POL-017858,INS-00502,2023-03-03,2022-09-12,2023-09-12,AL,8,4.0,4,46.5,2.6,486.9,construction,ny,2,0,39569.33,250,500,5919.71,annual,60.67,1,1.0,,0.0,,0.0,0.5034434905638422
POL-017859,INS-00213,2023-10-11,2023-08-27,2024-08-26,AL,5,0.5,7,43.5,38.0,97.0,trucking,pa,2,1,16022.72,1000,500,4370.11,quarterly,8.09,2,0.0,,0.0,,0.0,0.3797119490019302
POL-016359,INS-00645,2023-08-14,2023-04-15,2024-04-14,APD,4,2.3,4,43.0,8.6,194.8,trucking,tx,1,0,3698.01,5000,100,14790.42,monthly,36.13,1,1.0,,0.0,,0.0,0.33355460125241176
POL-016360,INS-00098,2023-12-24,2023-09-17,2024-09-16,APD,8,3.2,4,39.7,1.0,79.6,construction,wa,0,0,0.0,2500,500,9760.64,quarterly,61.16,0,0.0,,0.0,,0.0,0.41764567186750207
POL-017860,INS-00215,2023-01-04,2022-07-16,2023-07-16,AL,9,6.0,8,45.4,1.0,0.0,trucking,co,0,1,15602.89,5000,300,18503.77,annual,29.31,2,3.0,,0.0,,0.0,0.6761744898578984
POL-017861,INS-00501,2023-02-23,2022-09-09,2023-09-09,AL,4,3.8,8,60.1,17.5,268.4,retail,tx,0,0,0.0,500,1000,15341.28,quarterly,11.3,1,0.0,,0.0,,0.0,0.28145080913506704
POL-016361,INS-00729,2023-06-03,2023-02-25,2024-02-25,APD,8,0.6,6,30.5,7.2,294.5,service,nc,0,1,8440.65,250,100,9669.08,annual,50.82,1,2.0,,0.0,,0.0,0.5042560955448403
POL-016362,INS-00095,2023-04-24,2023-03-19,2024-03-18,APD,6,10.3,8,0.0,10.4,82.1,trucking,oh,2,0,46997.04,250,300,8408.54,quarterly,33.8,1,1.0,9999-01-01,-999.0,INVALID,-999.0,0.45083898731831856
POL-017862,INS-00678,2023-11-13,2023-10-22,2024-10-21,AL,7,8.0,2,38.4,18.2,262.1,trucking,ny,1,1,7686.81,250,1000,7841.62,missing,46.0,3,0.0,,0.0,,0.0,0.5615541381667603
POL-017863,INS-00598,2023-02-28,2022-11-16,2023-11-16,AL,12,7.3,4,23.6,1.7,536.4,retail,co,1,1,0.0,5000,500,16983.84,monthly,56.64,2,2.0,9999-01-01,-999.0,INVALID,-999.0,0.7069986785116028
POL-016363,INS-00088,2023-01-30,2022-10-25,2023-10-25,APD,10,6.4,1,41.3,22.6,378.0,trucking,tx,1,0,16788.56,1000,1000,4969.85,monthly,46.37,3,0.0,,0.0,,0.0,0.5885986774434554
POL-016364,INS-00734,2023-11-11,2023-06-26,2024-06-25,APD,11,6.0,3,46.6,4.7,310.8,construction,tx,1,0,18591.06,250,1000,5645.09,monthly,24.06,2,0.0,,0.0,,0.0,0.5429492905473198
POL-017864,INS-00264,2023-01-06,2022-08-22,2023-08-22,AL,6,3.5,7,50.0,2.7,219.4,trucking,wa,0,0,0.0,1000,1000,6264.22,annual,71.49,0,0.0,,0.0,,0.0,0.426416126930016
POL-017865,INS-00399,2023-06-18,2023-04-18,2024-04-17,AL,11,3.8,1,36.8,5.1,513.3,retail,pa,1,2,7486.78,500,300,8494.62,monthly,89.04,1,2.0,,0.0,,0.0,0.7245310025999415
POL-016365,INS-00377,2023-05-15,2022-11-22,2023-11-22,APD,5,4.3,5,30.2,4.3,82.3,retail,ga,0,0,0.0,500,300,21475.62,monthly,67.31,1,0.0,,0.0,,0.0,0.3552250523198254
POL-016366,INS-00255,2023-09-14,2023-09-01,2024-08-31,APD,16,3.2,7,34.6,4.0,0.0,service,il,0,1,8555.13,1000,300,9941.25,quarterly,79.22,3,0.0,,0.0,,0.0,0.7133001078266333
POL-017866,INS-00351,2023-05-22,2023-02-01,2024-02-01,AL,11,9.6,7,49.9,4.3,712.4,service,ga,0,0,0.0,250,300,23505.42,monthly,3.05,0,2.0,9999-01-01,-999.0,INVALID,-999.0,0.42807967140216224
POL-017867,INS-00749,2023-01-29,2022-10-25,2023-10-25,AL,9,1.8,6,32.3,4.3,91.2,service,pa,1,1,24538.56,500,500,18619.69,quarterly,18.53,2,1.0,,0.0,,0.0,0.46543269547370236
POL-016367,INS-00427,2024-02-26,2024-02-03,2025-02-02,APD,4,3.4,2,21.6,1.6,118.1,construction,wa,0,0,0.0,250,300,7492.56,quarterly,92.03,2,0.0,,0.0,,0.0,0.3529595970928118
POL-016368,INS-00469,2023-09-10,2023-06-18,2024-06-17,APD,9,2.8,13,0.0,4.7,77.0,retail,ga,1,1,19574.54,500,300,2840.25,annual,1.14,3,4.0,,0.0,,0.0,0.43434394626253275
POL-017868,INS-00693,2024-03-23,2024-03-13,2025-03-13,AL,5,4.8,10,37.5,22.5,167.0,trucking,wa,1,1,19752.25,500,500,8916.23,quarterly,16.9,1,0.0,,0.0,,0.0,0.37287638516006494
POL-017869,INS-00572,2023-06-02,2023-03-24,2024-03-23,AL,6,7.5,7,35.6,1.5,315.6,construction,nc,3,2,89114.84,1000,500,10152.59,annual,64.74,2,2.0,,0.0,,0.0,0.6230772577327925
POL-016369,INS-00030,2024-05-27,2024-02-14,2025-02-13,APD,9,0.6,8,54.3,11.3,123.8,retail,nc,1,2,19313.36,500,500,12113.59,annual,72.78,3,0.0,,0.0,,0.0,0.5086118322506847
POL-016370,INS-00396,2024-02-25,2023-12-22,2024-12-21,APD,9,7.0,8,35.5,2.9,296.9,construction,pa,0,0,0.0,5000,500,8308.38,monthly,9.18,1,1.0,,0.0,,0.0,0.4181912504779572
POL-017870,INS-00023,2024-01-23,2024-01-02,2025-01-01,AL,8,3.1,2,30.9,1.1,146.3,retail,fl,0,0,0.0,1000,500,5715.4,monthly,19.11,0,0.0,,0.0,,0.0,0.2855238056701769
POL-016371,INS-00648,2024-01-10,2023-09-14,2024-09-13,APD,9,5.8,9,45.7,15.4,324.6,trucking,tx,1,1,49433.83,250,300,6475.93,annual,38.76,0,0.0,,0.0,,0.0,0.5298151579617016
POL-017871,INS-00352,2023-09-30,2023-08-31,2024-08-30,AL,8,7.5,3,47.3,4.0,291.8,construction,tx,2,0,1871.79,500,300,9386.7,annual,73.94,1,0.0,,0.0,,0.0,0.43455842052655624
POL-017872,INS-00042,2023-06-11,2023-03-15,2024-03-14,AL,7,5.2,5,44.1,1.0,245.7,retail,az,0,2,6233.42,1000,100,8893.86,annual,29.98,4,3.0,,0.0,,0.0,0.5529904068506586
POL-016372,INS-00463,2023-05-27,2022-12-12,2023-12-12,APD,9,7.5,5,38.8,9.6,203.9,service,il,1,0,27526.45,5000,500,9005.0,quarterly,29.84,3,0.0,9999-01-01,-999.0,INVALID,-999.0,0.44196996797226185
POL-016373,INS-00551,2023-08-31,2023-07-10,2024-07-09,APD,6,5.9,5,42.2,9.2,129.1,retail,wa,0,1,3981.2,250,500,12813.98,annual,29.77,1,0.0,,0.0,,0.0,0.3311820680489733
POL-017873,INS-00508,2024-01-04,2023-10-03,2024-10-02,AL,4,4.4,7,33.9,9.6,75.0,trucking,co,0,0,0.0,250,300,12418.39,annual,50.22245,0,0.0,,0.0,,0.0,0.26780148027119316
POL-017874,INS-00316,2024-02-09,2023-09-18,2024-09-17,AL,5,7.6,4,51.5,22.7,98.6,service,ny,0,1,7478.91,250,1000,14879.28,monthly,57.12,0,0.0,,0.0,,0.0,0.3523754425653494
POL-016374,INS-00728,2024-01-26,2024-01-18,2025-01-17,APD,10,7.5,5,30.2,19.2,211.5,retail,wa,0,1,47349.23,2500,500,6080.66,annual,68.04,1,0.0,,0.0,,0.0,0.5206994722801443
POL-016375,INS-00357,2023-01-05,2022-11-12,2023-11-12,APD,11,5.7,4,46.1,1.0,254.1,trucking,az,3,0,76076.5,1000,300,9395.41,annual,67.97,2,0.0,,0.0,,0.0,0.689933985634648
POL-017875,INS-00265,2024-05-08,2024-04-11,2025-04-11,AL,6,6.6,6,46.9,1.4,118.3,retail,tx,0,0,0.0,500,100,3711.34,annual,68.55,2,2.0,,0.0,,0.0,0.3907039088069724
POL-017876,INS-00285,2023-10-28,2023-06-30,2024-06-29,AL,10,4.2,6,38.4,36.1,269.3,trucking,az,2,1,43965.22,250,300,6263.48,annual,96.29,2,4.0,,0.0,,0.0,0.7342344316160614
POL-016376,INS-00285,2024-05-22,2024-03-10,2025-03-10,APD,4,5.5,5,23.7,9.1,182.1,trucking,wa,0,0,0.0,2500,300,11893.44,annual,77.55,1,2.0,,0.0,,0.0,0.41100868040623556
POL-016377,INS-00359,2023-08-11,2023-03-24,2024-03-23,APD,4,2.7,5,38.2,12.3,130.1,other,tx,0,0,0.0,250,500,8030.08,annual,96.24,2,0.0,,0.0,,0.0,0.3484716303404877
POL-017877,INS-00192,2023-07-22,2023-05-07,2024-05-06,AL,4,2.2,1,34.3,8.9,44.4,trucking,ga,0,0,0.0,250,100,12291.18,annual,12.83,0,0.0,,0.0,,0.0,0.20517310490706409
POL-017878,INS-00700,2024-01-07,2023-09-07,2024-09-06,AL,5,4.1,9,40.0,6.2,152.5,trucking,fl,0,0,0.0,2500,1000,13173.53,quarterly,9.11,0,0.0,,0.0,,0.0,0.3228774519072631
POL-016378,INS-00523,2024-05-29,2024-02-12,2025-02-11,APD,10,5.2,9,42.8,12.9,289.6,trucking,fl,0,0,0.0,2500,300,7798.04,annual,82.92,4,4.0,,0.0,,0.0,0.664992513084914
POL-017879,INS-00703,2023-10-01,2023-06-18,2024-06-17,AL,10,4.2,4,43.3,4.3,339.3,trucking,il,1,1,17815.51,1000,300,12832.87,quarterly,86.6,4,0.0,,0.0,,0.0,0.726816884386849
POL-016379,INS-00311,2023-04-03,2023-02-17,2024-02-17,APD,15,8.4,5,42.8,10.0,333.0,other,fl,3,0,29957.26,2500,100,16024.98,annual,79.4,6,4.0,,0.0,,0.0,0.8381419906724783
POL-017880,INS-00090,2024-03-04,2024-02-13,2025-02-12,AL,7,3.5,4,35.3,5.1,121.8,construction,il,2,0,8970.13,1000,300,9999.37,annual,39.59,1,1.0,9999-01-01,-999.0,INVALID,-999.0,0.34863428786642914
POL-016380,INS-00567,2024-03-03,2023-11-02,2024-11-01,APD,10,0.8,7,34.1,1.0,342.2,service,fl,3,0,28047.06,1000,100,21515.41,annual,64.69,1,1.0,,0.0,,0.0,0.7065328931754389
POL-016381,INS-00170,2023-06-02,2022-12-30,2023-12-30,APD,3,4.6,8,41.3,1.0,45.2,service,tx,0,0,0.0,250,500,2520.34,annual,25.71,0,2.0,,0.0,,0.0,0.23966195700392198
POL-017881,INS-00085,2024-03-07,2024-01-27,2025-01-26,AL,6,6.7,3,45.8,1.1,163.2,construction,nc,2,0,83016.55,500,1000,5621.86,quarterly,80.8,2,0.0,,0.0,,0.0,0.54156318381994
POL-017882,INS-00717,2024-03-17,2023-11-20,2024-11-19,AL,9,9.6,7,34.4,8.5,812.7,construction,tx,1,0,7385.67,250,500,16792.32,monthly,88.3,5,0.0,,0.0,,0.0,0.7072682100175451
POL-016382,INS-00265,2023-03-26,2022-12-25,2023-12-25,APD,7,9.1,5,34.5,8.9,141.6,retail,az,2,0,20108.93,2500,500,2896.74,annual,46.06,3,4.0,,0.0,,0.0,0.5697869658908988
POL-016383,INS-00106,2024-03-18,2024-02-01,2025-01-31,APD,7,4.9,9,29.0,3.8,258.9,other,ny,1,0,5209.82,500,1000,10807.56,monthly,21.13,5,0.0,,0.0,,0.0,0.3772644088942396
POL-017883,INS-00686,2024-04-22,2023-12-07,2024-12-06,AL,8,3.1,5,0.0,23.5,488.9,trucking,ga,0,1,10249.99,500,300,10129.85,annual,2.08,2,0.0,,0.0,,0.0,0.44188001466517446
POL-017884,INS-00056,2024-02-05,2023-10-05,2024-10-04,AL,6,7.5,3,35.9,4.0,352.8,retail,il,0,1,23440.48,250,300,16078.74,monthly,12.38,2,2.0,,0.0,,0.0,0.3882309823114415
POL-016384,INS-00672,2023-05-29,2023-01-19,2024-01-19,APD,5,7.4,7,50.4,14.9,196.0,retail,tx,0,0,0.0,250,300,14356.27,monthly,32.42,3,1.0,,0.0,,0.0,0.32075435662914104
POL-016385,INS-00011,2023-07-27,2023-05-12,2024-05-11,APD,8,0.9,5,43.6,19.4,270.8,retail,co,0,0,0.0,2500,100,11877.85,annual,53.15,2,1.0,,0.0,,0.0,0.4358610801947475
POL-017885,INS-00263,2023-12-03,2023-12-02,2024-12-01,AL,2,4.1,9,42.4,6.1,0.0,construction,tx,0,0,0.0,250,300,6207.71,annual,50.68,0,0.0,,0.0,,0.0,0.26606304954199167
POL-017886,INS-00384,2023-02-10,2023-01-28,2024-01-28,AL,12,6.3,10,47.2,16.4,403.4,service,co,1,0,5977.75,250,100,4368.89,quarterly,13.83,0,0.0,,0.0,,0.0,0.39121549092895563
POL-016386,INS-00461,2023-01-23,2022-11-13,2023-11-13,APD,9,5.2,5,21.0,3.0,263.5,construction,ga,3,0,10332.37,1000,300,16648.45,monthly,40.55,0,2.0,,0.0,,0.0,0.6684904420568895
POL-016387,INS-00578,2024-01-30,2023-11-13,2024-11-12,APD,6,10.3,11,47.3,4.0,118.6,retail,tx,0,2,17577.93,1000,300,13945.88,annual,43.76,1,2.0,,0.0,,0.0,0.42588849748915
POL-017887,INS-00110,2024-01-15,2023-09-02,2024-09-01,AL,7,9.8,9,54.5,1.0,242.7,service,ca,0,0,0.0,5000,500,7278.4,monthly,12.36,1,2.0,,0.0,,0.0,0.3472521423818501
POL-017888,INS-00582,2023-05-30,2023-04-12,2024-04-11,AL,14,6.1,5,42.6,17.9,311.8,retail,wa,3,0,0.0,250,300,5723.79,monthly,54.94,3,2.0,,0.0,,0.0,0.5986075879700139
POL-016388,INS-00482,2023-10-07,2023-07-26,2024-07-25,APD,6,3.5,9,34.2,10.0,127.4,service,tx,0,0,0.0,250,300,4261.04,monthly,66.48,0,0.0,,0.0,,0.0,0.3906552880166288
POL-016389,INS-00431,2023-02-02,2022-11-11,2023-11-11,APD,8,2.9,5,34.5,9.9,325.8,trucking,pa,0,0,0.0,500,100,2974.61,missing,41.12,1,0.0,,0.0,,0.0,0.4126702818811342
POL-017889,INS-00507,2023-12-18,2023-08-13,2024-08-12,AL,13,2.5,11,41.7,6.0,289.1,trucking,az,1,1,13544.01,500,500,18061.21,annual,54.72,2,2.0,,0.0,,0.0,0.6747932302374567
POL-017890,INS-00075,2023-07-02,2023-06-30,2024-06-29,AL,8,4.0,7,32.3,3.3,165.0,construction,il,0,0,0.0,2500,300,20717.87,annual,82.13,2,2.0,,0.0,,0.0,0.5243210426921935
POL-016390,INS-00144,2023-04-09,2023-01-20,2024-01-20,APD,11,0.0,4,45.0,4.4,326.5,retail,ca,2,1,46261.07,250,100,9531.61,quarterly,84.84,0,0.0,,0.0,,0.0,0.6658223558581903
POL-016391,INS-00662,2023-10-24,2023-08-29,2024-08-28,APD,5,2.0,9,45.8,7.8,0.0,retail,pa,0,0,0.0,250,500,7311.55,annual,15.73,3,0.0,9999-01-01,-999.0,INVALID,-999.0,0.2927834020646832
POL-017891,INS-00431,2023-01-15,2022-09-29,2023-09-29,AL,8,10.7,6,38.1,2.7,0.0,retail,fl,3,1,37782.47,1000,300,7348.96,monthly,66.79,0,1.0,,0.0,,0.0,0.5628333879707078
POL-017892,INS-00347,2023-12-24,2023-07-18,2024-07-17,AL,5,9.3,6,34.0,14.6,95.9,trucking,nc,0,1,0.0,5000,300,14109.04,annual,91.33,2,3.0,,0.0,,0.0,0.602320364420437
POL-016392,INS-00345,2023-03-23,2023-03-12,2024-03-11,APD,8,6.1,7,40.8,3.4,361.5,retail,az,0,1,0.0,5000,100,6160.66,monthly,18.22,1,0.0,,0.0,,0.0,0.39000820484727916
POL-016393,INS-00692,2023-01-05,2022-09-27,2023-09-27,APD,5,6.0,6,0.0,4.6,0.0,retail,ca,0,0,0.0,5000,100,12657.72,quarterly,68.21,0,0.0,,0.0,,0.0,0.4196019172738298
POL-017893,INS-00601,2023-01-03,2022-10-18,2023-10-18,AL,3,6.9,10,44.0,9.1,39.8,trucking,ca,1,0,42391.92,2500,500,7251.74,monthly,39.97,0,0.0,,0.0,,0.0,0.2736219089535916
POL-017894,INS-00159,2023-07-07,2023-02-01,2024-02-01,AL,12,1.7,10,43.1,1.6,285.1,service,ny,2,0,0.0,1000,1000,10102.82,annual,11.92,1,1.0,,0.0,,0.0,0.43486739070004843
POL-016394,INS-00325,2023-10-13,2023-07-19,2024-07-18,APD,5,7.3,13,38.5,30.4,152.5,service,az,1,1,27138.18,5000,100,9704.59,annual,6.92,1,3.0,,0.0,,0.0,0.3405044158848897
POL-016395,INS-00683,2023-05-27,2023-05-24,2024-05-23,APD,6,8.7,8,48.3,14.2,74.1,other,nc,0,0,0.0,250,300,11521.75,annual,14.94,1,0.0,9999-01-01,-999.0,INVALID,-999.0,0.28354887499404036
POL-017895,INS-00515,2023-04-05,2023-01-11,2024-01-11,AL,10,3.7,5,55.4,13.7,622.3,service,pa,2,0,7586.78,2500,300,4474.17,quarterly,53.11,2,1.0,,0.0,,0.0,0.6016579188476047
POL-017896,INS-00291,2023-04-23,2023-01-07,2024-01-07,AL,10,8.5,3,30.2,2.7,203.1,service,tx,1,1,184798.87,500,1000,8570.93,quarterly,49.88,2,3.0,,0.0,,0.0,0.7150104064661063
POL-016396,INS-00367,2023-01-16,2023-01-07,2024-01-07,APD,8,5.6,7,29.8,7.2,172.3,retail,az,0,1,9704.32,500,300,15594.69,annual,23.87,1,0.0,,0.0,,0.0,0.3828490306111182
POL-016397,INS-00266,2024-06-22,2024-05-12,2025-05-12,APD,7,5.9,3,34.5,1.0,139.4,service,nc,0,0,0.0,250,100,5524.38,quarterly,7.44,1,1.0,,0.0,,0.0,0.3165111813821819
POL-017897,INS-00216,2023-04-11,2023-03-13,2024-03-12,AL,8,6.2,4,42.4,1.0,95.9,service,tx,0,1,8740.27,1000,1000,5483.88,annual,11.36,2,2.0,,0.0,,0.0,0.43715139110824186
POL-017898,INS-00502,2023-12-05,2023-06-14,2024-06-13,AL,9,0.9,4,43.6,2.3,221.9,retail,il,0,0,0.0,500,500,14182.53,annual,83.06,3,1.0,,0.0,,0.0,0.5401893762762049
POL-016398,INS-00726,2023-01-28,2022-10-14,2023-10-14,APD,7,7.1,8,47.1,26.4,233.4,retail,oh,0,1,3519.98,500,100,8847.49,monthly,73.98,2,0.0,,0.0,,0.0,0.47732254040590355
POL-016399,INS-00118,2024-06-19,2024-05-24,2025-05-24,APD,6,8.9,5,39.1,2.1,0.0,retail,co,2,0,51500.81,2500,100,10165.38,quarterly,54.89,2,2.0,,0.0,,0.0,0.5729793159580416
POL-017899,INS-00365,2023-06-08,2023-01-30,2024-01-30,AL,4,4.6,5,52.9,28.3,67.2,trucking,fl,0,1,102120.72,2500,100,13295.58,monthly,40.92,0,0.0,,0.0,,0.0,0.3553938053534694
POL-017900,INS-00675,2023-01-08,2022-09-03,2023-09-03,AL,11,4.3,4,34.2,1.0,718.7,rideshare,az,1,0,29984.14,500,500,9448.32,monthly,18.94,4,0.0,,0.0,,0.0,0.5683870234026168
POL-016400,INS-00196,2023-09-04,2023-04-23,2024-04-22,APD,7,4.8,2,31.9,16.3,212.6,trucking,tx,1,0,8024.3,5000,300,10806.94,annual,65.93,1,0.0,,0.0,,0.0,0.5008550478256093
POL-016401,INS-00354,2023-04-24,2023-04-14,2024-04-13,APD,7,5.2,4,34.2,18.2,288.7,retail,wa,0,0,0.0,250,300,17828.83,annual,2.11,0,0.0,,0.0,,0.0,0.32528349064422957
POL-017901,INS-00190,2023-01-09,2023-01-02,2024-01-02,AL,6,10.4,5,27.9,7.8,96.7,construction,co,1,0,19823.9,250,500,13584.1,quarterly,99.92,1,0.0,,0.0,,0.0,0.480580072196014
POL-017902,INS-00081,2023-04-24,2023-01-18,2024-01-18,AL,11,8.9,1,54.3,6.4,842.6,service,il,3,0,36813.7,2500,500,11590.13,annual,90.87,0,0.0,,0.0,,0.0,0.666412579681823
POL-016402,INS-00408,2023-12-21,2023-11-06,2024-11-05,APD,7,11.8,5,45.3,9.6,177.4,construction,fl,1,2,0.0,250,500,12204.57,annual,60.11,2,0.0,,0.0,,0.0,0.512849757688894
POL-016403,INS-00602,2024-05-09,2024-02-21,2025-02-20,APD,8,2.8,10,45.1,10.1,180.8,trucking,wa,0,0,0.0,1000,300,4367.76,monthly,42.14,2,0.0,,0.0,,0.0,0.3972552000660703
POL-017903,INS-00294,2024-01-26,2023-11-14,2024-11-13,AL,12,7.1,5,0.0,1.7,504.4,retail,pa,0,0,0.0,2500,500,8942.48,annual,17.15,1,2.0,,0.0,,0.0,0.5146441504862725
POL-017904,INS-00320,2024-05-27,2024-04-21,2025-04-21,AL,5,3.3,7,21.4,10.8,207.4,trucking,fl,0,0,0.0,500,100,7383.39,quarterly,50.22245,3,0.0,,0.0,,0.0,0.4001750649061859
POL-016404,INS-00285,2023-03-05,2022-12-01,2023-12-01,APD,7,7.5,4,35.0,33.5,182.0,retail,ca,1,0,13968.48,1000,500,4426.81,annual,38.11,0,0.0,,0.0,,0.0,0.42648835539080115
POL-016405,INS-00177,2024-06-05,2024-05-28,2025-05-28,APD,10,0.2,8,34.7,1.3,303.4,retail,tx,0,0,0.0,1000,500,6720.28,annual,53.68,1,0.0,,0.0,,0.0,0.4857820148100705
POL-017905,INS-00119,2023-10-18,2023-07-26,2024-07-25,AL,8,5.7,5,35.5,3.6,235.0,construction,il,0,0,0.0,250,500,6852.94,annual,23.94,2,1.0,9999-01-01,-999.0,INVALID,-999.0,0.3751965625051029
POL-017906,INS-00602,2023-02-14,2022-11-24,2023-11-24,AL,11,3.3,8,53.8,15.0,420.2,service,il,3,0,15919.83,500,300,10687.53,monthly,63.61,0,1.0,,0.0,,0.0,0.47925797359409306
POL-016406,INS-00010,2023-05-04,2023-01-08,2024-01-08,APD,6,3.4,3,33.3,4.2,127.8,service,tx,1,1,20236.15,250,500,14856.37,annual,95.71,2,2.0,,0.0,,0.0,0.5633174409261883
POL-016407,INS-00644,2023-06-30,2023-06-30,2024-06-29,APD,6,5.1,3,33.3,5.9,109.2,construction,wa,0,0,0.0,1000,100,7462.75,monthly,90.57,0,0.0,,0.0,,0.0,0.45756361750939023
POL-017907,INS-00077,2024-06-28,2024-06-20,2025-06-20,AL,4,4.8,5,39.9,26.1,107.6,trucking,oh,1,1,69472.22,500,1000,14847.57,annual,54.73,0,0.0,,0.0,,0.0,0.4106099689359801
POL-017908,INS-00666,2023-08-22,2023-03-24,2024-03-23,AL,10,4.1,3,30.5,2.2,194.1,retail,nc,0,1,4592.11,5000,1000,21285.73,quarterly,23.37,1,0.0,,0.0,,0.0,0.5528238816848793
POL-016408,INS-00110,2024-05-30,2024-05-15,2025-05-15,APD,5,3.9,9,46.4,10.1,130.8,trucking,pa,0,0,0.0,1000,500,8620.15,monthly,90.02,0,3.0,,0.0,,0.0,0.4928448556830798
POL-016409,INS-00644,2023-09-13,2023-03-23,2024-03-22,APD,10,4.6,11,43.9,6.0,366.8,trucking,pa,0,0,0.0,2500,300,9155.83,annual,57.95,2,1.0,,0.0,,0.0,0.5760506475064753
POL-017909,INS-00398,2023-12-28,2023-09-23,2024-09-22,AL,11,1.3,8,28.1,2.3,612.3,trucking,az,1,1,45955.9,2500,300,8663.81,annual,26.17,2,0.0,,0.0,,0.0,0.6290324059132468
POL-017910,INS-00272,2023-07-06,2023-03-14,2024-03-13,AL,9,6.1,10,34.9,5.6,229.5,retail,co,0,0,0.0,1000,300,14310.55,missing,68.83,1,1.0,9999-01-01,-999.0,INVALID,-999.0,0.4737496858752528
POL-016410,INS-00057,2024-03-14,2023-11-30,2024-11-29,APD,9,2.0,8,43.6,9.1,92.2,trucking,ca,1,0,9510.24,5000,300,6665.67,annual,79.1,2,1.0,,0.0,,0.0,0.5618389972827527
POL-016411,INS-00588,2023-09-19,2023-05-20,2024-05-19,APD,4,5.5,3,32.2,1.0,105.3,retail,nc,0,1,31284.19,2500,300,15991.24,monthly,17.62,0,0.0,,0.0,,0.0,0.2323216464897669
POL-017911,INS-00621,2023-03-29,2023-02-19,2024-02-19,AL,9,6.4,7,43.0,1.7,147.3,construction,il,2,1,65493.08,500,100,22267.22,annual,25.34,1,2.0,,0.0,,0.0,0.453252954600241
POL-017912,INS-00562,2023-03-02,2023-01-05,2024-01-05,AL,9,3.4,6,45.6,18.1,243.8,construction,tx,3,0,35277.19,500,500,12911.7,missing,65.7,4,1.0,,0.0,,0.0,0.5858193162586581
POL-016412,INS-00296,2024-04-05,2023-10-10,2024-10-09,APD,5,3.9,1,41.0,3.6,140.6,retail,tx,0,0,0.0,1000,100,8282.68,monthly,13.9,1,0.0,,0.0,,0.0,0.2468080443393975
POL-016413,INS-00069,2024-02-20,2023-12-23,2024-12-22,APD,8,8.2,7,51.1,13.2,73.5,other,nc,1,0,0.0,2500,300,4335.33,monthly,96.44,1,0.0,,0.0,,0.0,0.5535616669221161
POL-017913,INS-00100,2023-10-11,2023-06-27,2024-06-26,AL,8,4.6,5,33.2,3.9,322.0,trucking,co,1,0,22021.26,500,1000,12427.97,missing,85.82,2,0.0,,0.0,,0.0,0.6078341634156142
POL-017914,INS-00053,2023-12-31,2023-08-03,2024-08-02,AL,6,6.6,4,36.1,4.6,204.0,retail,pa,1,0,7661.9,1000,300,8337.05,annual,70.82,1,1.0,,0.0,,0.0,0.38313372911306265
POL-016414,INS-00530,2023-05-13,2022-12-01,2023-12-01,APD,7,1.9,2,39.1,5.5,120.5,service,az,0,0,0.0,1000,500,2789.26,quarterly,60.93,2,0.0,,0.0,,0.0,0.371096799875007
POL-016415,INS-00593,2023-07-05,2023-05-01,2024-04-30,APD,7,2.7,5,45.2,3.3,165.5,service,nc,1,0,10782.28,500,100,4784.44,annual,3.32,1,0.0,,0.0,,0.0,0.3389115840683904
POL-017915,INS-00338,2024-04-10,2023-11-09,2024-11-08,AL,9,2.7,6,46.1,1.0,132.3,trucking,ga,1,0,18103.18,2500,500,7609.01,annual,13.43,3,2.0,,0.0,,0.0,0.4747533397811527
POL-017916,INS-00297,2024-01-06,2023-08-02,2024-08-01,AL,5,3.7,7,37.9,5.5,255.1,construction,oh,0,1,7990.18,1000,100,16566.11,monthly,75.39,1,1.0,,0.0,,0.0,0.42734638215114445
POL-016416,INS-00388,2024-06-08,2024-02-01,2025-01-31,APD,2,0.0,7,0.0,1.7,29.3,trucking,ga,0,0,0.0,2500,500,6087.75,annual,68.39,0,1.0,9999-01-01,-999.0,INVALID,-999.0,0.23615710580517527
POL-016417,INS-00367,2023-05-04,2023-04-04,2024-04-03,APD,7,3.4,13,21.0,5.0,119.8,service,wa,0,1,6899.89,250,300,8620.97,annual,94.82,4,0.0,,0.0,,0.0,0.4863859735834414
POL-017917,INS-00212,2023-12-15,2023-10-06,2024-10-05,AL,11,3.7,4,21.8,6.5,180.3,construction,oh,2,1,38884.08,5000,300,9649.15,annual,42.46,3,3.0,,0.0,,0.0,0.6610455892014857
POL-017918,INS-00271,2023-12-23,2023-10-17,2024-10-16,AL,10,4.1,7,46.9,3.8,265.9,trucking,pa,0,1,8609.7,250,500,10048.52,monthly,37.27,2,0.0,,0.0,,0.0,0.5219176287665434
POL-016418,INS-00418,2023-10-20,2023-05-01,2024-04-30,APD,9,3.8,4,39.6,6.6,124.6,construction,az,0,0,0.0,2500,100,6045.81,monthly,43.7,1,0.0,,0.0,,0.0,0.4179374853294326
POL-016419,INS-00637,2023-04-19,2022-12-08,2023-12-08,APD,3,4.2,8,41.8,1.6,93.4,trucking,pa,0,0,0.0,2500,100,15013.24,quarterly,50.350069284064666,1,3.0,,0.0,,0.0,0.29423716390247334
POL-017919,INS-00370,2023-06-30,2023-02-07,2024-02-07,AL,8,6.9,8,0.0,5.6,349.3,trucking,nc,0,0,0.0,1000,500,10017.51,monthly,50.84,3,2.0,,0.0,,0.0,0.5356967802901296
POL-017920,INS-00687,2023-03-25,2023-02-02,2024-02-02,AL,9,3.1,4,32.6,4.2,504.3,service,nc,1,0,10264.58,500,500,12915.54,annual,33.06,2,2.0,,0.0,,0.0,0.4786581646990716
POL-016420,INS-00299,2023-11-14,2023-05-28,2024-05-27,APD,2,1.7,9,38.7,1.1,42.9,other,nc,0,0,0.0,1000,100,4889.78,annual,22.64,1,2.0,,0.0,,0.0,0.1644030780122201
POL-017921,INS-00358,2023-08-12,2023-02-18,2024-02-18,AL,13,6.3,6,21.0,10.0,293.8,trucking,ga,4,2,40034.22,2500,1000,9483.34,annual,19.39,5,2.0,,0.0,,0.0,0.7793074864719809
POL-016421,INS-00105,2024-02-29,2023-12-08,2024-12-07,APD,9,2.4,12,53.4,7.7,119.4,other,ga,2,0,0.0,2500,300,8172.77,annual,11.85,0,0.0,,0.0,,0.0,0.4071274403385202
POL-016422,INS-00348,2023-10-16,2023-08-25,2024-08-24,APD,12,5.9,9,41.3,19.1,342.0,trucking,tx,0,0,0.0,5000,500,9660.82,monthly,97.39,1,1.0,,0.0,,0.0,0.6966819889688514
POL-017922,INS-00267,2023-01-14,2022-09-26,2023-09-26,AL,4,4.7,2,38.0,10.1,147.0,service,tx,1,1,19178.28,500,500,9019.81,monthly,28.55,1,0.0,,0.0,,0.0,0.2738612720318868
POL-016423,INS-00733,2023-08-04,2023-08-04,2024-08-03,APD,4,4.0,8,38.0,1.9,135.8,trucking,pa,1,1,25366.58,250,500,19213.4,monthly,46.04,0,0.0,,0.0,,0.0,0.3484478717637578
POL-017923,INS-00721,2023-05-16,2022-12-01,2023-12-01,AL,15,5.0,8,44.0,8.1,339.5,construction,tx,1,0,7204.53,2500,500,13589.28,annual,26.51,4,1.0,9999-01-01,-999.0,INVALID,-999.0,0.6218948849919692
POL-017924,INS-00708,2023-08-25,2023-03-30,2024-03-29,AL,8,4.1,6,52.8,1.0,292.2,service,pa,0,0,0.0,2500,300,16025.91,annual,55.57,2,3.0,,0.0,,0.0,0.48274434059017124
POL-016424,INS-00249,2024-04-18,2024-02-06,2025-02-05,APD,11,6.4,5,58.6,7.1,166.1,service,fl,0,0,0.0,2500,300,6098.29,quarterly,72.69,1,0.0,9999-01-01,-999.0,INVALID,-999.0,0.5427027727875575
POL-017925,INS-00358,2023-07-26,2023-03-02,2024-03-01,AL,7,10.9,8,38.3,1.5,93.0,trucking,ny,1,0,10004.48,250,1000,12139.41,annual,29.15,1,0.0,,0.0,,0.0,0.3686795106619688
POL-016425,INS-00205,2023-08-21,2023-08-01,2024-07-31,APD,9,6.5,6,41.2,3.7,300.0,service,pa,1,1,18957.4,2500,100,6162.95,quarterly,47.57,2,0.0,,0.0,,0.0,0.5244596172499473
POL-016426,INS-00453,2023-01-23,2023-01-09,2024-01-09,APD,4,6.3,5,40.3,2.3,58.3,service,co,0,1,19789.2,500,500,3684.49,annual,83.86,2,2.0,,0.0,,0.0,0.4110395402595524
POL-017926,INS-00673,2023-12-02,2023-08-21,2024-08-20,AL,6,6.3,6,31.9,1.1,417.7,service,nc,0,2,29862.78,5000,300,6406.7,annual,52.2,1,0.0,,0.0,,0.0,0.5221064620634234
POL-017927,INS-00719,2023-08-19,2023-04-11,2024-04-10,AL,14,1.0,9,34.6,2.1,320.4,retail,ca,1,0,8264.29,2500,300,40000.0,quarterly,90.21,2,0.0,,0.0,,0.0,0.6799828866652085
POL-016427,INS-00133,2023-03-30,2022-11-21,2023-11-21,APD,11,6.5,7,32.6,11.5,354.9,trucking,nc,2,0,11292.15,5000,300,5950.64,quarterly,78.46,4,1.0,,0.0,,0.0,0.708152205323666
POL-016428,INS-00385,2023-10-21,2023-06-30,2024-06-29,APD,11,1.6,4,31.9,8.6,1015.6,service,fl,1,0,36339.29,2500,500,5340.61,monthly,85.25,3,2.0,9999-01-01,-999.0,INVALID,-999.0,0.8485729529713202
POL-017928,INS-00076,2023-03-17,2023-02-15,2024-02-15,AL,6,4.1,3,39.9,2.6,155.2,service,ga,1,0,32483.68,250,1000,12918.57,annual,14.83,1,2.0,,0.0,,0.0,0.32400385143407623
POL-017929,INS-00560,2023-04-17,2023-02-10,2024-02-10,AL,7,8.4,7,30.9,3.4,107.2,retail,fl,1,1,7474.44,250,100,13618.12,annual,28.6,2,0.0,9999-01-01,-999.0,INVALID,-999.0,0.346577212712659
POL-016429,INS-00743,2023-01-27,2023-01-20,2024-01-20,APD,9,2.2,7,37.8,1.0,150.2,service,ga,0,1,6206.22,500,500,8813.61,monthly,59.59,0,1.0,,0.0,,0.0,0.507493732447252
POL-016430,INS-00704,2023-08-21,2023-03-21,2024-03-20,APD,2,1.2,8,33.6,6.4,64.0,service,co,1,0,7854.9,1000,100,13985.11,quarterly,11.91,1,1.0,9999-01-01,-999.0,INVALID,-999.0,0.17544849104354238
POL-017930,INS-00504,2024-05-21,2024-03-29,2025-03-29,AL,9,7.0,4,34.4,2.1,157.6,trucking,ca,0,0,0.0,500,500,28103.05,annual,6.77,3,0.0,,0.0,,0.0,0.383527887791651
POL-017931,INS-00351,2023-10-25,2023-07-01,2024-06-30,AL,6,2.6,5,37.3,1.7,111.9,construction,co,2,0,29727.13,500,300,13414.39,monthly,51.4,3,3.0,,0.0,,0.0,0.44113549320485873
POL-016431,INS-00545,2024-01-11,2024-01-03,2025-01-02,APD,4,4.0,2,31.1,4.2,87.0,retail,wa,1,1,0.0,5000,500,25000.0,quarterly,32.29,1,0.0,,0.0,,0.0,0.26029359546571623
POL-016432,INS-00456,2023-08-12,2023-06-29,2024-06-28,APD,7,3.1,5,42.9,9.7,174.8,service,nc,0,1,17013.51,1000,500,3868.49,annual,78.37,0,1.0,,0.0,,0.0,0.490602948822244
POL-017932,INS-00328,2023-04-04,2022-12-12,2023-12-12,AL,10,4.9,11,35.6,2.6,223.3,construction,ca,2,0,3713.96,500,500,12172.15,annual,39.99,3,0.0,,0.0,,0.0,0.4557159898538961
POL-017933,INS-00042,2023-09-29,2023-08-11,2024-08-10,AL,10,3.0,5,39.5,5.0,254.9,trucking,az,0,0,0.0,2500,500,7366.99,quarterly,99.8,2,2.0,,0.0,,0.0,0.703166182691414
POL-016433,INS-00436,2024-05-02,2024-03-08,2025-03-08,APD,10,4.7,11,40.2,8.6,238.0,construction,ny,2,0,21734.67,250,500,3214.0,annual,84.56,1,1.0,,0.0,,0.0,0.6901537701669352
POL-016434,INS-00270,2023-02-03,2023-02-02,2024-02-02,APD,7,7.7,6,42.2,3.3,300.3,retail,co,0,0,0.0,250,300,5575.29,monthly,2.77,0,1.0,9999-01-01,-999.0,INVALID,-999.0,0.3628708742925376
POL-017934,INS-00218,2024-04-20,2024-03-25,2025-03-25,AL,9,5.4,7,33.3,4.9,234.2,trucking,ga,0,0,0.0,250,500,8712.33,annual,99.17,0,0.0,,0.0,,0.0,0.5169321830000329
POL-016435,INS-00134,2023-10-31,2023-09-30,2024-09-29,APD,9,6.4,8,44.0,6.1,163.8,trucking,co,0,1,4152.74,1000,300,7619.95,monthly,99.35,3,0.0,,0.0,,0.0,0.5930928939170738
POL-017935,INS-00349,2023-06-02,2023-05-03,2024-05-02,AL,9,4.0,9,42.9,31.4,298.9,construction,az,0,0,0.0,5000,500,12102.24,quarterly,57.13,2,2.0,9999-01-01,-999.0,INVALID,-999.0,0.6030302914170509
POL-017936,INS-00199,2024-03-07,2023-11-21,2024-11-20,AL,7,3.8,2,39.7,1.0,138.4,service,il,1,0,0.0,2500,500,27055.42,quarterly,35.14,0,0.0,,0.0,,0.0,0.33829421121644315
POL-016436,INS-00003,2023-06-30,2023-06-30,2024-06-29,APD,7,2.0,7,36.5,10.7,58.9,service,ga,1,0,25724.0,250,100,11174.94,annual,9.5,0,1.0,9999-01-01,-999.0,INVALID,-999.0,0.3585175086242485
POL-016437,INS-00010,2023-02-16,2022-09-05,2023-09-05,APD,7,6.7,9,32.2,32.3,0.0,service,oh,0,0,0.0,1000,1000,6078.59,annual,68.49,1,0.0,,0.0,,0.0,0.5128999612247909
POL-017937,INS-00519,2023-04-26,2022-11-22,2023-11-22,AL,16,4.6,1,47.2,3.7,1117.7,trucking,az,1,2,19540.61,500,500,11647.67,monthly,7.39,2,3.0,,0.0,,0.0,0.8480941782155834
POL-017938,INS-00598,2023-04-14,2023-03-11,2024-03-10,AL,10,6.8,4,37.0,1.0,94.0,retail,nc,1,0,15793.49,1000,500,9726.26,quarterly,31.02,3,3.0,,0.0,,0.0,0.5420228481626372
POL-016438,INS-00484,2023-10-29,2023-06-16,2024-06-15,APD,9,4.7,8,41.8,4.1,0.0,rideshare,tx,0,0,0.0,5000,300,9418.93,monthly,56.9,3,4.0,9999-01-01,-999.0,INVALID,-999.0,0.6137271805452916
POL-016439,INS-00294,2023-09-28,2023-05-30,2024-05-29,APD,6,2.1,2,42.5,1.5,107.9,trucking,ca,0,1,38173.28,250,1000,13422.34,monthly,50.350069284064666,0,2.0,,0.0,,0.0,0.4110195097457042
POL-017939,INS-00207,2024-01-04,2023-08-13,2024-08-12,AL,5,7.8,9,38.5,4.3,216.1,retail,il,0,1,3074.78,500,500,16992.46,annual,99.84,0,0.0,,0.0,,0.0,0.4352113469500855
POL-017940,INS-00383,2023-02-02,2022-09-12,2023-09-12,AL,9,1.5,9,31.4,4.4,209.8,service,il,1,1,27277.14,1000,1000,15562.44,quarterly,49.42157509157509,2,0.0,,0.0,,0.0,0.5625035939466537
POL-016440,INS-00219,2024-05-08,2024-02-18,2025-02-17,APD,6,5.6,9,39.4,3.0,158.7,trucking,tx,0,0,0.0,500,1000,11499.72,monthly,97.05,1,0.0,,0.0,,0.0,0.49376040274617555
POL-016441,INS-00402,2023-05-28,2023-05-04,2024-05-03,APD,9,4.0,4,43.0,2.2,340.8,other,tx,0,1,93890.45,1000,300,9069.01,quarterly,83.35,2,0.0,,0.0,,0.0,0.5048589417904238
POL-017941,INS-00226,2023-12-23,2023-09-29,2024-09-28,AL,3,6.3,6,32.5,6.8,73.1,service,wa,0,1,11252.95,1000,500,21875.39,quarterly,13.6,0,1.0,,0.0,,0.0,0.2578332132386044
POL-017942,INS-00383,2024-03-28,2024-01-20,2025-01-19,AL,10,0.0,8,40.0,1.0,124.7,service,il,1,3,37883.32,250,300,8972.47,quarterly,57.73,0,2.0,,0.0,,0.0,0.6546534494130959
POL-016442,INS-00025,2023-05-22,2023-01-26,2024-01-26,APD,4,2.7,4,41.8,14.2,55.0,trucking,il,1,1,13265.8,250,500,2305.1,monthly,23.83,0,4.0,,0.0,,0.0,0.359501885846812
POL-016443,INS-00203,2024-01-30,2023-08-11,2024-08-10,APD,10,5.5,4,40.3,1.0,112.0,retail,fl,1,1,7935.67,250,100,5314.1,monthly,66.8,2,0.0,,0.0,,0.0,0.5598069745807942
POL-017943,INS-00135,2023-01-08,2022-07-16,2023-07-16,AL,6,4.8,7,24.4,28.1,182.5,retail,ca,1,0,4926.44,2500,500,19074.66,annual,87.41,0,0.0,,0.0,,0.0,0.39709029490062603
POL-017944,INS-00039,2024-03-17,2024-02-25,2025-02-24,AL,6,5.2,5,48.6,1.0,0.0,construction,co,1,0,13903.56,5000,500,8244.25,monthly,67.87,2,1.0,,0.0,,0.0,0.5668125215854868
POL-016444,INS-00160,2023-05-21,2022-11-27,2023-11-27,APD,8,6.3,8,21.9,2.2,242.2,trucking,ca,0,0,0.0,5000,100,3579.53,annual,0.04,0,0.0,9999-01-01,-999.0,INVALID,-999.0,0.3388881231546149
POL-016445,INS-00631,2024-04-17,2023-10-28,2024-10-27,APD,10,5.3,4,34.3,7.1,234.7,retail,co,1,1,15211.4,500,500,13963.19,quarterly,33.41,2,2.0,,0.0,,0.0,0.5395345503634053
POL-017945,INS-00190,2024-03-09,2024-02-29,2025-02-28,AL,12,3.3,7,45.6,6.4,469.1,retail,co,0,1,13613.72,500,300,9053.75,monthly,64.28,3,0.0,,0.0,,0.0,0.6361584369177914
POL-017946,INS-00447,2023-11-27,2023-06-17,2024-06-16,AL,6,6.3,8,39.9,22.6,99.8,retail,il,1,0,17945.63,5000,500,11867.8,monthly,98.31,0,0.0,,0.0,,0.0,0.4435433628829836
POL-016446,INS-00398,2024-06-13,2024-02-23,2025-02-22,APD,9,4.4,5,35.5,5.8,267.7,trucking,wa,0,1,14604.47,500,500,3090.84,monthly,87.31,1,0.0,,0.0,,0.0,0.5850419788591938
POL-016447,INS-00602,2023-04-02,2022-10-10,2023-10-10,APD,7,5.2,6,34.6,7.0,71.9,trucking,ny,0,0,0.0,250,300,3234.47,missing,59.24,3,0.0,9999-01-01,-999.0,INVALID,-999.0,0.37352307995321554
POL-017947,INS-00246,2023-06-23,2023-03-23,2024-03-22,AL,15,6.4,2,44.5,3.1,203.7,trucking,tx,0,0,0.0,5000,1000,17535.32,annual,88.9,1,0.0,,0.0,,0.0,0.7161097614814006
POL-017948,INS-00561,2023-06-06,2023-03-18,2024-03-17,AL,5,2.1,6,31.3,9.5,99.1,retail,oh,0,0,0.0,5000,500,4763.84,annual,63.39,0,0.0,9999-01-01,-999.0,INVALID,-999.0,0.3407270220699989
POL-016448,INS-00393,2024-05-10,2023-12-08,2024-12-07,APD,13,2.1,3,46.3,7.9,471.4,service,fl,0,1,8668.6,500,500,7032.21,monthly,25.14,3,0.0,,0.0,,0.0,0.5678978319584265
POL-017949,INS-00466,2024-04-09,2023-12-24,2024-12-23,AL,8,5.8,3,49.7,4.9,455.7,service,tx,0,0,0.0,1000,1000,7606.57,quarterly,63.79,1,3.0,,0.0,,0.0,0.5914869718187404
POL-016449,INS-00111,2023-04-03,2023-01-27,2024-01-27,APD,11,3.0,5,39.5,2.4,499.1,trucking,co,0,0,0.0,5000,100,9840.87,annual,51.7,4,1.0,,0.0,,0.0,0.6008247254610529
POL-016450,INS-00337,2023-07-15,2023-02-16,2024-02-16,APD,13,1.6,2,42.3,5.7,511.7,construction,ca,3,2,41760.22,5000,300,9469.48,monthly,80.74,4,0.0,,0.0,,0.0,0.7786859109115207
POL-017950,INS-00066,2023-01-12,2022-12-02,2023-12-02,AL,8,3.8,4,33.6,13.6,162.9,retail,ca,0,0,0.0,500,300,7916.31,monthly,33.24,3,0.0,,0.0,,0.0,0.3600813013345659
POL-016451,INS-00138,2024-06-10,2024-04-14,2025-04-14,APD,11,3.4,6,56.8,1.0,130.6,service,ga,1,0,9745.92,250,300,12156.3,annual,49.43019157088123,0,1.0,,0.0,,0.0,0.5835944834717279
POL-017951,INS-00584,2023-02-05,2023-01-26,2024-01-26,AL,5,5.6,8,37.4,7.7,83.7,service,oh,0,1,38443.31,250,100,20551.29,annual,46.59,1,1.0,,0.0,,0.0,0.3330017305501871
POL-017952,INS-00511,2023-02-14,2022-09-26,2023-09-26,AL,9,5.3,2,21.0,3.0,323.0,trucking,pa,0,0,0.0,5000,500,13847.17,annual,33.31,3,1.0,,0.0,,0.0,0.5445993832039608
POL-016452,INS-00604,2024-06-01,2024-03-08,2025-03-08,APD,8,2.5,12,46.8,10.3,0.0,retail,tx,0,0,0.0,500,500,15347.87,annual,72.39,0,0.0,9999-01-01,-999.0,INVALID,-999.0,0.5384913112520245
POL-016453,INS-00278,2023-08-01,2023-05-06,2024-05-05,APD,5,6.2,6,29.9,1.0,76.0,trucking,tx,1,1,29591.95,2500,300,9522.95,annual,70.42,2,0.0,,0.0,,0.0,0.4225568033677931
POL-017953,INS-00270,2023-04-07,2022-11-21,2023-11-21,AL,10,5.4,5,44.1,10.7,232.2,other,fl,1,0,5338.68,250,300,14447.68,monthly,3.43,4,0.0,,0.0,,0.0,0.37423890315122743
POL-017954,INS-00666,2024-01-17,2023-08-24,2024-08-23,AL,7,5.6,11,27.9,1.0,173.9,trucking,ca,0,0,0.0,500,500,8956.83,quarterly,62.14,1,1.0,,0.0,,0.0,0.47505880902706654
POL-016454,INS-00607,2024-03-18,2023-11-01,2024-10-31,APD,11,6.2,9,27.0,16.4,197.9,service,tx,0,1,7043.41,500,300,11730.34,monthly,67.67,2,0.0,,0.0,,0.0,0.5711328004072392
POL-016455,INS-00286,2023-07-20,2023-02-28,2024-02-28,APD,6,0.0,5,38.0,4.7,109.8,service,il,0,0,0.0,2500,300,7820.95,quarterly,85.49,1,1.0,,0.0,,0.0,0.4102673815953808
POL-017955,INS-00429,2023-12-04,2023-10-26,2024-10-25,AL,17,2.4,6,50.9,7.1,834.5,trucking,tx,2,0,24763.17,500,500,9487.17,monthly,14.11,5,0.0,,0.0,,0.0,0.7467350004559151
POL-017956,INS-00502,2023-11-17,2023-09-09,2024-09-08,AL,9,4.3,9,56.8,3.6,108.2,retail,pa,0,1,2624.11,250,500,4073.55,annual,53.86,1,0.0,,0.0,,0.0,0.44738419809159996
POL-016456,INS-00578,2024-06-07,2024-05-14,2025-05-14,APD,9,3.3,3,58.2,6.8,0.0,construction,tx,0,0,0.0,500,500,10635.96,annual,2.43,1,0.0,,0.0,,0.0,0.41208505482358826
POL-016457,INS-00270,2024-05-06,2024-01-10,2025-01-09,APD,10,3.7,2,47.1,16.9,423.9,trucking,pa,2,1,72703.65,1000,300,16786.23,quarterly,21.66,3,2.0,,0.0,,0.0,0.5863226269608766
POL-017957,INS-00425,2024-01-14,2023-08-09,2024-08-08,AL,5,3.9,5,30.3,1.1,144.4,construction,tx,1,0,3443.18,2500,300,21574.24,missing,67.62,0,0.0,9999-01-01,-999.0,INVALID,-999.0,0.349264550343501
POL-017958,INS-00368,2024-04-10,2024-02-10,2025-02-09,AL,5,5.0,4,37.7,29.4,92.7,service,nc,1,0,4464.39,2500,300,11282.61,annual,80.26,1,0.0,,0.0,,0.0,0.34544701652851756
POL-016458,INS-00281,2023-07-09,2023-04-19,2024-04-18,APD,9,3.0,6,58.4,6.9,543.2,construction,co,1,3,34744.05,5000,100,7440.84,monthly,72.03,2,0.0,,0.0,,0.0,0.6367245893376463
POL-016459,INS-00333,2024-01-30,2024-01-07,2025-01-06,APD,6,8.3,5,40.6,2.5,126.3,service,wa,0,0,0.0,2500,500,3407.49,monthly,86.03,1,0.0,9999-01-01,-999.0,INVALID,-999.0,0.4543586021810596
POL-017959,INS-00528,2024-04-28,2024-02-06,2025-02-05,AL,9,6.2,7,43.9,6.8,282.5,retail,ca,1,1,31964.2,2500,500,16579.03,annual,18.54,3,1.0,,0.0,,0.0,0.5079564985724336
POL-017960,INS-00086,2023-03-29,2022-11-21,2023-11-21,AL,11,9.2,6,34.2,12.0,207.9,construction,ny,1,1,9322.93,2500,500,18695.1,quarterly,40.72,2,3.0,,0.0,,0.0,0.6519176938612262
POL-016460,INS-00199,2024-04-26,2023-12-31,2024-12-30,APD,5,6.9,6,44.6,2.1,307.6,service,ny,2,2,37870.06,1000,300,12513.76,annual,74.31,1,3.0,,0.0,,0.0,0.6054718180947705
POL-016461,INS-00085,2023-08-25,2023-08-01,2024-07-31,APD,8,7.9,7,35.7,32.5,0.0,service,nc,1,1,10189.38,500,100,10629.23,quarterly,8.31,2,3.0,,0.0,,0.0,0.5236627324665708
POL-017961,INS-00493,2023-07-14,2023-06-26,2024-06-25,AL,12,7.1,4,0.0,5.8,364.5,retail,ca,1,1,28667.1,1000,500,13400.26,quarterly,23.49,2,0.0,9999-01-01,-999.0,INVALID,-999.0,0.5797159065931813
POL-017962,INS-00586,2023-05-31,2023-04-01,2024-03-31,AL,6,3.2,6,0.0,2.4,190.0,trucking,pa,0,0,0.0,250,100,10668.01,annual,1.66,0,2.0,,0.0,,0.0,0.2625834647087042
POL-016462,INS-00556,2024-05-03,2024-01-12,2025-01-11,APD,9,8.1,10,47.8,6.8,393.8,retail,co,0,0,0.0,2500,300,6840.42,quarterly,76.56,3,0.0,,0.0,,0.0,0.5568779295566495
POL-017963,INS-00743,2023-11-25,2023-08-26,2024-08-25,AL,4,3.8,3,53.9,5.7,172.7,trucking,oh,1,0,10167.39,5000,100,16879.01,monthly,12.74,2,0.0,,0.0,,0.0,0.28107684371875563
POL-016463,INS-00447,2023-04-11,2022-12-09,2023-12-09,APD,5,6.4,6,55.1,19.5,184.2,construction,il,0,0,0.0,500,100,5158.55,annual,49.768,1,2.0,,0.0,,0.0,0.38271171945228766
POL-016464,INS-00406,2023-06-06,2023-02-19,2024-02-19,APD,6,3.7,4,33.1,20.6,0.0,retail,il,0,0,0.0,5000,300,8259.68,annual,2.76,0,1.0,,0.0,,0.0,0.32371577251442096
POL-017964,INS-00610,2023-11-27,2023-11-13,2024-11-12,AL,8,5.8,4,37.1,7.6,194.1,other,wa,1,0,13042.96,2500,500,10055.82,quarterly,52.19,1,1.0,,0.0,,0.0,0.4713233594308283
POL-016465,INS-00342,2023-08-01,2023-05-19,2024-05-18,APD,11,4.7,7,0.0,6.1,378.2,retail,fl,0,0,0.0,2500,500,11694.25,annual,14.48,1,0.0,9999-01-01,-999.0,INVALID,-999.0,0.46491523360372505
POL-017965,INS-00064,2023-02-19,2022-09-21,2023-09-21,AL,7,6.5,4,44.2,14.1,128.8,construction,tx,0,1,6677.07,1000,1000,8384.22,annual,74.04,1,0.0,,0.0,,0.0,0.5060007333784049
POL-016466,INS-00268,2023-08-14,2023-07-05,2024-07-04,APD,6,6.5,6,27.5,4.9,164.1,retail,ca,0,0,0.0,2500,500,24628.09,quarterly,11.45,2,0.0,,0.0,,0.0,0.27222712968719504
POL-017966,INS-00023,2023-02-14,2022-11-20,2023-11-20,AL,4,6.3,6,34.3,4.0,129.6,service,nc,0,0,0.0,500,1000,33275.49,annual,35.4,0,0.0,,0.0,,0.0,0.2395532287142655
POL-016467,INS-00399,2023-10-30,2023-06-10,2024-06-09,APD,13,4.5,4,50.0,1.0,510.9,trucking,wa,0,0,0.0,2500,100,4491.19,annual,79.36,2,0.0,,0.0,,0.0,0.7045369329090753
POL-017967,INS-00435,2023-08-22,2023-03-20,2024-03-19,AL,9,2.9,3,37.1,2.3,230.6,service,co,0,1,37316.27,1000,500,7918.18,annual,2.63,2,4.0,,0.0,,0.0,0.48239327408792354
POL-016468,INS-00126,2024-03-19,2023-10-14,2024-10-13,APD,6,6.7,6,36.3,13.9,361.4,construction,fl,0,0,0.0,500,500,11225.67,quarterly,14.99,1,2.0,,0.0,,0.0,0.38312255150071617
POL-017968,INS-00477,2023-05-25,2023-02-09,2024-02-09,AL,15,2.3,5,35.4,14.3,296.3,construction,ga,1,1,17178.34,1000,500,16232.32,quarterly,64.55,2,0.0,,0.0,,0.0,0.709778224813598
POL-016469,INS-00134,2023-09-27,2023-06-02,2024-06-01,APD,9,7.5,4,35.1,1.0,170.5,service,oh,2,1,23838.09,2500,300,17467.0,quarterly,67.77,3,0.0,,0.0,,0.0,0.5904779401660066
POL-017969,INS-00407,2024-01-23,2023-11-20,2024-11-19,AL,10,2.9,9,46.6,2.5,518.4,construction,nc,2,1,24746.79,250,500,8954.6,missing,90.13,2,2.0,,0.0,,0.0,0.7291975052818875
POL-017970,INS-00547,2023-12-09,2023-09-07,2024-09-06,AL,10,6.8,4,43.1,17.4,135.4,retail,wa,1,1,14985.99,1000,1000,30338.11,annual,75.7,0,0.0,9999-01-01,-999.0,INVALID,-999.0,0.5468155375611512
POL-016470,INS-00476,2024-06-11,2024-01-29,2025-01-28,APD,11,4.3,3,42.9,23.9,340.4,retail,ca,0,0,0.0,2500,1000,13502.41,annual,5.51,2,0.0,,0.0,,0.0,0.41804743544793793
POL-016471,INS-00543,2023-03-23,2023-01-02,2024-01-02,APD,4,4.2,4,36.6,15.0,66.9,trucking,fl,0,0,0.0,5000,300,5633.97,annual,53.14,1,0.0,,0.0,,0.0,0.27703161758600514
POL-017971,INS-00244,2023-07-06,2023-05-25,2024-05-24,AL,10,6.5,11,31.5,10.6,401.1,service,fl,2,3,63550.97,250,1000,8301.62,annual,99.61,0,0.0,,0.0,,0.0,0.7433410333100622
POL-017972,INS-00707,2023-11-05,2023-07-26,2024-07-25,AL,12,2.9,8,0.0,10.0,404.8,service,il,0,1,42477.89,500,300,13376.45,quarterly,14.06,2,2.0,,0.0,,0.0,0.5856818300806167
POL-016472,INS-00008,2024-01-30,2023-10-12,2024-10-11,APD,2,9.4,1,26.8,3.1,73.5,construction,oh,0,0,0.0,1000,300,6198.59,annual,51.2,0,2.0,,0.0,,0.0,0.2610746918155685
POL-016473,INS-00625,2023-01-19,2022-11-24,2023-11-24,APD,7,1.6,9,31.4,10.2,327.5,retail,oh,1,0,54797.03,5000,100,4983.17,quarterly,57.59,1,0.0,,0.0,,0.0,0.42918569555200253
POL-017973,INS-00463,2023-07-13,2023-06-02,2024-06-01,AL,7,2.4,6,43.7,6.4,268.9,service,il,1,0,19955.33,5000,500,22777.54,quarterly,92.44,1,0.0,,0.0,,0.0,0.5404255994464153
POL-017974,INS-00260,2023-02-03,2022-09-30,2023-09-30,AL,7,2.6,3,46.8,25.6,238.9,retail,tx,1,0,6664.65,5000,500,3731.02,missing,83.26,1,1.0,,0.0,,0.0,0.5284629630243981
POL-016474,INS-00274,2023-08-04,2023-07-05,2024-07-04,APD,8,7.0,3,42.2,11.7,93.7,service,nc,0,1,12433.45,5000,100,11460.58,monthly,74.17,2,1.0,,0.0,,0.0,0.5031724674504844
POL-016475,INS-00718,2023-01-17,2022-11-23,2023-11-23,APD,6,6.6,6,46.7,5.2,331.2,retail,tx,0,0,0.0,1000,300,5761.52,monthly,75.17,0,0.0,,0.0,,0.0,0.4738178437919657
POL-017975,INS-00354,2023-12-03,2023-08-09,2024-08-08,AL,12,5.4,4,38.8,1.7,183.9,retail,ga,1,0,14803.73,1000,300,7355.35,quarterly,94.47,7,0.0,,0.0,,0.0,0.7263487142881123
POL-017976,INS-00569,2023-07-17,2023-06-08,2024-06-07,AL,5,7.0,8,35.7,1.0,0.0,trucking,ca,1,1,20903.25,5000,500,13119.54,monthly,25.62,1,1.0,,0.0,,0.0,0.5150558452830327
POL-016476,INS-00662,2023-06-02,2023-03-07,2024-03-06,APD,7,2.7,6,33.9,9.2,246.1,construction,ga,1,0,9354.01,500,300,4167.38,monthly,25.32,4,0.0,,0.0,,0.0,0.38840438583600156
POL-016477,INS-00619,2023-04-20,2023-02-26,2024-02-26,APD,7,3.1,5,47.5,5.6,145.1,retail,ca,2,0,44377.67,5000,300,5466.75,monthly,87.53,2,0.0,,0.0,,0.0,0.5257407783617087
POL-017977,INS-00417,2023-11-24,2023-05-29,2024-05-28,AL,12,6.9,1,44.0,1.6,290.6,trucking,co,0,3,43326.86,250,300,9612.78,quarterly,13.8,1,1.0,,0.0,,0.0,0.6846578022430493
POL-017978,INS-00321,2023-10-29,2023-08-02,2024-08-01,AL,10,0.0,5,53.1,24.5,209.8,construction,wa,2,0,12551.68,500,1000,11989.12,monthly,36.94,4,2.0,,0.0,,0.0,0.5602888348905015
POL-016478,INS-00150,2024-02-12,2023-12-29,2024-12-28,APD,10,0.2,6,25.5,7.1,314.6,trucking,il,0,0,0.0,250,1000,6072.47,annual,83.38,4,0.0,,0.0,,0.0,0.5631963990832286
POL-016479,INS-00717,2023-01-24,2022-10-18,2023-10-18,APD,5,6.4,10,36.1,1.6,143.2,construction,ga,0,1,4903.38,500,100,16460.94,quarterly,10.09,0,2.0,,0.0,,0.0,0.30930356020410243
POL-017979,INS-00740,2023-07-27,2023-03-30,2024-03-29,AL,8,5.5,3,47.0,17.4,499.3,service,nc,0,0,0.0,500,500,9419.29,quarterly,81.65,0,0.0,,0.0,,0.0,0.5038865782198769
POL-017980,INS-00515,2024-01-15,2023-09-22,2024-09-21,AL,7,3.4,8,43.6,7.5,110.5,construction,wa,0,0,0.0,5000,500,6361.27,annual,48.04,2,0.0,,0.0,,0.0,0.41739372678020464
POL-016480,INS-00349,2023-09-06,2023-04-09,2024-04-08,APD,15,7.6,6,33.2,3.5,495.4,construction,wa,0,0,0.0,250,500,9223.25,annual,38.07,2,0.0,,0.0,,0.0,0.6682621154090085
POL-016481,INS-00693,2023-04-26,2022-12-16,2023-12-16,APD,4,5.3,7,35.4,6.6,153.0,trucking,il,0,0,0.0,500,300,15549.48,annual,35.84,0,0.0,,0.0,,0.0,0.28628948189322706
POL-017981,INS-00042,2023-12-15,2023-10-08,2024-10-07,AL,8,5.9,4,39.5,1.0,263.0,retail,oh,0,0,0.0,2500,300,7800.97,monthly,52.90282967032967,2,2.0,,0.0,,0.0,0.4599830183480107
POL-017982,INS-00198,2024-04-30,2024-02-11,2025-02-10,AL,8,7.3,7,37.4,1.0,274.3,service,ny,0,0,0.0,1000,1000,6553.5,quarterly,49.42157509157509,1,0.0,,0.0,,0.0,0.4490872204731854
POL-016482,INS-00558,2023-11-29,2023-09-20,2024-09-19,APD,13,5.1,10,44.1,20.4,0.0,trucking,az,1,1,12517.02,500,500,3466.0,annual,44.48,1,0.0,,0.0,,0.0,0.661776323615708
POL-016483,INS-00166,2023-07-31,2023-03-15,2024-03-14,APD,6,6.5,4,36.1,3.6,234.4,retail,il,0,0,0.0,2500,300,4266.15,quarterly,23.43,1,0.0,,0.0,,0.0,0.30348169101337996
POL-017983,INS-00179,2023-01-17,2022-09-02,2023-09-02,AL,6,1.4,2,44.1,4.9,167.4,trucking,ny,0,0,0.0,5000,300,11994.25,monthly,40.47,1,1.0,,0.0,,0.0,0.39469421309602065
POL-017984,INS-00629,2023-05-25,2023-01-08,2024-01-08,AL,8,2.8,7,46.4,4.0,169.4,service,il,1,0,3569.56,5000,300,6117.35,annual,49.42157509157509,2,0.0,,0.0,,0.0,0.41028045300180005
POL-016484,INS-00450,2024-06-17,2024-03-07,2025-03-07,APD,9,4.0,8,35.6,5.0,259.7,trucking,nc,3,1,60467.27,2500,500,7900.31,monthly,83.54,1,0.0,,0.0,,0.0,0.6763074265330311
POL-016485,INS-00546,2024-03-27,2024-03-25,2025-03-25,APD,4,5.3,5,43.8,16.0,46.7,construction,ny,0,0,0.0,5000,100,6132.48,quarterly,84.03,1,0.0,,0.0,,0.0,0.32458451946541894
POL-017985,INS-00406,2023-03-13,2022-09-16,2023-09-16,AL,8,7.5,6,50.1,18.0,49.9,retail,az,2,1,125616.04,250,300,13875.2,quarterly,98.82,2,0.0,,0.0,,0.0,0.6426625690117831
POL-017986,INS-00060,2024-03-14,2023-10-14,2024-10-13,AL,5,6.0,4,30.4,29.9,308.1,retail,co,1,0,15012.76,5000,500,40000.0,quarterly,35.06,2,0.0,,0.0,,0.0,0.4070378915651895
POL-016486,INS-00547,2024-06-24,2024-01-15,2025-01-14,APD,7,8.2,7,44.0,18.1,90.0,retail,ca,0,1,6105.9,5000,1000,7044.62,annual,59.7,1,0.0,,0.0,,0.0,0.4106638452751787
POL-017987,INS-00537,2024-04-07,2023-10-26,2024-10-25,AL,8,10.0,2,22.8,1.4,143.1,construction,wa,4,2,42718.49,500,100,18414.06,annual,45.21,2,2.0,,0.0,,0.0,0.5480410058996629
POL-016487,INS-00158,2024-02-11,2023-11-05,2024-11-04,APD,8,7.4,5,51.5,5.6,357.4,retail,fl,0,0,0.0,500,300,11469.28,quarterly,94.1,4,0.0,,0.0,,0.0,0.5623045277883846
POL-016488,INS-00402,2023-12-26,2023-09-20,2024-09-19,APD,6,6.9,3,36.9,2.4,486.5,trucking,pa,2,0,37609.69,250,300,17422.41,monthly,54.11,2,0.0,,0.0,,0.0,0.59307789889826
POL-017988,INS-00540,2023-11-21,2023-11-06,2024-11-05,AL,6,9.5,7,34.1,1.5,267.1,trucking,co,0,0,0.0,500,300,8025.65,annual,65.76,1,1.0,,0.0,,0.0,0.4119315026593703
POL-017989,INS-00673,2024-04-22,2024-01-02,2025-01-01,AL,11,5.8,4,54.1,10.2,0.0,trucking,tx,0,1,3281.48,250,100,11800.36,monthly,18.95,2,0.0,,0.0,,0.0,0.5560594991873721
POL-016489,INS-00121,2023-04-02,2023-01-08,2024-01-08,APD,7,3.1,4,38.7,11.6,70.8,trucking,wa,0,0,0.0,5000,300,12405.46,annual,30.66,2,1.0,9999-01-01,-999.0,INVALID,-999.0,0.34423244441379247
POL-016490,INS-00258,2024-05-23,2024-03-03,2025-03-03,APD,4,3.7,6,33.8,39.4,97.9,construction,tx,0,0,0.0,1000,500,6441.15,annual,75.6,0,2.0,,0.0,,0.0,0.3643651849500517
POL-017990,INS-00060,2023-07-06,2023-01-14,2024-01-14,AL,2,10.0,7,50.4,4.9,16.9,retail,az,0,0,0.0,250,1000,12502.16,quarterly,39.37,1,0.0,,0.0,,0.0,0.2697578901153847
POL-016491,INS-00141,2023-03-24,2023-03-06,2024-03-05,APD,7,5.6,4,30.3,20.4,426.8,trucking,az,1,1,11749.92,2500,300,12669.11,monthly,0.55,0,1.0,,0.0,,0.0,0.453265796453021
POL-017991,INS-00360,2023-12-25,2023-07-30,2024-07-29,AL,11,4.0,6,35.5,13.0,320.6,retail,oh,0,1,8211.5,250,500,23356.73,annual,52.90282967032967,2,1.0,9999-01-01,-999.0,INVALID,-999.0,0.5724349732577193
POL-017992,INS-00375,2023-12-14,2023-10-09,2024-10-08,AL,5,7.8,7,39.0,2.7,107.9,retail,co,0,1,6060.37,500,500,10469.88,monthly,73.89,2,2.0,,0.0,,0.0,0.4617549252856021
POL-016492,INS-00090,2023-08-25,2023-07-12,2024-07-11,APD,8,6.2,7,36.6,1.0,156.1,retail,co,0,1,9141.23,1000,1000,5998.72,missing,77.37,1,2.0,,0.0,,0.0,0.5189890766270053
POL-016493,INS-00537,2023-04-10,2023-01-11,2024-01-11,APD,11,1.5,9,44.1,8.9,0.0,retail,wa,0,1,4901.89,1000,100,9290.52,annual,87.0,2,0.0,,0.0,,0.0,0.6390821079818866
POL-017993,INS-00061,2023-11-10,2023-10-08,2024-10-07,AL,5,5.5,5,31.8,7.0,84.3,trucking,ga,0,0,0.0,5000,1000,8842.25,quarterly,8.5,1,0.0,,0.0,,0.0,0.368550867440797
POL-017994,INS-00554,2024-04-10,2023-11-24,2024-11-23,AL,7,4.9,5,42.8,9.2,92.8,trucking,tx,1,0,13916.3,250,500,17543.62,monthly,50.22245,1,2.0,9999-01-01,-999.0,INVALID,-999.0,0.42478122325516027
POL-016494,INS-00627,2024-03-08,2023-11-16,2024-11-15,APD,8,5.8,11,42.9,5.9,65.3,service,az,0,0,0.0,1000,100,10742.31,annual,40.1,1,0.0,,0.0,,0.0,0.39767396046963893
POL-016495,INS-00155,2023-10-28,2023-06-15,2024-06-14,APD,6,3.7,13,35.2,1.0,115.9,retail,ny,0,0,0.0,2500,500,13824.95,monthly,64.36,0,0.0,,0.0,,0.0,0.3774925575179473
POL-017995,INS-00142,2023-08-04,2023-03-13,2024-03-12,AL,7,2.3,7,53.6,2.8,268.1,retail,ca,0,0,0.0,2500,500,7185.33,quarterly,38.46,2,0.0,,0.0,,0.0,0.4230901523918357
POL-017996,INS-00297,2024-04-13,2024-01-03,2025-01-02,AL,6,7.5,6,37.1,4.8,96.0,construction,ca,1,1,22523.45,5000,1000,6813.01,quarterly,66.45,1,2.0,,0.0,,0.0,0.607516625775753
POL-016496,INS-00376,2024-02-03,2023-12-28,2024-12-27,APD,6,6.3,5,36.2,1.6,253.8,trucking,az,0,0,0.0,250,1000,9034.45,annual,81.31,0,3.0,,0.0,,0.0,0.5625706950178104
POL-016497,INS-00318,2024-02-04,2023-10-13,2024-10-12,APD,10,5.0,6,22.6,10.3,135.6,trucking,pa,1,2,76109.76,1000,100,3823.06,annual,56.21,2,3.0,,0.0,,0.0,0.581251737875465
POL-017997,INS-00698,2023-03-31,2023-02-02,2024-02-02,AL,9,4.4,6,31.6,32.8,209.3,trucking,wa,0,0,0.0,5000,300,15145.47,monthly,87.61,5,0.0,,0.0,,0.0,0.6444843283081731
POL-017998,INS-00182,2024-02-19,2023-10-01,2024-09-30,AL,5,4.9,11,49.0,13.0,109.9,construction,nc,0,0,0.0,2500,300,19809.6,quarterly,79.64,1,0.0,,0.0,,0.0,0.409200740181829
POL-016498,INS-00435,2024-04-02,2023-10-29,2024-10-28,APD,10,4.8,9,0.0,33.0,263.1,trucking,tx,1,1,9415.12,2500,100,8747.25,annual,88.08,2,0.0,,0.0,,0.0,0.6383592588933845
POL-017999,INS-00225,2023-09-08,2023-05-19,2024-05-18,AL,7,4.6,2,38.2,3.0,153.7,rideshare,az,2,0,14967.96,500,500,40000.0,annual,6.1,1,2.0,,0.0,,0.0,0.3073179734518639
POL-016499,INS-00231,2024-03-02,2023-10-02,2024-10-01,APD,10,5.2,4,47.4,1.0,177.0,trucking,wa,1,0,9788.56,1000,500,6036.61,monthly,45.68,1,3.0,,0.0,,0.0,0.6147030276907318
POL-016500,INS-00066,2023-07-29,2023-02-01,2024-02-01,APD,10,6.6,2,34.7,1.4,189.2,trucking,az,0,0,0.0,250,100,5011.55,monthly,1.52,2,0.0,,0.0,,0.0,0.38957461805901805
POL-018000,INS-00532,2024-05-22,2024-03-24,2025-03-24,AL,11,3.7,5,50.4,11.7,304.5,other,ga,0,0,0.0,2500,100,18749.26,monthly,45.134166666666665,2,1.0,,0.0,,0.0,0.4804642826442193
